experiment,algorithm,repeat,fold,row_index,y_true,prob_malignant,pred_default_0_5,selected_threshold,pred_at_95_specificity
main_scaled,Logistic Regression,1,1,5,1,0.7510689410389725,1,0.44566030590545697,1
main_scaled,Logistic Regression,1,1,18,1,0.9999476422563491,1,0.44566030590545697,1
main_scaled,Logistic Regression,1,1,26,1,0.9893302707424295,1,0.44566030590545697,1
main_scaled,Logistic Regression,1,1,29,1,0.8359557289015528,1,0.44566030590545697,1
main_scaled,Logistic Regression,1,1,34,1,0.9807034583538603,1,0.44566030590545697,1
main_scaled,Logistic Regression,1,1,36,1,0.8305043576005869,1,0.44566030590545697,1
main_scaled,Logistic Regression,1,1,39,1,0.6918956024928562,1,0.44566030590545697,1
main_scaled,Logistic Regression,1,1,40,1,0.15507849943800942,0,0.44566030590545697,0
main_scaled,Logistic Regression,1,1,50,0,0.010323843829974215,0,0.44566030590545697,0
main_scaled,Logistic Regression,1,1,52,0,0.006406634728878406,0,0.44566030590545697,0
main_scaled,Logistic Regression,1,1,56,1,0.999716190760202,1,0.44566030590545697,1
main_scaled,Logistic Regression,1,1,64,1,0.9482488851194444,1,0.44566030590545697,1
main_scaled,Logistic Regression,1,1,65,1,0.9449007610438548,1,0.44566030590545697,1
main_scaled,Logistic Regression,1,1,70,1,0.9971957230464785,1,0.44566030590545697,1
main_scaled,Logistic Regression,1,1,71,0,9.381198872006527e-05,0,0.44566030590545697,0
main_scaled,Logistic Regression,1,1,76,0,0.01406840657771155,0,0.44566030590545697,0
main_scaled,Logistic Regression,1,1,86,1,0.6196016611994224,1,0.44566030590545697,1
main_scaled,Logistic Regression,1,1,94,1,0.9536126902016568,1,0.44566030590545697,1
main_scaled,Logistic Regression,1,1,100,1,0.7055082296344651,1,0.44566030590545697,1
main_scaled,Logistic Regression,1,1,101,0,0.00016816326465012686,0,0.44566030590545697,0
main_scaled,Logistic Regression,1,1,104,0,0.004161150871534675,0,0.44566030590545697,0
main_scaled,Logistic Regression,1,1,110,0,0.0034629035558110767,0,0.44566030590545697,0
main_scaled,Logistic Regression,1,1,115,0,0.04299972578679611,0,0.44566030590545697,0
main_scaled,Logistic Regression,1,1,121,1,0.9928322500722828,1,0.44566030590545697,1
main_scaled,Logistic Regression,1,1,131,1,0.9353289362158909,1,0.44566030590545697,1
main_scaled,Logistic Regression,1,1,133,0,0.20757933189944264,0,0.44566030590545697,0
main_scaled,Logistic Regression,1,1,137,0,0.006138122798939843,0,0.44566030590545697,0
main_scaled,Logistic Regression,1,1,145,0,0.003880839107225507,0,0.44566030590545697,0
main_scaled,Logistic Regression,1,1,156,1,0.9885325642082283,1,0.44566030590545697,1
main_scaled,Logistic Regression,1,1,170,0,0.01061727727349882,0,0.44566030590545697,0
main_scaled,Logistic Regression,1,1,172,1,0.8741206729348264,1,0.44566030590545697,1
main_scaled,Logistic Regression,1,1,173,0,0.0006074591569584249,0,0.44566030590545697,0
main_scaled,Logistic Regression,1,1,182,1,0.9345600239826584,1,0.44566030590545697,1
main_scaled,Logistic Regression,1,1,184,1,0.5465979169367443,1,0.44566030590545697,1
main_scaled,Logistic Regression,1,1,186,1,0.9221922400454602,1,0.44566030590545697,1
main_scaled,Logistic Regression,1,1,191,0,0.023829418564467013,0,0.44566030590545697,0
main_scaled,Logistic Regression,1,1,203,1,0.9992003474139204,1,0.44566030590545697,1
main_scaled,Logistic Regression,1,1,207,1,0.8582959328760804,1,0.44566030590545697,1
main_scaled,Logistic Regression,1,1,208,0,0.3302784827342417,0,0.44566030590545697,0
main_scaled,Logistic Regression,1,1,212,1,0.9999999956702592,1,0.44566030590545697,1
main_scaled,Logistic Regression,1,1,214,1,0.9605284961288929,1,0.44566030590545697,1
main_scaled,Logistic Regression,1,1,227,0,0.1397080955669794,0,0.44566030590545697,0
main_scaled,Logistic Regression,1,1,231,0,0.0096171429088732,0,0.44566030590545697,0
main_scaled,Logistic Regression,1,1,234,0,0.00189062501378098,0,0.44566030590545697,0
main_scaled,Logistic Regression,1,1,241,0,0.002353214575995996,0,0.44566030590545697,0
main_scaled,Logistic Regression,1,1,246,0,0.01426420643063906,0,0.44566030590545697,0
main_scaled,Logistic Regression,1,1,248,0,0.07301160662535613,0,0.44566030590545697,0
main_scaled,Logistic Regression,1,1,251,0,0.013360509908480662,0,0.44566030590545697,0
main_scaled,Logistic Regression,1,1,252,1,0.9998440576181864,1,0.44566030590545697,1
main_scaled,Logistic Regression,1,1,255,1,0.44566030590545697,0,0.44566030590545697,1
main_scaled,Logistic Regression,1,1,258,1,0.9999130973311658,1,0.44566030590545697,1
main_scaled,Logistic Regression,1,1,266,0,0.014171741865724136,0,0.44566030590545697,0
main_scaled,Logistic Regression,1,1,293,0,0.025461850297353622,0,0.44566030590545697,0
main_scaled,Logistic Regression,1,1,305,0,0.014582583733297237,0,0.44566030590545697,0
main_scaled,Logistic Regression,1,1,306,0,0.00448628375428206,0,0.44566030590545697,0
main_scaled,Logistic Regression,1,1,317,1,0.9758471392331852,1,0.44566030590545697,1
main_scaled,Logistic Regression,1,1,319,0,0.0014634891528644942,0,0.44566030590545697,0
main_scaled,Logistic Regression,1,1,326,0,0.010168968647972901,0,0.44566030590545697,0
main_scaled,Logistic Regression,1,1,328,1,0.9740699127910543,1,0.44566030590545697,1
main_scaled,Logistic Regression,1,1,329,1,0.7319463244640272,1,0.44566030590545697,1
main_scaled,Logistic Regression,1,1,330,1,0.852497730890134,1,0.44566030590545697,1
main_scaled,Logistic Regression,1,1,334,0,0.008732699879782263,0,0.44566030590545697,0
main_scaled,Logistic Regression,1,1,338,0,0.007659015768208449,0,0.44566030590545697,0
main_scaled,Logistic Regression,1,1,341,0,0.005374618634645756,0,0.44566030590545697,0
main_scaled,Logistic Regression,1,1,342,0,0.011678831275510152,0,0.44566030590545697,0
main_scaled,Logistic Regression,1,1,343,1,0.9995199495099065,1,0.44566030590545697,1
main_scaled,Logistic Regression,1,1,365,1,0.9964052145615258,1,0.44566030590545697,1
main_scaled,Logistic Regression,1,1,370,1,0.996605333864557,1,0.44566030590545697,1
main_scaled,Logistic Regression,1,1,372,1,0.9850239117431532,1,0.44566030590545697,1
main_scaled,Logistic Regression,1,1,375,0,0.17621608260083332,0,0.44566030590545697,0
main_scaled,Logistic Regression,1,1,376,0,0.014421565693588207,0,0.44566030590545697,0
main_scaled,Logistic Regression,1,1,388,0,0.0022252066937849344,0,0.44566030590545697,0
main_scaled,Logistic Regression,1,1,392,1,0.996343393853776,1,0.44566030590545697,1
main_scaled,Logistic Regression,1,1,395,0,0.021058810629724898,0,0.44566030590545697,0
main_scaled,Logistic Regression,1,1,397,0,0.011134208944810176,0,0.44566030590545697,0
main_scaled,Logistic Regression,1,1,401,0,0.007543560489084828,0,0.44566030590545697,0
main_scaled,Logistic Regression,1,1,403,0,0.019282059527650348,0,0.44566030590545697,0
main_scaled,Logistic Regression,1,1,407,0,0.018305243297720472,0,0.44566030590545697,0
main_scaled,Logistic Regression,1,1,413,0,0.5189691621056929,1,0.44566030590545697,1
main_scaled,Logistic Regression,1,1,417,1,0.9997533722227184,1,0.44566030590545697,1
main_scaled,Logistic Regression,1,1,420,0,0.028289411198192106,0,0.44566030590545697,0
main_scaled,Logistic Regression,1,1,428,0,0.0008686953688789015,0,0.44566030590545697,0
main_scaled,Logistic Regression,1,1,430,1,0.9771133086271844,1,0.44566030590545697,1
main_scaled,Logistic Regression,1,1,435,1,0.8130731397692275,1,0.44566030590545697,1
main_scaled,Logistic Regression,1,1,437,0,0.04872636979760454,0,0.44566030590545697,0
main_scaled,Logistic Regression,1,1,440,0,0.07061458334978696,0,0.44566030590545697,0
main_scaled,Logistic Regression,1,1,450,0,0.00826226810107777,0,0.44566030590545697,0
main_scaled,Logistic Regression,1,1,456,0,0.24607081122065338,0,0.44566030590545697,0
main_scaled,Logistic Regression,1,1,464,0,0.037393727714432036,0,0.44566030590545697,0
main_scaled,Logistic Regression,1,1,465,0,0.2575531154503194,0,0.44566030590545697,0
main_scaled,Logistic Regression,1,1,466,0,0.22021597637559934,0,0.44566030590545697,0
main_scaled,Logistic Regression,1,1,467,0,0.0038046578639596945,0,0.44566030590545697,0
main_scaled,Logistic Regression,1,1,469,0,0.23458690031364013,0,0.44566030590545697,0
main_scaled,Logistic Regression,1,1,472,0,0.08651583028585748,0,0.44566030590545697,0
main_scaled,Logistic Regression,1,1,477,0,0.012629352074566506,0,0.44566030590545697,0
main_scaled,Logistic Regression,1,1,482,0,0.05267635264263892,0,0.44566030590545697,0
main_scaled,Logistic Regression,1,1,486,0,0.07643997097009521,0,0.44566030590545697,0
main_scaled,Logistic Regression,1,1,488,0,0.038772652979286754,0,0.44566030590545697,0
main_scaled,Logistic Regression,1,1,490,0,0.058410080698244625,0,0.44566030590545697,0
main_scaled,Logistic Regression,1,1,501,1,0.9293440618164686,1,0.44566030590545697,1
main_scaled,Logistic Regression,1,1,511,0,0.01946579559342868,0,0.44566030590545697,0
main_scaled,Logistic Regression,1,1,519,0,0.0639142800786529,0,0.44566030590545697,0
main_scaled,Logistic Regression,1,1,523,0,0.16505286712125053,0,0.44566030590545697,0
main_scaled,Logistic Regression,1,1,526,0,0.319177010619351,0,0.44566030590545697,0
main_scaled,Logistic Regression,1,1,528,0,0.07700216009561829,0,0.44566030590545697,0
main_scaled,Logistic Regression,1,1,529,0,0.010101704972271109,0,0.44566030590545697,0
main_scaled,Logistic Regression,1,1,535,1,0.9994456046458184,1,0.44566030590545697,1
main_scaled,Logistic Regression,1,1,542,0,0.32850025401314625,0,0.44566030590545697,0
main_scaled,Logistic Regression,1,1,549,0,0.038215684599121086,0,0.44566030590545697,0
main_scaled,Logistic Regression,1,1,552,0,0.10129571721596216,0,0.44566030590545697,0
main_scaled,Logistic Regression,1,1,554,0,0.12361242470637193,0,0.44566030590545697,0
main_scaled,Logistic Regression,1,1,555,0,0.0368363554420676,0,0.44566030590545697,0
main_scaled,Logistic Regression,1,1,558,0,0.1241398650041434,0,0.44566030590545697,0
main_scaled,Logistic Regression,1,1,568,0,0.0010705907461433187,0,0.44566030590545697,0
main_scaled,Logistic Regression,1,2,14,1,0.928101052103106,1,0.4245333183052418,1
main_scaled,Logistic Regression,1,2,31,1,0.9195401920896928,1,0.4245333183052418,1
main_scaled,Logistic Regression,1,2,32,1,0.9991661167447752,1,0.4245333183052418,1
main_scaled,Logistic Regression,1,2,33,1,0.9997079715363073,1,0.4245333183052418,1
main_scaled,Logistic Regression,1,2,37,0,0.00295931155600103,0,0.4245333183052418,0
main_scaled,Logistic Regression,1,2,41,1,0.5132399639020574,1,0.4245333183052418,1
main_scaled,Logistic Regression,1,2,44,1,0.6385018862255326,1,0.4245333183052418,1
main_scaled,Logistic Regression,1,2,51,0,0.010257170727739509,0,0.4245333183052418,0
main_scaled,Logistic Regression,1,2,68,0,0.1507404470969918,0,0.4245333183052418,0
main_scaled,Logistic Regression,1,2,75,1,0.9711973700754671,1,0.4245333183052418,1
main_scaled,Logistic Regression,1,2,91,1,0.5107176285686806,1,0.4245333183052418,1
main_scaled,Logistic Regression,1,2,93,0,0.06859667322195905,0,0.4245333183052418,0
main_scaled,Logistic Regression,1,2,103,0,0.016298378801959994,0,0.4245333183052418,0
main_scaled,Logistic Regression,1,2,107,0,0.014905390946805831,0,0.4245333183052418,0
main_scaled,Logistic Regression,1,2,117,1,0.9839719371116233,1,0.4245333183052418,1
main_scaled,Logistic Regression,1,2,126,1,0.7103339005763765,1,0.4245333183052418,1
main_scaled,Logistic Regression,1,2,130,0,0.009802616223509758,0,0.4245333183052418,0
main_scaled,Logistic Regression,1,2,132,1,0.9473909402024937,1,0.4245333183052418,1
main_scaled,Logistic Regression,1,2,140,0,0.0001884978015765095,0,0.4245333183052418,0
main_scaled,Logistic Regression,1,2,142,0,0.010245869202016302,0,0.4245333183052418,0
main_scaled,Logistic Regression,1,2,144,0,0.0009364966032009972,0,0.4245333183052418,0
main_scaled,Logistic Regression,1,2,146,1,0.4896360630749742,0,0.4245333183052418,1
main_scaled,Logistic Regression,1,2,149,0,0.012351089348143891,0,0.4245333183052418,0
main_scaled,Logistic Regression,1,2,150,0,0.08049258256948048,0,0.4245333183052418,0
main_scaled,Logistic Regression,1,2,152,0,0.04813355149917634,0,0.4245333183052418,0
main_scaled,Logistic Regression,1,2,153,0,0.0019598960600046306,0,0.4245333183052418,0
main_scaled,Logistic Regression,1,2,158,0,0.003250207029481487,0,0.4245333183052418,0
main_scaled,Logistic Regression,1,2,159,0,0.001067355451000153,0,0.4245333183052418,0
main_scaled,Logistic Regression,1,2,180,1,0.9999999562810332,1,0.4245333183052418,1
main_scaled,Logistic Regression,1,2,181,1,0.9999953760510708,1,0.4245333183052418,1
main_scaled,Logistic Regression,1,2,185,0,0.0028293463515055876,0,0.4245333183052418,0
main_scaled,Logistic Regression,1,2,187,0,0.015629427427913983,0,0.4245333183052418,0
main_scaled,Logistic Regression,1,2,188,0,0.007505604516328906,0,0.4245333183052418,0
main_scaled,Logistic Regression,1,2,190,1,0.8690855833590728,1,0.4245333183052418,1
main_scaled,Logistic Regression,1,2,202,1,0.9999974251304385,1,0.4245333183052418,1
main_scaled,Logistic Regression,1,2,206,0,0.0030744801770024427,0,0.4245333183052418,0
main_scaled,Logistic Regression,1,2,211,0,0.009778921010585495,0,0.4245333183052418,0
main_scaled,Logistic Regression,1,2,216,0,0.05395272917129735,0,0.4245333183052418,0
main_scaled,Logistic Regression,1,2,230,1,0.9933467953940045,1,0.4245333183052418,1
main_scaled,Logistic Regression,1,2,243,0,0.05071484748807948,0,0.4245333183052418,0
main_scaled,Logistic Regression,1,2,245,0,0.022154508701343948,0,0.4245333183052418,0
main_scaled,Logistic Regression,1,2,256,1,0.9999423405182428,1,0.4245333183052418,1
main_scaled,Logistic Regression,1,2,261,1,0.7322083324114556,1,0.4245333183052418,1
main_scaled,Logistic Regression,1,2,268,0,0.019995108672808355,0,0.4245333183052418,0
main_scaled,Logistic Regression,1,2,270,0,0.00268658187376313,0,0.4245333183052418,0
main_scaled,Logistic Regression,1,2,272,1,0.9999911494729489,1,0.4245333183052418,1
main_scaled,Logistic Regression,1,2,275,0,0.06363866846467522,0,0.4245333183052418,0
main_scaled,Logistic Regression,1,2,276,0,0.0011766893827279638,0,0.4245333183052418,0
main_scaled,Logistic Regression,1,2,281,0,0.010556850880498207,0,0.4245333183052418,0
main_scaled,Logistic Regression,1,2,283,1,0.907100671302459,1,0.4245333183052418,1
main_scaled,Logistic Regression,1,2,288,0,0.010853847438547832,0,0.4245333183052418,0
main_scaled,Logistic Regression,1,2,289,0,0.006288819036067188,0,0.4245333183052418,0
main_scaled,Logistic Regression,1,2,292,0,0.034533678368599725,0,0.4245333183052418,0
main_scaled,Logistic Regression,1,2,296,0,0.00013390993899350362,0,0.4245333183052418,0
main_scaled,Logistic Regression,1,2,301,0,0.014250057949518582,0,0.4245333183052418,0
main_scaled,Logistic Regression,1,2,302,1,0.9999176866667225,1,0.4245333183052418,1
main_scaled,Logistic Regression,1,2,304,0,0.0034632485983017614,0,0.4245333183052418,0
main_scaled,Logistic Regression,1,2,323,1,0.9999903167578628,1,0.4245333183052418,1
main_scaled,Logistic Regression,1,2,324,0,0.007984848831581,0,0.4245333183052418,0
main_scaled,Logistic Regression,1,2,325,0,0.012724636269358736,0,0.4245333183052418,0
main_scaled,Logistic Regression,1,2,337,1,0.9994783096779377,1,0.4245333183052418,1
main_scaled,Logistic Regression,1,2,344,0,0.01726083984962948,0,0.4245333183052418,0
main_scaled,Logistic Regression,1,2,348,0,0.006458945376573119,0,0.4245333183052418,0
main_scaled,Logistic Regression,1,2,351,1,0.9793817036337162,1,0.4245333183052418,1
main_scaled,Logistic Regression,1,2,357,0,0.015763505807990602,0,0.4245333183052418,0
main_scaled,Logistic Regression,1,2,360,0,0.0027083831764124853,0,0.4245333183052418,0
main_scaled,Logistic Regression,1,2,366,1,0.9998985118323688,1,0.4245333183052418,1
main_scaled,Logistic Regression,1,2,368,1,0.9999949953641226,1,0.4245333183052418,1
main_scaled,Logistic Regression,1,2,378,0,0.024839916296314532,0,0.4245333183052418,0
main_scaled,Logistic Regression,1,2,383,0,0.04367658746275171,0,0.4245333183052418,0
main_scaled,Logistic Regression,1,2,384,0,0.013292307711862409,0,0.4245333183052418,0
main_scaled,Logistic Regression,1,2,385,1,0.5751999135634349,1,0.4245333183052418,1
main_scaled,Logistic Regression,1,2,390,0,0.0011194051645450412,0,0.4245333183052418,0
main_scaled,Logistic Regression,1,2,393,1,0.9999875681488819,1,0.4245333183052418,1
main_scaled,Logistic Regression,1,2,394,0,0.03697756572293461,0,0.4245333183052418,0
main_scaled,Logistic Regression,1,2,396,0,0.2584864791875167,0,0.4245333183052418,0
main_scaled,Logistic Regression,1,2,402,0,0.0098195349739141,0,0.4245333183052418,0
main_scaled,Logistic Regression,1,2,408,1,0.9877541662963699,1,0.4245333183052418,1
main_scaled,Logistic Regression,1,2,423,0,0.14591411720203956,0,0.4245333183052418,0
main_scaled,Logistic Regression,1,2,425,0,0.0014062750307297501,0,0.4245333183052418,0
main_scaled,Logistic Regression,1,2,427,0,0.0355133868985778,0,0.4245333183052418,0
main_scaled,Logistic Regression,1,2,429,0,0.00424552108384226,0,0.4245333183052418,0
main_scaled,Logistic Regression,1,2,432,1,0.9988188122791212,1,0.4245333183052418,1
main_scaled,Logistic Regression,1,2,445,0,0.07652570989090182,0,0.4245333183052418,0
main_scaled,Logistic Regression,1,2,452,0,0.048137030087492275,0,0.4245333183052418,0
main_scaled,Logistic Regression,1,2,461,1,0.9999999999995959,1,0.4245333183052418,1
main_scaled,Logistic Regression,1,2,462,0,0.07801261506556141,0,0.4245333183052418,0
main_scaled,Logistic Regression,1,2,468,1,0.9960983059161119,1,0.4245333183052418,1
main_scaled,Logistic Regression,1,2,473,0,0.01800916860267408,0,0.4245333183052418,0
main_scaled,Logistic Regression,1,2,478,0,0.008254105282279219,0,0.4245333183052418,0
main_scaled,Logistic Regression,1,2,487,1,0.9996152407091238,1,0.4245333183052418,1
main_scaled,Logistic Regression,1,2,489,1,0.5604275670662769,1,0.4245333183052418,1
main_scaled,Logistic Regression,1,2,491,0,0.207056806893148,0,0.4245333183052418,0
main_scaled,Logistic Regression,1,2,492,1,0.9902222162472577,1,0.4245333183052418,1
main_scaled,Logistic Regression,1,2,497,0,0.02598652782489036,0,0.4245333183052418,0
main_scaled,Logistic Regression,1,2,503,1,0.9999977701805859,1,0.4245333183052418,1
main_scaled,Logistic Regression,1,2,509,1,0.9855778137229723,1,0.4245333183052418,1
main_scaled,Logistic Regression,1,2,514,1,0.4245333183052418,0,0.4245333183052418,1
main_scaled,Logistic Regression,1,2,515,0,0.01985397912106147,0,0.4245333183052418,0
main_scaled,Logistic Regression,1,2,517,1,0.9968383092688501,1,0.4245333183052418,1
main_scaled,Logistic Regression,1,2,524,0,0.00239949310765139,0,0.4245333183052418,0
main_scaled,Logistic Regression,1,2,525,0,0.0012717859712394275,0,0.4245333183052418,0
main_scaled,Logistic Regression,1,2,532,0,0.028185793124494745,0,0.4245333183052418,0
main_scaled,Logistic Regression,1,2,537,0,0.2236113737765789,0,0.4245333183052418,0
main_scaled,Logistic Regression,1,2,538,0,0.0010479720324039078,0,0.4245333183052418,0
main_scaled,Logistic Regression,1,2,544,0,0.03599981401022442,0,0.4245333183052418,0
main_scaled,Logistic Regression,1,2,545,0,0.08302432938894175,0,0.4245333183052418,0
main_scaled,Logistic Regression,1,2,546,0,0.001351861583242271,0,0.4245333183052418,0
main_scaled,Logistic Regression,1,2,548,0,0.0019485656571987166,0,0.4245333183052418,0
main_scaled,Logistic Regression,1,2,551,0,0.008567524268285266,0,0.4245333183052418,0
main_scaled,Logistic Regression,1,2,561,0,0.004047773714155986,0,0.4245333183052418,0
main_scaled,Logistic Regression,1,2,562,1,0.9991982718093358,1,0.4245333183052418,1
main_scaled,Logistic Regression,1,2,563,1,0.9999941653853396,1,0.4245333183052418,1
main_scaled,Logistic Regression,1,2,565,1,0.9996464314700839,1,0.4245333183052418,1
main_scaled,Logistic Regression,1,3,2,1,0.9998004873838212,1,0.5520594938745338,1
main_scaled,Logistic Regression,1,3,6,1,0.995178928825457,1,0.5520594938745338,1
main_scaled,Logistic Regression,1,3,13,1,0.5856359831304773,1,0.5520594938745338,1
main_scaled,Logistic Regression,1,3,21,0,0.0003720906092008872,0,0.5520594938745338,0
main_scaled,Logistic Regression,1,3,23,1,0.9999634676611885,1,0.5520594938745338,1
main_scaled,Logistic Regression,1,3,25,1,0.9995377900502318,1,0.5520594938745338,1
main_scaled,Logistic Regression,1,3,27,1,0.988203881407686,1,0.5520594938745338,1
main_scaled,Logistic Regression,1,3,30,1,0.9999314012484712,1,0.5520594938745338,1
main_scaled,Logistic Regression,1,3,38,1,0.14663432147297456,0,0.5520594938745338,0
main_scaled,Logistic Regression,1,3,45,1,0.999526521504319,1,0.5520594938745338,1
main_scaled,Logistic Regression,1,3,48,0,0.02439295983928289,0,0.5520594938745338,0
main_scaled,Logistic Regression,1,3,49,0,0.20944595684253461,0,0.5520594938745338,0
main_scaled,Logistic Regression,1,3,53,1,0.9812842533443795,1,0.5520594938745338,1
main_scaled,Logistic Regression,1,3,62,1,0.979354715976061,1,0.5520594938745338,1
main_scaled,Logistic Regression,1,3,67,0,0.006645046357993684,0,0.5520594938745338,0
main_scaled,Logistic Regression,1,3,72,1,0.9994522024281917,1,0.5520594938745338,1
main_scaled,Logistic Regression,1,3,73,1,0.17057973594284753,0,0.5520594938745338,0
main_scaled,Logistic Regression,1,3,74,0,0.013401425680116834,0,0.5520594938745338,0
main_scaled,Logistic Regression,1,3,77,1,0.9980474873677427,1,0.5520594938745338,1
main_scaled,Logistic Regression,1,3,78,1,0.9999980290021457,1,0.5520594938745338,1
main_scaled,Logistic Regression,1,3,95,1,0.999389599049142,1,0.5520594938745338,1
main_scaled,Logistic Regression,1,3,97,0,0.0006389517528741454,0,0.5520594938745338,0
main_scaled,Logistic Regression,1,3,99,1,0.5664245823939345,1,0.5520594938745338,1
main_scaled,Logistic Regression,1,3,102,0,0.02228218519632576,0,0.5520594938745338,0
main_scaled,Logistic Regression,1,3,106,0,0.11678289866840953,0,0.5520594938745338,0
main_scaled,Logistic Regression,1,3,112,0,0.1885723548203562,0,0.5520594938745338,0
main_scaled,Logistic Regression,1,3,118,1,0.9981949105608583,1,0.5520594938745338,1
main_scaled,Logistic Regression,1,3,123,0,0.06536452773912522,0,0.5520594938745338,0
main_scaled,Logistic Regression,1,3,129,1,0.9996816059659741,1,0.5520594938745338,1
main_scaled,Logistic Regression,1,3,135,1,0.14610880971109308,0,0.5520594938745338,0
main_scaled,Logistic Regression,1,3,138,1,0.9620901945383332,1,0.5520594938745338,1
main_scaled,Logistic Regression,1,3,139,0,0.002573852822390462,0,0.5520594938745338,0
main_scaled,Logistic Regression,1,3,155,0,0.021082594121273845,0,0.5520594938745338,0
main_scaled,Logistic Regression,1,3,161,1,0.9832554077679625,1,0.5520594938745338,1
main_scaled,Logistic Regression,1,3,162,1,0.999966157233874,1,0.5520594938745338,1
main_scaled,Logistic Regression,1,3,169,0,0.060777984438660324,0,0.5520594938745338,0
main_scaled,Logistic Regression,1,3,175,0,6.163438276556208e-05,0,0.5520594938745338,0
main_scaled,Logistic Regression,1,3,198,1,0.9982509709786065,1,0.5520594938745338,1
main_scaled,Logistic Regression,1,3,201,1,0.9692398354464249,1,0.5520594938745338,1
main_scaled,Logistic Regression,1,3,209,0,0.0584202121600417,0,0.5520594938745338,0
main_scaled,Logistic Regression,1,3,215,1,0.5520594938745338,1,0.5520594938745338,1
main_scaled,Logistic Regression,1,3,217,0,0.0013443617139993094,0,0.5520594938745338,0
main_scaled,Logistic Regression,1,3,225,0,0.17482580819204802,0,0.5520594938745338,0
main_scaled,Logistic Regression,1,3,226,0,0.0010635823787389339,0,0.5520594938745338,0
main_scaled,Logistic Regression,1,3,228,0,0.14276286856696424,0,0.5520594938745338,0
main_scaled,Logistic Regression,1,3,232,0,0.04061785038505496,0,0.5520594938745338,0
main_scaled,Logistic Regression,1,3,238,0,0.37430724916331515,0,0.5520594938745338,0
main_scaled,Logistic Regression,1,3,244,1,0.9974635005881965,1,0.5520594938745338,1
main_scaled,Logistic Regression,1,3,253,1,0.9586698157071408,1,0.5520594938745338,1
main_scaled,Logistic Regression,1,3,267,0,0.03333002267492524,0,0.5520594938745338,0
main_scaled,Logistic Regression,1,3,271,0,0.0026479763158493807,0,0.5520594938745338,0
main_scaled,Logistic Regression,1,3,273,0,0.0013870472503624103,0,0.5520594938745338,0
main_scaled,Logistic Regression,1,3,274,1,0.9496697909823534,1,0.5520594938745338,1
main_scaled,Logistic Regression,1,3,278,0,0.016356816273037218,0,0.5520594938745338,0
main_scaled,Logistic Regression,1,3,284,0,0.00845353540474167,0,0.5520594938745338,0
main_scaled,Logistic Regression,1,3,286,0,0.01704236988532371,0,0.5520594938745338,0
main_scaled,Logistic Regression,1,3,291,0,0.3905744853064531,0,0.5520594938745338,0
main_scaled,Logistic Regression,1,3,294,0,0.0031769155428645317,0,0.5520594938745338,0
main_scaled,Logistic Regression,1,3,297,1,0.00882549278065368,0,0.5520594938745338,0
main_scaled,Logistic Regression,1,3,298,0,0.03444473238770667,0,0.5520594938745338,0
main_scaled,Logistic Regression,1,3,299,0,0.001659022165301695,0,0.5520594938745338,0
main_scaled,Logistic Regression,1,3,303,0,0.0018599022981523581,0,0.5520594938745338,0
main_scaled,Logistic Regression,1,3,307,0,8.972089261392815e-05,0,0.5520594938745338,0
main_scaled,Logistic Regression,1,3,309,0,0.0021860185729639667,0,0.5520594938745338,0
main_scaled,Logistic Regression,1,3,312,0,0.005727874674831417,0,0.5520594938745338,0
main_scaled,Logistic Regression,1,3,313,0,0.0006937537941512781,0,0.5520594938745338,0
main_scaled,Logistic Regression,1,3,327,0,0.0011042781189026807,0,0.5520594938745338,0
main_scaled,Logistic Regression,1,3,349,0,0.004257169210816779,0,0.5520594938745338,0
main_scaled,Logistic Regression,1,3,350,0,0.0021183596281557325,0,0.5520594938745338,0
main_scaled,Logistic Regression,1,3,352,1,0.9999999698360316,1,0.5520594938745338,1
main_scaled,Logistic Regression,1,3,353,1,0.9686877847878694,1,0.5520594938745338,1
main_scaled,Logistic Regression,1,3,354,0,0.0005011413965857987,0,0.5520594938745338,0
main_scaled,Logistic Regression,1,3,355,0,0.014387409922063466,0,0.5520594938745338,0
main_scaled,Logistic Regression,1,3,356,0,0.10990171028977447,0,0.5520594938745338,0
main_scaled,Logistic Regression,1,3,362,0,0.020902401087288067,0,0.5520594938745338,0
main_scaled,Logistic Regression,1,3,371,0,0.01702769416823718,0,0.5520594938745338,0
main_scaled,Logistic Regression,1,3,373,1,0.9993441024866239,1,0.5520594938745338,1
main_scaled,Logistic Regression,1,3,377,0,0.08398290603104128,0,0.5520594938745338,0
main_scaled,Logistic Regression,1,3,387,0,0.005785403421714205,0,0.5520594938745338,0
main_scaled,Logistic Regression,1,3,389,1,0.9951072976038344,1,0.5520594938745338,1
main_scaled,Logistic Regression,1,3,405,0,0.00889787859768745,0,0.5520594938745338,0
main_scaled,Logistic Regression,1,3,406,0,0.19025179612092172,0,0.5520594938745338,0
main_scaled,Logistic Regression,1,3,409,0,0.05407883184630611,0,0.5520594938745338,0
main_scaled,Logistic Regression,1,3,416,0,0.0063933401047320875,0,0.5520594938745338,0
main_scaled,Logistic Regression,1,3,418,0,0.003917612656526106,0,0.5520594938745338,0
main_scaled,Logistic Regression,1,3,424,0,0.006537315265667737,0,0.5520594938745338,0
main_scaled,Logistic Regression,1,3,426,0,0.0066512069924744704,0,0.5520594938745338,0
main_scaled,Logistic Regression,1,3,433,1,0.9981044996556443,1,0.5520594938745338,1
main_scaled,Logistic Regression,1,3,436,0,0.033486129059053606,0,0.5520594938745338,0
main_scaled,Logistic Regression,1,3,441,1,0.9897749105247816,1,0.5520594938745338,1
main_scaled,Logistic Regression,1,3,442,0,0.0034967996925288555,0,0.5520594938745338,0
main_scaled,Logistic Regression,1,3,446,1,0.9993015014497794,1,0.5520594938745338,1
main_scaled,Logistic Regression,1,3,448,0,0.17717881501096533,0,0.5520594938745338,0
main_scaled,Logistic Regression,1,3,453,0,0.06036599663621598,0,0.5520594938745338,0
main_scaled,Logistic Regression,1,3,454,0,0.026680273205871692,0,0.5520594938745338,0
main_scaled,Logistic Regression,1,3,460,1,0.9987450390551044,1,0.5520594938745338,1
main_scaled,Logistic Regression,1,3,463,0,0.013636155225612246,0,0.5520594938745338,0
main_scaled,Logistic Regression,1,3,470,0,0.0047367431404063244,0,0.5520594938745338,0
main_scaled,Logistic Regression,1,3,476,0,0.2101036555947766,0,0.5520594938745338,0
main_scaled,Logistic Regression,1,3,483,0,0.03842486131924011,0,0.5520594938745338,0
main_scaled,Logistic Regression,1,3,485,0,0.06108064860006139,0,0.5520594938745338,0
main_scaled,Logistic Regression,1,3,493,0,0.00040190491556577203,0,0.5520594938745338,0
main_scaled,Logistic Regression,1,3,494,0,0.01889344294465056,0,0.5520594938745338,0
main_scaled,Logistic Regression,1,3,498,1,0.9886803635013466,1,0.5520594938745338,1
main_scaled,Logistic Regression,1,3,499,1,0.999764257132322,1,0.5520594938745338,1
main_scaled,Logistic Regression,1,3,500,0,0.08833597335588267,0,0.5520594938745338,0
main_scaled,Logistic Regression,1,3,502,0,0.03627610744315859,0,0.5520594938745338,0
main_scaled,Logistic Regression,1,3,507,0,0.005326009669683584,0,0.5520594938745338,0
main_scaled,Logistic Regression,1,3,512,1,0.931624349241121,1,0.5520594938745338,1
main_scaled,Logistic Regression,1,3,530,0,0.03592121290447775,0,0.5520594938745338,0
main_scaled,Logistic Regression,1,3,540,0,0.00225410241407942,0,0.5520594938745338,0
main_scaled,Logistic Regression,1,3,543,0,0.12525426725936403,0,0.5520594938745338,0
main_scaled,Logistic Regression,1,3,553,0,0.0005761932406557604,0,0.5520594938745338,0
main_scaled,Logistic Regression,1,3,566,1,0.9217769389882352,1,0.5520594938745338,1
main_scaled,Logistic Regression,1,4,0,1,0.999975774365256,1,0.39016461554065646,1
main_scaled,Logistic Regression,1,4,4,1,0.9919451439089758,1,0.39016461554065646,1
main_scaled,Logistic Regression,1,4,7,1,0.8693113836584633,1,0.39016461554065646,1
main_scaled,Logistic Regression,1,4,8,1,0.9716138153572953,1,0.39016461554065646,1
main_scaled,Logistic Regression,1,4,9,1,0.9933418043256155,1,0.39016461554065646,1
main_scaled,Logistic Regression,1,4,16,1,0.8951428557344911,1,0.39016461554065646,1
main_scaled,Logistic Regression,1,4,19,0,0.11920072283448852,0,0.39016461554065646,0
main_scaled,Logistic Regression,1,4,20,0,0.03498619568245503,0,0.39016461554065646,0
main_scaled,Logistic Regression,1,4,24,1,0.9999112903632225,1,0.39016461554065646,1
main_scaled,Logistic Regression,1,4,42,1,0.9999530336565041,1,0.39016461554065646,1
main_scaled,Logistic Regression,1,4,43,1,0.8041058700384714,1,0.39016461554065646,1
main_scaled,Logistic Regression,1,4,47,1,0.9033490542333822,1,0.39016461554065646,1
main_scaled,Logistic Regression,1,4,54,1,0.724394754857346,1,0.39016461554065646,1
main_scaled,Logistic Regression,1,4,58,0,0.007154557206641158,0,0.39016461554065646,0
main_scaled,Logistic Regression,1,4,59,0,0.0006392827000912022,0,0.39016461554065646,0
main_scaled,Logistic Regression,1,4,60,0,0.003975625785264238,0,0.39016461554065646,0
main_scaled,Logistic Regression,1,4,61,0,0.006235687042070262,0,0.39016461554065646,0
main_scaled,Logistic Regression,1,4,66,0,0.0096826143363557,0,0.39016461554065646,0
main_scaled,Logistic Regression,1,4,79,0,0.04373667113509564,0,0.39016461554065646,0
main_scaled,Logistic Regression,1,4,80,0,0.06013199715630711,0,0.39016461554065646,0
main_scaled,Logistic Regression,1,4,87,1,0.9989767744939062,1,0.39016461554065646,1
main_scaled,Logistic Regression,1,4,89,0,0.40979675776082125,0,0.39016461554065646,1
main_scaled,Logistic Regression,1,4,90,0,0.16057960042416242,0,0.39016461554065646,0
main_scaled,Logistic Regression,1,4,96,0,0.0090066055387553,0,0.39016461554065646,0
main_scaled,Logistic Regression,1,4,105,1,0.8970981404382243,1,0.39016461554065646,1
main_scaled,Logistic Regression,1,4,109,0,0.06099435536589846,0,0.39016461554065646,0
main_scaled,Logistic Regression,1,4,114,0,0.0039771355486638875,0,0.39016461554065646,0
main_scaled,Logistic Regression,1,4,116,0,0.00019759388597475122,0,0.39016461554065646,0
main_scaled,Logistic Regression,1,4,125,0,0.01796542835555862,0,0.39016461554065646,0
main_scaled,Logistic Regression,1,4,128,0,0.36333075136523046,0,0.39016461554065646,0
main_scaled,Logistic Regression,1,4,136,0,0.018249388173042325,0,0.39016461554065646,0
main_scaled,Logistic Regression,1,4,141,1,0.8977225744123345,1,0.39016461554065646,1
main_scaled,Logistic Regression,1,4,143,0,0.05703201246889397,0,0.39016461554065646,0
main_scaled,Logistic Regression,1,4,147,0,0.07285522052091487,0,0.39016461554065646,0
main_scaled,Logistic Regression,1,4,148,0,0.21564620818454774,0,0.39016461554065646,0
main_scaled,Logistic Regression,1,4,151,0,0.006785840367315449,0,0.39016461554065646,0
main_scaled,Logistic Regression,1,4,154,0,0.10772711847443296,0,0.39016461554065646,0
main_scaled,Logistic Regression,1,4,157,0,0.39930937017208135,0,0.39016461554065646,1
main_scaled,Logistic Regression,1,4,160,0,0.10512782804061326,0,0.39016461554065646,0
main_scaled,Logistic Regression,1,4,165,0,0.04315819654167008,0,0.39016461554065646,0
main_scaled,Logistic Regression,1,4,166,0,0.0005762264616511092,0,0.39016461554065646,0
main_scaled,Logistic Regression,1,4,167,1,0.9035183969607783,1,0.39016461554065646,1
main_scaled,Logistic Regression,1,4,168,1,0.9996118521234079,1,0.39016461554065646,1
main_scaled,Logistic Regression,1,4,177,1,0.9547008994501263,1,0.39016461554065646,1
main_scaled,Logistic Regression,1,4,178,0,0.004291114937277093,0,0.39016461554065646,0
main_scaled,Logistic Regression,1,4,189,0,0.004744989858655834,0,0.39016461554065646,0
main_scaled,Logistic Regression,1,4,192,0,0.000152997506330693,0,0.39016461554065646,0
main_scaled,Logistic Regression,1,4,196,1,0.9526619055154175,1,0.39016461554065646,1
main_scaled,Logistic Regression,1,4,200,0,0.13104022269571264,0,0.39016461554065646,0
main_scaled,Logistic Regression,1,4,204,0,0.17284927082114185,0,0.39016461554065646,0
main_scaled,Logistic Regression,1,4,205,1,0.45370541905995226,0,0.39016461554065646,1
main_scaled,Logistic Regression,1,4,210,1,0.9995101107318747,1,0.39016461554065646,1
main_scaled,Logistic Regression,1,4,213,1,0.39016461554065646,0,0.39016461554065646,1
main_scaled,Logistic Regression,1,4,220,0,0.013837442892675638,0,0.39016461554065646,0
main_scaled,Logistic Regression,1,4,229,1,0.906453966098367,1,0.39016461554065646,1
main_scaled,Logistic Regression,1,4,235,0,0.0693881131328249,0,0.39016461554065646,0
main_scaled,Logistic Regression,1,4,237,1,0.9920106440820049,1,0.39016461554065646,1
main_scaled,Logistic Regression,1,4,239,1,0.9995421715594793,1,0.39016461554065646,1
main_scaled,Logistic Regression,1,4,240,0,0.04211518328255026,0,0.39016461554065646,0
main_scaled,Logistic Regression,1,4,250,1,0.9999640210683035,1,0.39016461554065646,1
main_scaled,Logistic Regression,1,4,257,1,0.9868816455497021,1,0.39016461554065646,1
main_scaled,Logistic Regression,1,4,260,1,0.9996637272156006,1,0.39016461554065646,1
main_scaled,Logistic Regression,1,4,262,1,0.9769601788263714,1,0.39016461554065646,1
main_scaled,Logistic Regression,1,4,263,1,0.2846763248403098,0,0.39016461554065646,0
main_scaled,Logistic Regression,1,4,265,1,0.9999995524863519,1,0.39016461554065646,1
main_scaled,Logistic Regression,1,4,277,1,0.8235259609194676,1,0.39016461554065646,1
main_scaled,Logistic Regression,1,4,279,0,0.06462822205981128,0,0.39016461554065646,0
main_scaled,Logistic Regression,1,4,282,1,0.9987667346168617,1,0.39016461554065646,1
main_scaled,Logistic Regression,1,4,285,0,0.0033098545500939145,0,0.39016461554065646,0
main_scaled,Logistic Regression,1,4,290,0,0.024772495571952973,0,0.39016461554065646,0
main_scaled,Logistic Regression,1,4,300,1,0.9999375903319022,1,0.39016461554065646,1
main_scaled,Logistic Regression,1,4,310,0,0.012277987053493845,0,0.39016461554065646,0
main_scaled,Logistic Regression,1,4,311,0,0.026937000400560924,0,0.39016461554065646,0
main_scaled,Logistic Regression,1,4,315,0,0.0016196593783963723,0,0.39016461554065646,0
main_scaled,Logistic Regression,1,4,316,0,0.000970079288927439,0,0.39016461554065646,0
main_scaled,Logistic Regression,1,4,321,1,0.9869060839459975,1,0.39016461554065646,1
main_scaled,Logistic Regression,1,4,322,0,0.03370841210342667,0,0.39016461554065646,0
main_scaled,Logistic Regression,1,4,332,0,0.009378844923165108,0,0.39016461554065646,0
main_scaled,Logistic Regression,1,4,335,1,0.9977463872904591,1,0.39016461554065646,1
main_scaled,Logistic Regression,1,4,347,0,0.13938262204645027,0,0.39016461554065646,0
main_scaled,Logistic Regression,1,4,359,0,0.008155663879936704,0,0.39016461554065646,0
main_scaled,Logistic Regression,1,4,361,0,0.04573965652683058,0,0.39016461554065646,0
main_scaled,Logistic Regression,1,4,364,0,0.014924740032143634,0,0.39016461554065646,0
main_scaled,Logistic Regression,1,4,367,0,0.05655584369727912,0,0.39016461554065646,0
main_scaled,Logistic Regression,1,4,379,1,0.958276308785006,1,0.39016461554065646,1
main_scaled,Logistic Regression,1,4,382,0,0.006824802870109288,0,0.39016461554065646,0
main_scaled,Logistic Regression,1,4,386,0,0.007270607901399944,0,0.39016461554065646,0
main_scaled,Logistic Regression,1,4,391,0,0.0009048642636202564,0,0.39016461554065646,0
main_scaled,Logistic Regression,1,4,399,0,0.016535566718836603,0,0.39016461554065646,0
main_scaled,Logistic Regression,1,4,414,1,0.71436286139937,1,0.39016461554065646,1
main_scaled,Logistic Regression,1,4,419,0,0.014828475258626572,0,0.39016461554065646,0
main_scaled,Logistic Regression,1,4,421,0,0.28676294768251587,0,0.39016461554065646,0
main_scaled,Logistic Regression,1,4,422,0,0.033048718091471384,0,0.39016461554065646,0
main_scaled,Logistic Regression,1,4,434,0,0.04936336251110935,0,0.39016461554065646,0
main_scaled,Logistic Regression,1,4,438,0,0.05225037202717467,0,0.39016461554065646,0
main_scaled,Logistic Regression,1,4,439,0,0.010984660588261948,0,0.39016461554065646,0
main_scaled,Logistic Regression,1,4,449,1,0.9997597747761967,1,0.39016461554065646,1
main_scaled,Logistic Regression,1,4,455,0,0.31850070708343137,0,0.39016461554065646,0
main_scaled,Logistic Regression,1,4,457,0,0.09395626829057518,0,0.39016461554065646,0
main_scaled,Logistic Regression,1,4,475,0,0.03278003661290499,0,0.39016461554065646,0
main_scaled,Logistic Regression,1,4,480,0,0.014303279911608877,0,0.39016461554065646,0
main_scaled,Logistic Regression,1,4,496,0,0.19319112928822646,0,0.39016461554065646,0
main_scaled,Logistic Regression,1,4,504,0,0.014667547575689957,0,0.39016461554065646,0
main_scaled,Logistic Regression,1,4,506,0,0.03993931399266828,0,0.39016461554065646,0
main_scaled,Logistic Regression,1,4,508,0,0.1576191093818333,0,0.39016461554065646,0
main_scaled,Logistic Regression,1,4,513,0,0.12719310552492313,0,0.39016461554065646,0
main_scaled,Logistic Regression,1,4,516,1,0.9934997026127024,1,0.39016461554065646,1
main_scaled,Logistic Regression,1,4,531,0,0.0861329022727371,0,0.39016461554065646,0
main_scaled,Logistic Regression,1,4,533,1,0.9985655993695987,1,0.39016461554065646,1
main_scaled,Logistic Regression,1,4,547,0,0.0022497737721363037,0,0.39016461554065646,0
main_scaled,Logistic Regression,1,4,550,0,0.0012711329514107305,0,0.39016461554065646,0
main_scaled,Logistic Regression,1,4,560,0,0.29472244661345043,0,0.39016461554065646,0
main_scaled,Logistic Regression,1,4,564,1,0.9999750913195579,1,0.39016461554065646,1
main_scaled,Logistic Regression,1,4,567,1,0.9999991474434716,1,0.39016461554065646,1
main_scaled,Logistic Regression,1,5,1,1,0.9999627643785378,1,0.765147904586438,1
main_scaled,Logistic Regression,1,5,3,1,0.999631325629156,1,0.765147904586438,1
main_scaled,Logistic Regression,1,5,10,1,0.9478367017245741,1,0.765147904586438,1
main_scaled,Logistic Regression,1,5,11,1,0.9991558110167138,1,0.765147904586438,1
main_scaled,Logistic Regression,1,5,12,1,0.9997122919870285,1,0.765147904586438,1
main_scaled,Logistic Regression,1,5,15,1,0.9999341034724047,1,0.765147904586438,1
main_scaled,Logistic Regression,1,5,17,1,0.9999925800782291,1,0.765147904586438,1
main_scaled,Logistic Regression,1,5,22,1,0.9959622341967205,1,0.765147904586438,1
main_scaled,Logistic Regression,1,5,28,1,0.9999961689349157,1,0.765147904586438,1
main_scaled,Logistic Regression,1,5,35,1,0.9999634725651507,1,0.765147904586438,1
main_scaled,Logistic Regression,1,5,46,0,6.2914258978341714e-06,0,0.765147904586438,0
main_scaled,Logistic Regression,1,5,55,0,0.0031675074603188047,0,0.765147904586438,0
main_scaled,Logistic Regression,1,5,57,1,0.99586856368399,1,0.765147904586438,1
main_scaled,Logistic Regression,1,5,63,0,4.856666194844653e-06,0,0.765147904586438,0
main_scaled,Logistic Regression,1,5,69,0,0.0011417224775390382,0,0.765147904586438,0
main_scaled,Logistic Regression,1,5,81,0,0.4259905060856745,0,0.765147904586438,0
main_scaled,Logistic Regression,1,5,82,1,0.9999999999959039,1,0.765147904586438,1
main_scaled,Logistic Regression,1,5,83,1,0.9992387549100014,1,0.765147904586438,1
main_scaled,Logistic Regression,1,5,84,0,0.006916645101786187,0,0.765147904586438,0
main_scaled,Logistic Regression,1,5,85,1,0.999993395048736,1,0.765147904586438,1
main_scaled,Logistic Regression,1,5,88,0,0.07038020997770521,0,0.765147904586438,0
main_scaled,Logistic Regression,1,5,92,0,0.01448789138753685,0,0.765147904586438,0
main_scaled,Logistic Regression,1,5,98,0,0.0009842684960091046,0,0.765147904586438,0
main_scaled,Logistic Regression,1,5,108,1,0.999999999999635,1,0.765147904586438,1
main_scaled,Logistic Regression,1,5,111,0,0.01010139297517003,0,0.765147904586438,0
main_scaled,Logistic Regression,1,5,113,0,5.3628529675309156e-05,0,0.765147904586438,0
main_scaled,Logistic Regression,1,5,119,1,0.998485943822284,1,0.765147904586438,1
main_scaled,Logistic Regression,1,5,120,0,0.0008835116252728966,0,0.765147904586438,0
main_scaled,Logistic Regression,1,5,122,1,0.9999999999704459,1,0.765147904586438,1
main_scaled,Logistic Regression,1,5,124,0,0.0006040354242323859,0,0.765147904586438,0
main_scaled,Logistic Regression,1,5,127,1,0.9992526848744646,1,0.765147904586438,1
main_scaled,Logistic Regression,1,5,134,1,0.9999842086169576,1,0.765147904586438,1
main_scaled,Logistic Regression,1,5,163,0,0.00730747206206626,0,0.765147904586438,0
main_scaled,Logistic Regression,1,5,164,1,0.99999999038448,1,0.765147904586438,1
main_scaled,Logistic Regression,1,5,171,1,0.9417965921474033,1,0.765147904586438,1
main_scaled,Logistic Regression,1,5,174,0,8.953262841541338e-06,0,0.765147904586438,0
main_scaled,Logistic Regression,1,5,176,0,1.787168808926081e-05,0,0.765147904586438,0
main_scaled,Logistic Regression,1,5,179,0,7.207175044923866e-05,0,0.765147904586438,0
main_scaled,Logistic Regression,1,5,183,0,2.3583969856613823e-05,0,0.765147904586438,0
main_scaled,Logistic Regression,1,5,193,1,0.9913373556533204,1,0.765147904586438,1
main_scaled,Logistic Regression,1,5,194,1,0.8485643574438749,1,0.765147904586438,1
main_scaled,Logistic Regression,1,5,195,0,0.0017905278942572465,0,0.765147904586438,0
main_scaled,Logistic Regression,1,5,197,1,0.7851592222192887,1,0.765147904586438,1
main_scaled,Logistic Regression,1,5,199,1,0.9988891719802804,1,0.765147904586438,1
main_scaled,Logistic Regression,1,5,218,1,0.9999998754227915,1,0.765147904586438,1
main_scaled,Logistic Regression,1,5,219,1,0.9999999964479636,1,0.765147904586438,1
main_scaled,Logistic Regression,1,5,221,0,0.010879978749071557,0,0.765147904586438,0
main_scaled,Logistic Regression,1,5,222,0,0.00018432175015679376,0,0.765147904586438,0
main_scaled,Logistic Regression,1,5,223,1,0.9988009132925431,1,0.765147904586438,1
main_scaled,Logistic Regression,1,5,224,0,0.02619601932286084,0,0.765147904586438,0
main_scaled,Logistic Regression,1,5,233,1,0.9999988194679722,1,0.765147904586438,1
main_scaled,Logistic Regression,1,5,236,1,0.9999999999988671,1,0.765147904586438,1
main_scaled,Logistic Regression,1,5,242,0,0.026021015838010593,0,0.765147904586438,0
main_scaled,Logistic Regression,1,5,247,0,0.02201008070807101,0,0.765147904586438,0
main_scaled,Logistic Regression,1,5,249,0,0.0017603053186359841,0,0.765147904586438,0
main_scaled,Logistic Regression,1,5,254,1,0.999999146847909,1,0.765147904586438,1
main_scaled,Logistic Regression,1,5,259,1,0.9999980423186425,1,0.765147904586438,1
main_scaled,Logistic Regression,1,5,264,1,0.9999245528644117,1,0.765147904586438,1
main_scaled,Logistic Regression,1,5,269,0,0.0002697706470342416,0,0.765147904586438,0
main_scaled,Logistic Regression,1,5,280,1,0.9999999693861681,1,0.765147904586438,1
main_scaled,Logistic Regression,1,5,287,0,3.137991544094138e-05,0,0.765147904586438,0
main_scaled,Logistic Regression,1,5,295,0,0.0004017606250480892,0,0.765147904586438,0
main_scaled,Logistic Regression,1,5,308,0,5.0823151377920206e-05,0,0.765147904586438,0
main_scaled,Logistic Regression,1,5,314,0,3.555478518133926e-06,0,0.765147904586438,0
main_scaled,Logistic Regression,1,5,318,0,0.00040323508714856717,0,0.765147904586438,0
main_scaled,Logistic Regression,1,5,320,0,0.00014436473696799102,0,0.765147904586438,0
main_scaled,Logistic Regression,1,5,331,0,0.023684745395358486,0,0.765147904586438,0
main_scaled,Logistic Regression,1,5,333,0,6.920981665536063e-05,0,0.765147904586438,0
main_scaled,Logistic Regression,1,5,336,0,3.808166535520734e-05,0,0.765147904586438,0
main_scaled,Logistic Regression,1,5,339,1,0.999999999995361,1,0.765147904586438,1
main_scaled,Logistic Regression,1,5,340,0,0.283109799664743,0,0.765147904586438,0
main_scaled,Logistic Regression,1,5,345,0,8.932401121673757e-06,0,0.765147904586438,0
main_scaled,Logistic Regression,1,5,346,0,0.00205154282575469,0,0.765147904586438,0
main_scaled,Logistic Regression,1,5,358,0,2.3326713331376596e-05,0,0.765147904586438,0
main_scaled,Logistic Regression,1,5,363,0,0.48931398920798586,0,0.765147904586438,0
main_scaled,Logistic Regression,1,5,369,1,0.9999999991047299,1,0.765147904586438,1
main_scaled,Logistic Regression,1,5,374,0,0.0022973051065724617,0,0.765147904586438,0
main_scaled,Logistic Regression,1,5,380,0,0.01929458843406805,0,0.765147904586438,0
main_scaled,Logistic Regression,1,5,381,0,0.00010509944117044076,0,0.765147904586438,0
main_scaled,Logistic Regression,1,5,398,0,0.00010908239318343703,0,0.765147904586438,0
main_scaled,Logistic Regression,1,5,400,1,0.9999975059583323,1,0.765147904586438,1
main_scaled,Logistic Regression,1,5,404,0,0.0002071359215401546,0,0.765147904586438,0
main_scaled,Logistic Regression,1,5,410,0,0.05156544207388757,0,0.765147904586438,0
main_scaled,Logistic Regression,1,5,411,0,0.0017749816579299468,0,0.765147904586438,0
main_scaled,Logistic Regression,1,5,412,0,1.1037726180408548e-05,0,0.765147904586438,0
main_scaled,Logistic Regression,1,5,415,0,0.006509935564083037,0,0.765147904586438,0
main_scaled,Logistic Regression,1,5,431,0,0.0007474961519653953,0,0.765147904586438,0
main_scaled,Logistic Regression,1,5,443,0,1.0037287455894942e-05,0,0.765147904586438,0
main_scaled,Logistic Regression,1,5,444,1,0.9765988239550301,1,0.765147904586438,1
main_scaled,Logistic Regression,1,5,447,0,0.05941589386699259,0,0.765147904586438,0
main_scaled,Logistic Regression,1,5,451,1,0.9999698261985951,1,0.765147904586438,1
main_scaled,Logistic Regression,1,5,458,0,0.013452564653583935,0,0.765147904586438,0
main_scaled,Logistic Regression,1,5,459,0,0.0004991389642427567,0,0.765147904586438,0
main_scaled,Logistic Regression,1,5,471,0,0.03822541913292173,0,0.765147904586438,0
main_scaled,Logistic Regression,1,5,474,0,0.00013727289458659363,0,0.765147904586438,0
main_scaled,Logistic Regression,1,5,479,1,0.9587670262485362,1,0.765147904586438,1
main_scaled,Logistic Regression,1,5,481,0,0.03521221067507486,0,0.765147904586438,0
main_scaled,Logistic Regression,1,5,484,0,0.13921275100181768,0,0.765147904586438,0
main_scaled,Logistic Regression,1,5,495,0,0.0975036349706399,0,0.765147904586438,0
main_scaled,Logistic Regression,1,5,505,0,0.0005412863543133817,0,0.765147904586438,0
main_scaled,Logistic Regression,1,5,510,0,5.859927468218932e-05,0,0.765147904586438,0
main_scaled,Logistic Regression,1,5,518,0,0.04663219108351986,0,0.765147904586438,0
main_scaled,Logistic Regression,1,5,520,0,0.0009846398251445031,0,0.765147904586438,0
main_scaled,Logistic Regression,1,5,521,1,0.9999999999353082,1,0.765147904586438,1
main_scaled,Logistic Regression,1,5,522,0,6.434928378338461e-05,0,0.765147904586438,0
main_scaled,Logistic Regression,1,5,527,0,0.0015991055178117503,0,0.765147904586438,0
main_scaled,Logistic Regression,1,5,534,0,0.0004912045516394438,0,0.765147904586438,0
main_scaled,Logistic Regression,1,5,536,1,0.765147904586438,1,0.765147904586438,1
main_scaled,Logistic Regression,1,5,539,0,9.917945082034592e-05,0,0.765147904586438,0
main_scaled,Logistic Regression,1,5,541,0,0.6061517627523475,1,0.765147904586438,0
main_scaled,Logistic Regression,1,5,556,0,1.3762694531151676e-05,0,0.765147904586438,0
main_scaled,Logistic Regression,1,5,557,0,0.00039482350691907246,0,0.765147904586438,0
main_scaled,Logistic Regression,1,5,559,0,0.025189787994462774,0,0.765147904586438,0
main_scaled,Logistic Regression,2,1,2,1,0.9997826963183948,1,0.4744369464425446,1
main_scaled,Logistic Regression,2,1,10,1,0.6867326791735312,1,0.4744369464425446,1
main_scaled,Logistic Regression,2,1,16,1,0.8970326695835983,1,0.4744369464425446,1
main_scaled,Logistic Regression,2,1,40,1,0.12214051094465782,0,0.4744369464425446,0
main_scaled,Logistic Regression,2,1,57,1,0.9334962433132712,1,0.4744369464425446,1
main_scaled,Logistic Regression,2,1,59,0,0.0005610135071505737,0,0.4744369464425446,0
main_scaled,Logistic Regression,2,1,60,0,0.0017125259926597041,0,0.4744369464425446,0
main_scaled,Logistic Regression,2,1,62,1,0.9860390883524537,1,0.4744369464425446,1
main_scaled,Logistic Regression,2,1,63,0,0.00042274573276773113,0,0.4744369464425446,0
main_scaled,Logistic Regression,2,1,67,0,0.007980564200721449,0,0.4744369464425446,0
main_scaled,Logistic Regression,2,1,69,0,0.009383726648190038,0,0.4744369464425446,0
main_scaled,Logistic Regression,2,1,74,0,0.014847072580136882,0,0.4744369464425446,0
main_scaled,Logistic Regression,2,1,76,0,0.019092681364118274,0,0.4744369464425446,0
main_scaled,Logistic Regression,2,1,82,1,0.9999999042581235,1,0.4744369464425446,1
main_scaled,Logistic Regression,2,1,83,1,0.9959014658148704,1,0.4744369464425446,1
main_scaled,Logistic Regression,2,1,85,1,0.9972701689491533,1,0.4744369464425446,1
main_scaled,Logistic Regression,2,1,88,0,0.1059588528650992,0,0.4744369464425446,0
main_scaled,Logistic Regression,2,1,95,1,0.9992690873641324,1,0.4744369464425446,1
main_scaled,Logistic Regression,2,1,98,0,0.00627319663846034,0,0.4744369464425446,0
main_scaled,Logistic Regression,2,1,99,1,0.5786197018973466,1,0.4744369464425446,1
main_scaled,Logistic Regression,2,1,101,0,0.0001357847140287778,0,0.4744369464425446,0
main_scaled,Logistic Regression,2,1,105,1,0.8986630580174646,1,0.4744369464425446,1
main_scaled,Logistic Regression,2,1,109,0,0.06822384432251533,0,0.4744369464425446,0
main_scaled,Logistic Regression,2,1,120,0,0.006029156894364801,0,0.4744369464425446,0
main_scaled,Logistic Regression,2,1,121,1,0.995203892762455,1,0.4744369464425446,1
main_scaled,Logistic Regression,2,1,122,1,0.9999998126401877,1,0.4744369464425446,1
main_scaled,Logistic Regression,2,1,131,1,0.9533890812137796,1,0.4744369464425446,1
main_scaled,Logistic Regression,2,1,132,1,0.9490024420103876,1,0.4744369464425446,1
main_scaled,Logistic Regression,2,1,135,1,0.1409383180701499,0,0.4744369464425446,0
main_scaled,Logistic Regression,2,1,136,0,0.01729777423399652,0,0.4744369464425446,0
main_scaled,Logistic Regression,2,1,137,0,0.005252067290659909,0,0.4744369464425446,0
main_scaled,Logistic Regression,2,1,139,0,0.00509834751345967,0,0.4744369464425446,0
main_scaled,Logistic Regression,2,1,143,0,0.04306553665812219,0,0.4744369464425446,0
main_scaled,Logistic Regression,2,1,146,1,0.4882579233945587,0,0.4744369464425446,1
main_scaled,Logistic Regression,2,1,153,0,0.001928696418887862,0,0.4744369464425446,0
main_scaled,Logistic Regression,2,1,159,0,0.001006322864916895,0,0.4744369464425446,0
main_scaled,Logistic Regression,2,1,160,0,0.08470797421227517,0,0.4744369464425446,0
main_scaled,Logistic Regression,2,1,163,0,0.04327939953884699,0,0.4744369464425446,0
main_scaled,Logistic Regression,2,1,166,0,0.0005596293373706469,0,0.4744369464425446,0
main_scaled,Logistic Regression,2,1,184,1,0.5109416042445455,1,0.4744369464425446,1
main_scaled,Logistic Regression,2,1,189,0,0.003739365623916078,0,0.4744369464425446,0
main_scaled,Logistic Regression,2,1,195,0,0.011732295505805262,0,0.4744369464425446,0
main_scaled,Logistic Regression,2,1,199,1,0.9415213376570761,1,0.4744369464425446,1
main_scaled,Logistic Regression,2,1,209,0,0.06291894073075235,0,0.4744369464425446,0
main_scaled,Logistic Regression,2,1,214,1,0.9455707930367964,1,0.4744369464425446,1
main_scaled,Logistic Regression,2,1,232,0,0.03105788599527612,0,0.4744369464425446,0
main_scaled,Logistic Regression,2,1,239,1,0.9995733260647061,1,0.4744369464425446,1
main_scaled,Logistic Regression,2,1,241,0,0.0017446077750049676,0,0.4744369464425446,0
main_scaled,Logistic Regression,2,1,248,0,0.051828180103431744,0,0.4744369464425446,0
main_scaled,Logistic Regression,2,1,250,1,0.99997322508725,1,0.4744369464425446,1
main_scaled,Logistic Regression,2,1,252,1,0.9999099172759413,1,0.4744369464425446,1
main_scaled,Logistic Regression,2,1,253,1,0.9469101665366354,1,0.4744369464425446,1
main_scaled,Logistic Regression,2,1,254,1,0.9993182250439012,1,0.4744369464425446,1
main_scaled,Logistic Regression,2,1,255,1,0.4744369464425446,0,0.4744369464425446,1
main_scaled,Logistic Regression,2,1,257,1,0.9867971450994687,1,0.4744369464425446,1
main_scaled,Logistic Regression,2,1,259,1,0.9993388679370696,1,0.4744369464425446,1
main_scaled,Logistic Regression,2,1,260,1,0.9997541246814463,1,0.4744369464425446,1
main_scaled,Logistic Regression,2,1,261,1,0.7473062725256923,1,0.4744369464425446,1
main_scaled,Logistic Regression,2,1,266,0,0.01163671505386578,0,0.4744369464425446,0
main_scaled,Logistic Regression,2,1,281,0,0.008609236855997683,0,0.4744369464425446,0
main_scaled,Logistic Regression,2,1,282,1,0.9989214793349717,1,0.4744369464425446,1
main_scaled,Logistic Regression,2,1,295,0,0.005725137406927539,0,0.4744369464425446,0
main_scaled,Logistic Regression,2,1,296,0,0.00013674723076812992,0,0.4744369464425446,0
main_scaled,Logistic Regression,2,1,310,0,0.007960440809702167,0,0.4744369464425446,0
main_scaled,Logistic Regression,2,1,315,0,0.0014705515632325798,0,0.4744369464425446,0
main_scaled,Logistic Regression,2,1,316,0,0.0007128457013125832,0,0.4744369464425446,0
main_scaled,Logistic Regression,2,1,321,1,0.9874641896690158,1,0.4744369464425446,1
main_scaled,Logistic Regression,2,1,324,0,0.007988894903112243,0,0.4744369464425446,0
main_scaled,Logistic Regression,2,1,325,0,0.013835452855988787,0,0.4744369464425446,0
main_scaled,Logistic Regression,2,1,330,1,0.8659199732005858,1,0.4744369464425446,1
main_scaled,Logistic Regression,2,1,335,1,0.9981386010690855,1,0.4744369464425446,1
main_scaled,Logistic Regression,2,1,340,0,0.2860712857211242,0,0.4744369464425446,0
main_scaled,Logistic Regression,2,1,352,1,0.99999997086445,1,0.4744369464425446,1
main_scaled,Logistic Regression,2,1,356,0,0.11206498558671595,0,0.4744369464425446,0
main_scaled,Logistic Regression,2,1,357,0,0.01711753223523547,0,0.4744369464425446,0
main_scaled,Logistic Regression,2,1,358,0,0.0007794237423943041,0,0.4744369464425446,0
main_scaled,Logistic Regression,2,1,359,0,0.006852756865738368,0,0.4744369464425446,0
main_scaled,Logistic Regression,2,1,363,0,0.43973536963797705,0,0.4744369464425446,0
main_scaled,Logistic Regression,2,1,367,0,0.04593724152904449,0,0.4744369464425446,0
main_scaled,Logistic Regression,2,1,368,1,0.9999931006767182,1,0.4744369464425446,1
main_scaled,Logistic Regression,2,1,374,0,0.01532032863160904,0,0.4744369464425446,0
main_scaled,Logistic Regression,2,1,383,0,0.04175864410590183,0,0.4744369464425446,0
main_scaled,Logistic Regression,2,1,384,0,0.013446164076882473,0,0.4744369464425446,0
main_scaled,Logistic Regression,2,1,386,0,0.005610754808462087,0,0.4744369464425446,0
main_scaled,Logistic Regression,2,1,387,0,0.005609206325415927,0,0.4744369464425446,0
main_scaled,Logistic Regression,2,1,388,0,0.001576683606278548,0,0.4744369464425446,0
main_scaled,Logistic Regression,2,1,393,1,0.9999898388091474,1,0.4744369464425446,1
main_scaled,Logistic Regression,2,1,394,0,0.04123928285540545,0,0.4744369464425446,0
main_scaled,Logistic Regression,2,1,399,0,0.012648729517041293,0,0.4744369464425446,0
main_scaled,Logistic Regression,2,1,406,0,0.17850890417352544,0,0.4744369464425446,0
main_scaled,Logistic Regression,2,1,417,1,0.9998237798426918,1,0.4744369464425446,1
main_scaled,Logistic Regression,2,1,418,0,0.004792530359188767,0,0.4744369464425446,0
main_scaled,Logistic Regression,2,1,420,0,0.020578863554592364,0,0.4744369464425446,0
main_scaled,Logistic Regression,2,1,421,0,0.2927568650448062,0,0.4744369464425446,0
main_scaled,Logistic Regression,2,1,430,1,0.9804375712287328,1,0.4744369464425446,1
main_scaled,Logistic Regression,2,1,434,0,0.04603202580419635,0,0.4744369464425446,0
main_scaled,Logistic Regression,2,1,446,1,0.9989542649534007,1,0.4744369464425446,1
main_scaled,Logistic Regression,2,1,452,0,0.05034022409702206,0,0.4744369464425446,0
main_scaled,Logistic Regression,2,1,455,0,0.30761860413429654,0,0.4744369464425446,0
main_scaled,Logistic Regression,2,1,456,0,0.22065085691148173,0,0.4744369464425446,0
main_scaled,Logistic Regression,2,1,474,0,0.00416315923819529,0,0.4744369464425446,0
main_scaled,Logistic Regression,2,1,475,0,0.026797924164120895,0,0.4744369464425446,0
main_scaled,Logistic Regression,2,1,478,0,0.007866971204581383,0,0.4744369464425446,0
main_scaled,Logistic Regression,2,1,480,0,0.012272543658276276,0,0.4744369464425446,0
main_scaled,Logistic Regression,2,1,486,0,0.0793705424597234,0,0.4744369464425446,0
main_scaled,Logistic Regression,2,1,491,0,0.2255316909174638,0,0.4744369464425446,0
main_scaled,Logistic Regression,2,1,496,0,0.16986539859996766,0,0.4744369464425446,0
main_scaled,Logistic Regression,2,1,506,0,0.0305474413039048,0,0.4744369464425446,0
main_scaled,Logistic Regression,2,1,511,0,0.018529394855777478,0,0.4744369464425446,0
main_scaled,Logistic Regression,2,1,528,0,0.09589169732454055,0,0.4744369464425446,0
main_scaled,Logistic Regression,2,1,529,0,0.01035429398241438,0,0.4744369464425446,0
main_scaled,Logistic Regression,2,1,530,0,0.06611641964552446,0,0.4744369464425446,0
main_scaled,Logistic Regression,2,1,535,1,0.9997015857473855,1,0.4744369464425446,1
main_scaled,Logistic Regression,2,1,562,1,0.9992252152876682,1,0.4744369464425446,1
main_scaled,Logistic Regression,2,2,6,1,0.9999220242597127,1,0.6195237844344362,1
main_scaled,Logistic Regression,2,2,12,1,0.9996632958303092,1,0.6195237844344362,1
main_scaled,Logistic Regression,2,2,19,0,0.07751690014462008,0,0.6195237844344362,0
main_scaled,Logistic Regression,2,2,24,1,0.9999999825122231,1,0.6195237844344362,1
main_scaled,Logistic Regression,2,2,29,1,0.9677996211010818,1,0.6195237844344362,1
main_scaled,Logistic Regression,2,2,30,1,0.9999998804039808,1,0.6195237844344362,1
main_scaled,Logistic Regression,2,2,35,1,0.9999540986593828,1,0.6195237844344362,1
main_scaled,Logistic Regression,2,2,36,1,0.9769529453208273,1,0.6195237844344362,1
main_scaled,Logistic Regression,2,2,43,1,0.9732043693790704,1,0.6195237844344362,1
main_scaled,Logistic Regression,2,2,50,0,0.002127990017849357,0,0.6195237844344362,0
main_scaled,Logistic Regression,2,2,55,0,0.003571810554791724,0,0.6195237844344362,0
main_scaled,Logistic Regression,2,2,56,1,0.9999997702955697,1,0.6195237844344362,1
main_scaled,Logistic Regression,2,2,68,0,0.3601099953753173,0,0.6195237844344362,0
main_scaled,Logistic Regression,2,2,78,1,0.9999999983893484,1,0.6195237844344362,1
main_scaled,Logistic Regression,2,2,80,0,0.016955502553605912,0,0.6195237844344362,0
main_scaled,Logistic Regression,2,2,86,1,0.6705492769972842,1,0.6195237844344362,1
main_scaled,Logistic Regression,2,2,87,1,0.9999967274287419,1,0.6195237844344362,1
main_scaled,Logistic Regression,2,2,93,0,0.03411179749390413,0,0.6195237844344362,0
main_scaled,Logistic Regression,2,2,97,0,3.04191969479061e-05,0,0.6195237844344362,0
main_scaled,Logistic Regression,2,2,100,1,0.9550846731211207,1,0.6195237844344362,1
main_scaled,Logistic Regression,2,2,127,1,0.9981568510683411,1,0.6195237844344362,1
main_scaled,Logistic Regression,2,2,134,1,0.9999603143614638,1,0.6195237844344362,1
main_scaled,Logistic Regression,2,2,140,0,3.1711136841389254e-06,0,0.6195237844344362,0
main_scaled,Logistic Regression,2,2,141,1,0.9891215204427779,1,0.6195237844344362,1
main_scaled,Logistic Regression,2,2,144,0,3.444837508698612e-05,0,0.6195237844344362,0
main_scaled,Logistic Regression,2,2,147,0,0.004037654588292322,0,0.6195237844344362,0
main_scaled,Logistic Regression,2,2,148,0,0.1784037013379948,0,0.6195237844344362,0
main_scaled,Logistic Regression,2,2,151,0,0.00022923262747153277,0,0.6195237844344362,0
main_scaled,Logistic Regression,2,2,152,0,0.00040186952789357543,0,0.6195237844344362,0
main_scaled,Logistic Regression,2,2,154,0,0.10121059117597124,0,0.6195237844344362,0
main_scaled,Logistic Regression,2,2,158,0,0.000300973582684772,0,0.6195237844344362,0
main_scaled,Logistic Regression,2,2,165,0,0.008075537921680441,0,0.6195237844344362,0
main_scaled,Logistic Regression,2,2,187,0,0.00800471393592656,0,0.6195237844344362,0
main_scaled,Logistic Regression,2,2,193,1,0.9884401588778503,1,0.6195237844344362,1
main_scaled,Logistic Regression,2,2,197,1,0.6195237844344362,1,0.6195237844344362,1
main_scaled,Logistic Regression,2,2,198,1,0.9999144722888514,1,0.6195237844344362,1
main_scaled,Logistic Regression,2,2,200,0,0.07101785702861006,0,0.6195237844344362,0
main_scaled,Logistic Regression,2,2,203,1,0.9999987495114083,1,0.6195237844344362,1
main_scaled,Logistic Regression,2,2,204,0,0.15101409714127856,0,0.6195237844344362,0
main_scaled,Logistic Regression,2,2,207,1,0.9785339890866771,1,0.6195237844344362,1
main_scaled,Logistic Regression,2,2,208,0,0.35064024692612245,0,0.6195237844344362,0
main_scaled,Logistic Regression,2,2,210,1,0.999998079591853,1,0.6195237844344362,1
main_scaled,Logistic Regression,2,2,213,1,0.03346326644018175,0,0.6195237844344362,0
main_scaled,Logistic Regression,2,2,229,1,0.9891933521592444,1,0.6195237844344362,1
main_scaled,Logistic Regression,2,2,230,1,0.9998598701654606,1,0.6195237844344362,1
main_scaled,Logistic Regression,2,2,240,0,0.01307603275200488,0,0.6195237844344362,0
main_scaled,Logistic Regression,2,2,245,0,0.004411862437121683,0,0.6195237844344362,0
main_scaled,Logistic Regression,2,2,249,0,0.0024963481409380484,0,0.6195237844344362,0
main_scaled,Logistic Regression,2,2,258,1,0.9999998863696729,1,0.6195237844344362,1
main_scaled,Logistic Regression,2,2,268,0,0.004532528974125866,0,0.6195237844344362,0
main_scaled,Logistic Regression,2,2,271,0,0.00030687983470282495,0,0.6195237844344362,0
main_scaled,Logistic Regression,2,2,274,1,0.9949513509185814,1,0.6195237844344362,1
main_scaled,Logistic Regression,2,2,280,1,0.9999999115394547,1,0.6195237844344362,1
main_scaled,Logistic Regression,2,2,284,0,0.0009664916091788611,0,0.6195237844344362,0
main_scaled,Logistic Regression,2,2,290,0,2.6191951279903103e-05,0,0.6195237844344362,0
main_scaled,Logistic Regression,2,2,291,0,0.43763594364545755,0,0.6195237844344362,0
main_scaled,Logistic Regression,2,2,293,0,0.005280377601283117,0,0.6195237844344362,0
main_scaled,Logistic Regression,2,2,298,0,0.01019479224102535,0,0.6195237844344362,0
main_scaled,Logistic Regression,2,2,301,0,0.0014919476195249504,0,0.6195237844344362,0
main_scaled,Logistic Regression,2,2,309,0,0.00034937985449374933,0,0.6195237844344362,0
main_scaled,Logistic Regression,2,2,311,0,0.005922822642642301,0,0.6195237844344362,0
main_scaled,Logistic Regression,2,2,313,0,2.588222805173545e-05,0,0.6195237844344362,0
main_scaled,Logistic Regression,2,2,314,0,3.5923129505756246e-07,0,0.6195237844344362,0
main_scaled,Logistic Regression,2,2,318,0,0.0008841057864084856,0,0.6195237844344362,0
main_scaled,Logistic Regression,2,2,323,1,0.9999999980731726,1,0.6195237844344362,1
main_scaled,Logistic Regression,2,2,331,0,0.03824114987195344,0,0.6195237844344362,0
main_scaled,Logistic Regression,2,2,336,0,4.834524361378824e-05,0,0.6195237844344362,0
main_scaled,Logistic Regression,2,2,343,1,0.9999985625812751,1,0.6195237844344362,1
main_scaled,Logistic Regression,2,2,348,0,0.0011075855242051766,0,0.6195237844344362,0
main_scaled,Logistic Regression,2,2,351,1,0.9983146824421865,1,0.6195237844344362,1
main_scaled,Logistic Regression,2,2,354,0,2.1999088672346217e-05,0,0.6195237844344362,0
main_scaled,Logistic Regression,2,2,361,0,0.006484923075327777,0,0.6195237844344362,0
main_scaled,Logistic Regression,2,2,365,1,0.9999478916345683,1,0.6195237844344362,1
main_scaled,Logistic Regression,2,2,366,1,0.9999997900579082,1,0.6195237844344362,1
main_scaled,Logistic Regression,2,2,372,1,0.9980429022714196,1,0.6195237844344362,1
main_scaled,Logistic Regression,2,2,379,1,0.9988586349230925,1,0.6195237844344362,1
main_scaled,Logistic Regression,2,2,380,0,0.030922539662589784,0,0.6195237844344362,0
main_scaled,Logistic Regression,2,2,395,0,0.0024059155656443653,0,0.6195237844344362,0
main_scaled,Logistic Regression,2,2,398,0,0.00017137563324132098,0,0.6195237844344362,0
main_scaled,Logistic Regression,2,2,404,0,0.0002797027774747908,0,0.6195237844344362,0
main_scaled,Logistic Regression,2,2,408,1,0.9991686507065223,1,0.6195237844344362,1
main_scaled,Logistic Regression,2,2,412,0,2.7085752269964013e-05,0,0.6195237844344362,0
main_scaled,Logistic Regression,2,2,414,1,0.9092317799219716,1,0.6195237844344362,1
main_scaled,Logistic Regression,2,2,415,0,0.005654844449261828,0,0.6195237844344362,0
main_scaled,Logistic Regression,2,2,416,0,0.0008211971238756927,0,0.6195237844344362,0
main_scaled,Logistic Regression,2,2,429,0,0.00034769346951546984,0,0.6195237844344362,0
main_scaled,Logistic Regression,2,2,431,0,0.0005951036650103991,0,0.6195237844344362,0
main_scaled,Logistic Regression,2,2,439,0,0.0009955813691084235,0,0.6195237844344362,0
main_scaled,Logistic Regression,2,2,448,0,0.1565396302968098,0,0.6195237844344362,0
main_scaled,Logistic Regression,2,2,454,0,0.011716536963223521,0,0.6195237844344362,0
main_scaled,Logistic Regression,2,2,457,0,0.05016795016680732,0,0.6195237844344362,0
main_scaled,Logistic Regression,2,2,465,0,0.1126960416083124,0,0.6195237844344362,0
main_scaled,Logistic Regression,2,2,466,0,0.2177434542527477,0,0.6195237844344362,0
main_scaled,Logistic Regression,2,2,471,0,0.030505835593515985,0,0.6195237844344362,0
main_scaled,Logistic Regression,2,2,476,0,0.21847863739313086,0,0.6195237844344362,0
main_scaled,Logistic Regression,2,2,479,1,0.9300251676145549,1,0.6195237844344362,1
main_scaled,Logistic Regression,2,2,490,0,0.03441645515548451,0,0.6195237844344362,0
main_scaled,Logistic Regression,2,2,498,1,0.9997706826095198,1,0.6195237844344362,1
main_scaled,Logistic Regression,2,2,501,1,0.9851532528155115,1,0.6195237844344362,1
main_scaled,Logistic Regression,2,2,504,0,0.00028003192599420756,0,0.6195237844344362,0
main_scaled,Logistic Regression,2,2,508,0,0.083011263364689,0,0.6195237844344362,0
main_scaled,Logistic Regression,2,2,517,1,0.999904848878375,1,0.6195237844344362,1
main_scaled,Logistic Regression,2,2,518,0,0.10531345758558064,0,0.6195237844344362,0
main_scaled,Logistic Regression,2,2,520,0,0.0007731939659151375,0,0.6195237844344362,0
main_scaled,Logistic Regression,2,2,522,0,0.00012816415794067709,0,0.6195237844344362,0
main_scaled,Logistic Regression,2,2,523,0,0.1290170279799147,0,0.6195237844344362,0
main_scaled,Logistic Regression,2,2,526,0,0.5595923104561457,1,0.6195237844344362,0
main_scaled,Logistic Regression,2,2,538,0,3.4014527519385246e-05,0,0.6195237844344362,0
main_scaled,Logistic Regression,2,2,555,0,0.00360611744693738,0,0.6195237844344362,0
main_scaled,Logistic Regression,2,2,557,0,0.00021387442514694802,0,0.6195237844344362,0
main_scaled,Logistic Regression,2,2,558,0,0.02524869309726978,0,0.6195237844344362,0
main_scaled,Logistic Regression,2,2,560,0,0.15149172821460616,0,0.6195237844344362,0
main_scaled,Logistic Regression,2,2,563,1,0.9999999975940643,1,0.6195237844344362,1
main_scaled,Logistic Regression,2,2,566,1,0.9808956374696758,1,0.6195237844344362,1
main_scaled,Logistic Regression,2,3,0,1,0.9999752881073546,1,0.38484323202554993,1
main_scaled,Logistic Regression,2,3,3,1,0.9894738910077076,1,0.38484323202554993,1
main_scaled,Logistic Regression,2,3,5,1,0.7687693864802351,1,0.38484323202554993,1
main_scaled,Logistic Regression,2,3,14,1,0.9282262376706247,1,0.38484323202554993,1
main_scaled,Logistic Regression,2,3,17,1,0.9981753358900597,1,0.38484323202554993,1
main_scaled,Logistic Regression,2,3,21,0,0.0006006014068758988,0,0.38484323202554993,0
main_scaled,Logistic Regression,2,3,26,1,0.9909059165917754,1,0.38484323202554993,1
main_scaled,Logistic Regression,2,3,37,0,0.0027052435021307063,0,0.38484323202554993,0
main_scaled,Logistic Regression,2,3,38,1,0.38484323202554993,0,0.38484323202554993,1
main_scaled,Logistic Regression,2,3,39,1,0.669303019164635,1,0.38484323202554993,1
main_scaled,Logistic Regression,2,3,49,0,0.21963071533655795,0,0.38484323202554993,0
main_scaled,Logistic Regression,2,3,51,0,0.009436395201228395,0,0.38484323202554993,0
main_scaled,Logistic Regression,2,3,54,1,0.7353090373046851,1,0.38484323202554993,1
main_scaled,Logistic Regression,2,3,61,0,0.004477015383043349,0,0.38484323202554993,0
main_scaled,Logistic Regression,2,3,72,1,0.9992600893700245,1,0.38484323202554993,1
main_scaled,Logistic Regression,2,3,73,1,0.15777481710536903,0,0.38484323202554993,0
main_scaled,Logistic Regression,2,3,81,0,0.37538565237255034,0,0.38484323202554993,0
main_scaled,Logistic Regression,2,3,84,0,0.03631163703064372,0,0.38484323202554993,0
main_scaled,Logistic Regression,2,3,89,0,0.3197292852358163,0,0.38484323202554993,0
main_scaled,Logistic Regression,2,3,91,1,0.49908038256265075,0,0.38484323202554993,1
main_scaled,Logistic Regression,2,3,102,0,0.028037844588781148,0,0.38484323202554993,0
main_scaled,Logistic Regression,2,3,107,0,0.018732438961782154,0,0.38484323202554993,0
main_scaled,Logistic Regression,2,3,111,0,0.04158275313927251,0,0.38484323202554993,0
main_scaled,Logistic Regression,2,3,113,0,0.0027700653850212336,0,0.38484323202554993,0
main_scaled,Logistic Regression,2,3,117,1,0.9854976152112266,1,0.38484323202554993,1
main_scaled,Logistic Regression,2,3,118,1,0.9979597912247652,1,0.38484323202554993,1
main_scaled,Logistic Regression,2,3,123,0,0.07114156643621423,0,0.38484323202554993,0
main_scaled,Logistic Regression,2,3,138,1,0.9816240542969441,1,0.38484323202554993,1
main_scaled,Logistic Regression,2,3,150,0,0.10166638643436376,0,0.38484323202554993,0
main_scaled,Logistic Regression,2,3,162,1,0.9999627704847798,1,0.38484323202554993,1
main_scaled,Logistic Regression,2,3,164,1,0.9999654286332423,1,0.38484323202554993,1
main_scaled,Logistic Regression,2,3,167,1,0.9061011458003804,1,0.38484323202554993,1
main_scaled,Logistic Regression,2,3,168,1,0.9995389565458737,1,0.38484323202554993,1
main_scaled,Logistic Regression,2,3,174,0,0.0006219943843355635,0,0.38484323202554993,0
main_scaled,Logistic Regression,2,3,181,1,0.9999956617707695,1,0.38484323202554993,1
main_scaled,Logistic Regression,2,3,183,0,0.0009019790876316126,0,0.38484323202554993,0
main_scaled,Logistic Regression,2,3,186,1,0.9407985701017552,1,0.38484323202554993,1
main_scaled,Logistic Regression,2,3,188,0,0.010827957266858475,0,0.38484323202554993,0
main_scaled,Logistic Regression,2,3,190,1,0.9325791129877037,1,0.38484323202554993,1
main_scaled,Logistic Regression,2,3,192,0,6.332745128309723e-05,0,0.38484323202554993,0
main_scaled,Logistic Regression,2,3,194,1,0.7736930095865487,1,0.38484323202554993,1
main_scaled,Logistic Regression,2,3,196,1,0.9547075140989365,1,0.38484323202554993,1
main_scaled,Logistic Regression,2,3,201,1,0.9605668664002015,1,0.38484323202554993,1
main_scaled,Logistic Regression,2,3,202,1,0.9999973415101636,1,0.38484323202554993,1
main_scaled,Logistic Regression,2,3,211,0,0.009686877855083724,0,0.38484323202554993,0
main_scaled,Logistic Regression,2,3,212,1,0.9999999976071681,1,0.38484323202554993,1
main_scaled,Logistic Regression,2,3,218,1,0.9998174321042443,1,0.38484323202554993,1
main_scaled,Logistic Regression,2,3,224,0,0.04325960656839277,0,0.38484323202554993,0
main_scaled,Logistic Regression,2,3,226,0,0.0014564750526673532,0,0.38484323202554993,0
main_scaled,Logistic Regression,2,3,231,0,0.00891333675250793,0,0.38484323202554993,0
main_scaled,Logistic Regression,2,3,234,0,0.0014232337511500158,0,0.38484323202554993,0
main_scaled,Logistic Regression,2,3,235,0,0.0649391780902952,0,0.38484323202554993,0
main_scaled,Logistic Regression,2,3,238,0,0.35127524018841444,0,0.38484323202554993,0
main_scaled,Logistic Regression,2,3,243,0,0.055924340102238526,0,0.38484323202554993,0
main_scaled,Logistic Regression,2,3,251,0,0.012075805672913692,0,0.38484323202554993,0
main_scaled,Logistic Regression,2,3,267,0,0.03899763632078195,0,0.38484323202554993,0
main_scaled,Logistic Regression,2,3,269,0,0.007974836386158876,0,0.38484323202554993,0
main_scaled,Logistic Regression,2,3,270,0,0.0030153778416584015,0,0.38484323202554993,0
main_scaled,Logistic Regression,2,3,279,0,0.053802183001240664,0,0.38484323202554993,0
main_scaled,Logistic Regression,2,3,283,1,0.889466940855602,1,0.38484323202554993,1
main_scaled,Logistic Regression,2,3,285,0,0.0026563423005409995,0,0.38484323202554993,0
main_scaled,Logistic Regression,2,3,289,0,0.009346762687851194,0,0.38484323202554993,0
main_scaled,Logistic Regression,2,3,292,0,0.03868159488592599,0,0.38484323202554993,0
main_scaled,Logistic Regression,2,3,294,0,0.0035174120527961487,0,0.38484323202554993,0
main_scaled,Logistic Regression,2,3,305,0,0.01376269742614747,0,0.38484323202554993,0
main_scaled,Logistic Regression,2,3,312,0,0.0066780066733060145,0,0.38484323202554993,0
main_scaled,Logistic Regression,2,3,322,0,0.023619246377817243,0,0.38484323202554993,0
main_scaled,Logistic Regression,2,3,326,0,0.008469015999872214,0,0.38484323202554993,0
main_scaled,Logistic Regression,2,3,329,1,0.7667342848084386,1,0.38484323202554993,1
main_scaled,Logistic Regression,2,3,339,1,0.9999992768831232,1,0.38484323202554993,1
main_scaled,Logistic Regression,2,3,344,0,0.015938812506855173,0,0.38484323202554993,0
main_scaled,Logistic Regression,2,3,349,0,0.006382081046372866,0,0.38484323202554993,0
main_scaled,Logistic Regression,2,3,369,1,0.9999898048512664,1,0.38484323202554993,1
main_scaled,Logistic Regression,2,3,378,0,0.03040326699325798,0,0.38484323202554993,0
main_scaled,Logistic Regression,2,3,389,1,0.9962070446207371,1,0.38484323202554993,1
main_scaled,Logistic Regression,2,3,390,0,0.0011567805980615342,0,0.38484323202554993,0
main_scaled,Logistic Regression,2,3,391,0,0.0009359288136645506,0,0.38484323202554993,0
main_scaled,Logistic Regression,2,3,392,1,0.9970969891836017,1,0.38484323202554993,1
main_scaled,Logistic Regression,2,3,402,0,0.013216846545997142,0,0.38484323202554993,0
main_scaled,Logistic Regression,2,3,403,0,0.01892191597233494,0,0.38484323202554993,0
main_scaled,Logistic Regression,2,3,409,0,0.07618582634165534,0,0.38484323202554993,0
main_scaled,Logistic Regression,2,3,411,0,0.013417859630726095,0,0.38484323202554993,0
main_scaled,Logistic Regression,2,3,419,0,0.011868552548798744,0,0.38484323202554993,0
main_scaled,Logistic Regression,2,3,422,0,0.021463683964513813,0,0.38484323202554993,0
main_scaled,Logistic Regression,2,3,442,0,0.003898268673785471,0,0.38484323202554993,0
main_scaled,Logistic Regression,2,3,443,0,0.0013225205697782168,0,0.38484323202554993,0
main_scaled,Logistic Regression,2,3,445,0,0.0754608909953659,0,0.38484323202554993,0
main_scaled,Logistic Regression,2,3,449,1,0.9997913240139918,1,0.38484323202554993,1
main_scaled,Logistic Regression,2,3,461,1,0.9999999999990432,1,0.38484323202554993,1
main_scaled,Logistic Regression,2,3,464,0,0.031223743755866222,0,0.38484323202554993,0
main_scaled,Logistic Regression,2,3,468,1,0.9932915674787812,1,0.38484323202554993,1
main_scaled,Logistic Regression,2,3,482,0,0.05024037526418217,0,0.38484323202554993,0
main_scaled,Logistic Regression,2,3,484,0,0.1863238719697972,0,0.38484323202554993,0
main_scaled,Logistic Regression,2,3,487,1,0.9996282098137073,1,0.38484323202554993,1
main_scaled,Logistic Regression,2,3,494,0,0.023526810600841427,0,0.38484323202554993,0
main_scaled,Logistic Regression,2,3,502,0,0.04170811716607523,0,0.38484323202554993,0
main_scaled,Logistic Regression,2,3,514,1,0.39600271857901603,0,0.38484323202554993,1
main_scaled,Logistic Regression,2,3,515,0,0.02345429559450087,0,0.38484323202554993,0
main_scaled,Logistic Regression,2,3,519,0,0.06522286635848773,0,0.38484323202554993,0
main_scaled,Logistic Regression,2,3,521,1,0.9999983506772325,1,0.38484323202554993,1
main_scaled,Logistic Regression,2,3,531,0,0.07959898447488557,0,0.38484323202554993,0
main_scaled,Logistic Regression,2,3,532,0,0.02803871206358299,0,0.38484323202554993,0
main_scaled,Logistic Regression,2,3,533,1,0.9986617007597564,1,0.38484323202554993,1
main_scaled,Logistic Regression,2,3,534,0,0.00784435287683579,0,0.38484323202554993,0
main_scaled,Logistic Regression,2,3,539,0,0.0037546336882857165,0,0.38484323202554993,0
main_scaled,Logistic Regression,2,3,540,0,0.0029303401424957357,0,0.38484323202554993,0
main_scaled,Logistic Regression,2,3,542,0,0.3323640074691384,0,0.38484323202554993,0
main_scaled,Logistic Regression,2,3,544,0,0.029479716140033387,0,0.38484323202554993,0
main_scaled,Logistic Regression,2,3,545,0,0.09101414131062217,0,0.38484323202554993,0
main_scaled,Logistic Regression,2,3,549,0,0.03331482740588001,0,0.38484323202554993,0
main_scaled,Logistic Regression,2,3,550,0,0.0010916184464195983,0,0.38484323202554993,0
main_scaled,Logistic Regression,2,3,552,0,0.08834974387662463,0,0.38484323202554993,0
main_scaled,Logistic Regression,2,3,556,0,0.0009821318575919636,0,0.38484323202554993,0
main_scaled,Logistic Regression,2,3,564,1,0.9999803970120119,1,0.38484323202554993,1
main_scaled,Logistic Regression,2,4,8,1,0.9567601545520475,1,0.44992135440903464,1
main_scaled,Logistic Regression,2,4,9,1,0.9928893284243683,1,0.44992135440903464,1
main_scaled,Logistic Regression,2,4,11,1,0.9691657609729987,1,0.44992135440903464,1
main_scaled,Logistic Regression,2,4,15,1,0.9940961220576662,1,0.44992135440903464,1
main_scaled,Logistic Regression,2,4,23,1,0.9999527537563664,1,0.44992135440903464,1
main_scaled,Logistic Regression,2,4,25,1,0.9996891545892974,1,0.44992135440903464,1
main_scaled,Logistic Regression,2,4,27,1,0.9934809469291002,1,0.44992135440903464,1
main_scaled,Logistic Regression,2,4,31,1,0.9055733556668064,1,0.44992135440903464,1
main_scaled,Logistic Regression,2,4,33,1,0.9996761143848476,1,0.44992135440903464,1
main_scaled,Logistic Regression,2,4,44,1,0.6421298412755557,1,0.44992135440903464,1
main_scaled,Logistic Regression,2,4,45,1,0.9993571157644168,1,0.44992135440903464,1
main_scaled,Logistic Regression,2,4,46,0,0.000414157987542619,0,0.44992135440903464,0
main_scaled,Logistic Regression,2,4,47,1,0.8814746923887548,1,0.44992135440903464,1
main_scaled,Logistic Regression,2,4,52,0,0.006024343969468932,0,0.44992135440903464,0
main_scaled,Logistic Regression,2,4,65,1,0.9498549271778874,1,0.44992135440903464,1
main_scaled,Logistic Regression,2,4,66,0,0.009021144459412557,0,0.44992135440903464,0
main_scaled,Logistic Regression,2,4,75,1,0.9699645183063028,1,0.44992135440903464,1
main_scaled,Logistic Regression,2,4,90,0,0.15781480948049934,0,0.44992135440903464,0
main_scaled,Logistic Regression,2,4,94,1,0.9618055364648006,1,0.44992135440903464,1
main_scaled,Logistic Regression,2,4,96,0,0.007361296969115299,0,0.44992135440903464,0
main_scaled,Logistic Regression,2,4,103,0,0.018371930271098996,0,0.44992135440903464,0
main_scaled,Logistic Regression,2,4,104,0,0.004413905174247751,0,0.44992135440903464,0
main_scaled,Logistic Regression,2,4,106,0,0.15345779783879634,0,0.44992135440903464,0
main_scaled,Logistic Regression,2,4,108,1,0.999999944162463,1,0.44992135440903464,1
main_scaled,Logistic Regression,2,4,114,0,0.003162248515947185,0,0.44992135440903464,0
main_scaled,Logistic Regression,2,4,115,0,0.0415369617381294,0,0.44992135440903464,0
main_scaled,Logistic Regression,2,4,116,0,0.00031858013086820793,0,0.44992135440903464,0
main_scaled,Logistic Regression,2,4,119,1,0.9506771697212822,1,0.44992135440903464,1
main_scaled,Logistic Regression,2,4,124,0,0.011394765755127899,0,0.44992135440903464,0
main_scaled,Logistic Regression,2,4,126,1,0.7263397929445424,1,0.44992135440903464,1
main_scaled,Logistic Regression,2,4,128,0,0.3464531651783424,0,0.44992135440903464,0
main_scaled,Logistic Regression,2,4,142,0,0.012302722064945659,0,0.44992135440903464,0
main_scaled,Logistic Regression,2,4,157,0,0.4152329533332416,0,0.44992135440903464,0
main_scaled,Logistic Regression,2,4,170,0,0.011583059332712883,0,0.44992135440903464,0
main_scaled,Logistic Regression,2,4,175,0,0.00010597598113604256,0,0.44992135440903464,0
main_scaled,Logistic Regression,2,4,176,0,0.002585932615834047,0,0.44992135440903464,0
main_scaled,Logistic Regression,2,4,178,0,0.004459015619425843,0,0.44992135440903464,0
main_scaled,Logistic Regression,2,4,191,0,0.028532786998027804,0,0.44992135440903464,0
main_scaled,Logistic Regression,2,4,205,1,0.44992135440903464,0,0.44992135440903464,1
main_scaled,Logistic Regression,2,4,215,1,0.517302406270385,1,0.44992135440903464,1
main_scaled,Logistic Regression,2,4,216,0,0.06760207623014189,0,0.44992135440903464,0
main_scaled,Logistic Regression,2,4,221,0,0.05613249267729106,0,0.44992135440903464,0
main_scaled,Logistic Regression,2,4,225,0,0.24708486603400925,0,0.44992135440903464,0
main_scaled,Logistic Regression,2,4,227,0,0.14459798881948296,0,0.44992135440903464,0
main_scaled,Logistic Regression,2,4,228,0,0.1448839021097843,0,0.44992135440903464,0
main_scaled,Logistic Regression,2,4,236,1,0.9999996854400072,1,0.44992135440903464,1
main_scaled,Logistic Regression,2,4,237,1,0.9951661802616487,1,0.44992135440903464,1
main_scaled,Logistic Regression,2,4,242,0,0.08341642632989106,0,0.44992135440903464,0
main_scaled,Logistic Regression,2,4,244,1,0.9971219950561806,1,0.44992135440903464,1
main_scaled,Logistic Regression,2,4,246,0,0.012649219463688112,0,0.44992135440903464,0
main_scaled,Logistic Regression,2,4,256,1,0.9999463994774366,1,0.44992135440903464,1
main_scaled,Logistic Regression,2,4,272,1,0.999989394539163,1,0.44992135440903464,1
main_scaled,Logistic Regression,2,4,273,0,0.0023741668223664267,0,0.44992135440903464,0
main_scaled,Logistic Regression,2,4,277,1,0.8564535036474528,1,0.44992135440903464,1
main_scaled,Logistic Regression,2,4,278,0,0.021262137211074703,0,0.44992135440903464,0
main_scaled,Logistic Regression,2,4,286,0,0.025736232375232593,0,0.44992135440903464,0
main_scaled,Logistic Regression,2,4,288,0,0.017611448998779915,0,0.44992135440903464,0
main_scaled,Logistic Regression,2,4,300,1,0.9999466678223654,1,0.44992135440903464,1
main_scaled,Logistic Regression,2,4,308,0,0.001755507842789347,0,0.44992135440903464,0
main_scaled,Logistic Regression,2,4,319,0,0.0017229957860130985,0,0.44992135440903464,0
main_scaled,Logistic Regression,2,4,320,0,0.004380094613878266,0,0.44992135440903464,0
main_scaled,Logistic Regression,2,4,332,0,0.008838867713712319,0,0.44992135440903464,0
main_scaled,Logistic Regression,2,4,337,1,0.9994649257706484,1,0.44992135440903464,1
main_scaled,Logistic Regression,2,4,341,0,0.0045663482101661905,0,0.44992135440903464,0
main_scaled,Logistic Regression,2,4,346,0,0.011931168406260047,0,0.44992135440903464,0
main_scaled,Logistic Regression,2,4,347,0,0.13371445875764376,0,0.44992135440903464,0
main_scaled,Logistic Regression,2,4,350,0,0.003339614534633968,0,0.44992135440903464,0
main_scaled,Logistic Regression,2,4,364,0,0.014288366100633306,0,0.44992135440903464,0
main_scaled,Logistic Regression,2,4,370,1,0.996632311836289,1,0.44992135440903464,1
main_scaled,Logistic Regression,2,4,371,0,0.019212995555589238,0,0.44992135440903464,0
main_scaled,Logistic Regression,2,4,377,0,0.08035296439639271,0,0.44992135440903464,0
main_scaled,Logistic Regression,2,4,382,0,0.007881095210823126,0,0.44992135440903464,0
main_scaled,Logistic Regression,2,4,397,0,0.012982529410362445,0,0.44992135440903464,0
main_scaled,Logistic Regression,2,4,401,0,0.0075345587905639,0,0.44992135440903464,0
main_scaled,Logistic Regression,2,4,405,0,0.01763336204569619,0,0.44992135440903464,0
main_scaled,Logistic Regression,2,4,423,0,0.1671596682964552,0,0.44992135440903464,0
main_scaled,Logistic Regression,2,4,426,0,0.009917982587055592,0,0.44992135440903464,0
main_scaled,Logistic Regression,2,4,433,1,0.9985235727105009,1,0.44992135440903464,1
main_scaled,Logistic Regression,2,4,435,1,0.8061775901831109,1,0.44992135440903464,1
main_scaled,Logistic Regression,2,4,437,0,0.049147098202160115,0,0.44992135440903464,0
main_scaled,Logistic Regression,2,4,438,0,0.05189195465294381,0,0.44992135440903464,0
main_scaled,Logistic Regression,2,4,440,0,0.062086598394194725,0,0.44992135440903464,0
main_scaled,Logistic Regression,2,4,441,1,0.9898577985786797,1,0.44992135440903464,1
main_scaled,Logistic Regression,2,4,450,0,0.007070881153568209,0,0.44992135440903464,0
main_scaled,Logistic Regression,2,4,451,1,0.9964067398632478,1,0.44992135440903464,1
main_scaled,Logistic Regression,2,4,453,0,0.07769388957072275,0,0.44992135440903464,0
main_scaled,Logistic Regression,2,4,458,0,0.05898770314272174,0,0.44992135440903464,0
main_scaled,Logistic Regression,2,4,460,1,0.9991651806571538,1,0.44992135440903464,1
main_scaled,Logistic Regression,2,4,467,0,0.003000360533272609,0,0.44992135440903464,0
main_scaled,Logistic Regression,2,4,470,0,0.0077676551158087186,0,0.44992135440903464,0
main_scaled,Logistic Regression,2,4,472,0,0.09165087392143409,0,0.44992135440903464,0
main_scaled,Logistic Regression,2,4,473,0,0.026732609151281006,0,0.44992135440903464,0
main_scaled,Logistic Regression,2,4,477,0,0.012341159014172185,0,0.44992135440903464,0
main_scaled,Logistic Regression,2,4,481,0,0.07304238358246996,0,0.44992135440903464,0
main_scaled,Logistic Regression,2,4,483,0,0.04736307824509114,0,0.44992135440903464,0
main_scaled,Logistic Regression,2,4,489,1,0.5963076859548627,1,0.44992135440903464,1
main_scaled,Logistic Regression,2,4,492,1,0.9908217233510231,1,0.44992135440903464,1
main_scaled,Logistic Regression,2,4,495,0,0.1855312122301786,0,0.44992135440903464,0
main_scaled,Logistic Regression,2,4,503,1,0.9999971053601092,1,0.44992135440903464,1
main_scaled,Logistic Regression,2,4,505,0,0.007232267770643876,0,0.44992135440903464,0
main_scaled,Logistic Regression,2,4,512,1,0.9236800893361448,1,0.44992135440903464,1
main_scaled,Logistic Regression,2,4,513,0,0.1194885412712171,0,0.44992135440903464,0
main_scaled,Logistic Regression,2,4,516,1,0.9936944825051467,1,0.44992135440903464,1
main_scaled,Logistic Regression,2,4,524,0,0.0026311976043539927,0,0.44992135440903464,0
main_scaled,Logistic Regression,2,4,527,0,0.010605556585183258,0,0.44992135440903464,0
main_scaled,Logistic Regression,2,4,536,1,0.6676700155888888,1,0.44992135440903464,1
main_scaled,Logistic Regression,2,4,541,0,0.5927500796645647,1,0.44992135440903464,1
main_scaled,Logistic Regression,2,4,543,0,0.1383648207851797,0,0.44992135440903464,0
main_scaled,Logistic Regression,2,4,547,0,0.002409701538647753,0,0.44992135440903464,0
main_scaled,Logistic Regression,2,4,551,0,0.011814136662501926,0,0.44992135440903464,0
main_scaled,Logistic Regression,2,4,561,0,0.0059200579345689555,0,0.44992135440903464,0
main_scaled,Logistic Regression,2,4,565,1,0.999660548814193,1,0.44992135440903464,1
main_scaled,Logistic Regression,2,4,567,1,0.9999991842542739,1,0.44992135440903464,1
main_scaled,Logistic Regression,2,4,568,0,0.0008026917707183409,0,0.44992135440903464,0
main_scaled,Logistic Regression,2,5,1,1,0.9999732504549962,1,0.30435537927844536,1
main_scaled,Logistic Regression,2,5,4,1,0.9999715240705812,1,0.30435537927844536,1
main_scaled,Logistic Regression,2,5,7,1,0.9850111226191723,1,0.30435537927844536,1
main_scaled,Logistic Regression,2,5,13,1,0.7037335005944675,1,0.30435537927844536,1
main_scaled,Logistic Regression,2,5,18,1,0.9999999983394765,1,0.30435537927844536,1
main_scaled,Logistic Regression,2,5,20,0,0.0017142548603936618,0,0.30435537927844536,0
main_scaled,Logistic Regression,2,5,22,1,0.9979426698780592,1,0.30435537927844536,1
main_scaled,Logistic Regression,2,5,28,1,0.9999975629766708,1,0.30435537927844536,1
main_scaled,Logistic Regression,2,5,32,1,0.999998997437546,1,0.30435537927844536,1
main_scaled,Logistic Regression,2,5,34,1,0.999773196072009,1,0.30435537927844536,1
main_scaled,Logistic Regression,2,5,41,1,0.7724248128315702,1,0.30435537927844536,1
main_scaled,Logistic Regression,2,5,42,1,0.9999999494016717,1,0.30435537927844536,1
main_scaled,Logistic Regression,2,5,48,0,0.003923267478613333,0,0.30435537927844536,0
main_scaled,Logistic Regression,2,5,53,1,0.9994653695220994,1,0.30435537927844536,1
main_scaled,Logistic Regression,2,5,58,0,0.00023248914025806314,0,0.30435537927844536,0
main_scaled,Logistic Regression,2,5,64,1,0.998405285628916,1,0.30435537927844536,1
main_scaled,Logistic Regression,2,5,70,1,0.999995166852501,1,0.30435537927844536,1
main_scaled,Logistic Regression,2,5,71,0,7.60493761602478e-09,0,0.30435537927844536,0
main_scaled,Logistic Regression,2,5,77,1,0.9999960530781691,1,0.30435537927844536,1
main_scaled,Logistic Regression,2,5,79,0,0.003865366842594865,0,0.30435537927844536,0
main_scaled,Logistic Regression,2,5,92,0,0.004856190366416434,0,0.30435537927844536,0
main_scaled,Logistic Regression,2,5,110,0,5.1138916854082656e-05,0,0.30435537927844536,0
main_scaled,Logistic Regression,2,5,112,0,0.013607517425329252,0,0.30435537927844536,0
main_scaled,Logistic Regression,2,5,125,0,0.001119267222209646,0,0.30435537927844536,0
main_scaled,Logistic Regression,2,5,129,1,0.9999993259485196,1,0.30435537927844536,1
main_scaled,Logistic Regression,2,5,130,0,0.00041413163444647396,0,0.30435537927844536,0
main_scaled,Logistic Regression,2,5,133,0,0.148129521663129,0,0.30435537927844536,0
main_scaled,Logistic Regression,2,5,145,0,2.6716692972483e-05,0,0.30435537927844536,0
main_scaled,Logistic Regression,2,5,149,0,0.0006005783014771456,0,0.30435537927844536,0
main_scaled,Logistic Regression,2,5,155,0,0.0032167755295903623,0,0.30435537927844536,0
main_scaled,Logistic Regression,2,5,156,1,0.999802497225857,1,0.30435537927844536,1
main_scaled,Logistic Regression,2,5,161,1,0.9999106066339315,1,0.30435537927844536,1
main_scaled,Logistic Regression,2,5,169,0,0.010467288938939326,0,0.30435537927844536,0
main_scaled,Logistic Regression,2,5,171,1,0.8854522334283713,1,0.30435537927844536,1
main_scaled,Logistic Regression,2,5,172,1,0.9936744039108887,1,0.30435537927844536,1
main_scaled,Logistic Regression,2,5,173,0,1.5486670202831547e-06,0,0.30435537927844536,0
main_scaled,Logistic Regression,2,5,177,1,0.9964248193620865,1,0.30435537927844536,1
main_scaled,Logistic Regression,2,5,179,0,2.1480591031011676e-05,0,0.30435537927844536,0
main_scaled,Logistic Regression,2,5,180,1,0.9999999999999525,1,0.30435537927844536,1
main_scaled,Logistic Regression,2,5,182,1,0.9968060513197409,1,0.30435537927844536,1
main_scaled,Logistic Regression,2,5,185,0,0.00013783506804390078,0,0.30435537927844536,0
main_scaled,Logistic Regression,2,5,206,0,8.49411770081894e-05,0,0.30435537927844536,0
main_scaled,Logistic Regression,2,5,217,0,1.7643938580979444e-05,0,0.30435537927844536,0
main_scaled,Logistic Regression,2,5,219,1,0.9999999977955463,1,0.30435537927844536,1
main_scaled,Logistic Regression,2,5,220,0,0.00048432739239412994,0,0.30435537927844536,0
main_scaled,Logistic Regression,2,5,222,0,7.753973412753653e-05,0,0.30435537927844536,0
main_scaled,Logistic Regression,2,5,223,1,0.9989172562281594,1,0.30435537927844536,1
main_scaled,Logistic Regression,2,5,233,1,0.9999993110251924,1,0.30435537927844536,1
main_scaled,Logistic Regression,2,5,247,0,0.013707789423590421,0,0.30435537927844536,0
main_scaled,Logistic Regression,2,5,262,1,0.9979367146348697,1,0.30435537927844536,1
main_scaled,Logistic Regression,2,5,263,1,0.30435537927844536,0,0.30435537927844536,1
main_scaled,Logistic Regression,2,5,264,1,0.9999467970452764,1,0.30435537927844536,1
main_scaled,Logistic Regression,2,5,265,1,0.9999999999998699,1,0.30435537927844536,1
main_scaled,Logistic Regression,2,5,275,0,0.011377477566398852,0,0.30435537927844536,0
main_scaled,Logistic Regression,2,5,276,0,1.4084190066003276e-05,0,0.30435537927844536,0
main_scaled,Logistic Regression,2,5,287,0,1.0028987219557636e-05,0,0.30435537927844536,0
main_scaled,Logistic Regression,2,5,297,1,0.0018145665065791622,0,0.30435537927844536,0
main_scaled,Logistic Regression,2,5,299,0,3.7664646995225486e-05,0,0.30435537927844536,0
main_scaled,Logistic Regression,2,5,302,1,0.9999999701975726,1,0.30435537927844536,1
main_scaled,Logistic Regression,2,5,303,0,3.970772659805157e-05,0,0.30435537927844536,0
main_scaled,Logistic Regression,2,5,304,0,4.8100198011934876e-05,0,0.30435537927844536,0
main_scaled,Logistic Regression,2,5,306,0,0.00010125393922070602,0,0.30435537927844536,0
main_scaled,Logistic Regression,2,5,307,0,4.334883150528998e-07,0,0.30435537927844536,0
main_scaled,Logistic Regression,2,5,317,1,0.9996987282163771,1,0.30435537927844536,1
main_scaled,Logistic Regression,2,5,327,0,1.822624708304246e-05,0,0.30435537927844536,0
main_scaled,Logistic Regression,2,5,328,1,0.9995441362882186,1,0.30435537927844536,1
main_scaled,Logistic Regression,2,5,333,0,2.6633740178189388e-05,0,0.30435537927844536,0
main_scaled,Logistic Regression,2,5,334,0,0.000308595047941372,0,0.30435537927844536,0
main_scaled,Logistic Regression,2,5,338,0,0.00020143031662330123,0,0.30435537927844536,0
main_scaled,Logistic Regression,2,5,342,0,0.0006678431112225529,0,0.30435537927844536,0
main_scaled,Logistic Regression,2,5,345,0,1.5610988084744154e-06,0,0.30435537927844536,0
main_scaled,Logistic Regression,2,5,353,1,0.9996645646337327,1,0.30435537927844536,1
main_scaled,Logistic Regression,2,5,355,0,0.0007938562664210388,0,0.30435537927844536,0
main_scaled,Logistic Regression,2,5,360,0,6.159419418567011e-05,0,0.30435537927844536,0
main_scaled,Logistic Regression,2,5,362,0,0.0017217209696957568,0,0.30435537927844536,0
main_scaled,Logistic Regression,2,5,373,1,0.9999990949341038,1,0.30435537927844536,1
main_scaled,Logistic Regression,2,5,375,0,0.07430423241569885,0,0.30435537927844536,0
main_scaled,Logistic Regression,2,5,376,0,0.0002465190594710181,0,0.30435537927844536,0
main_scaled,Logistic Regression,2,5,381,0,6.137168110848676e-05,0,0.30435537927844536,0
main_scaled,Logistic Regression,2,5,385,1,0.7948224824261075,1,0.30435537927844536,1
main_scaled,Logistic Regression,2,5,396,0,0.17713297947258028,0,0.30435537927844536,0
main_scaled,Logistic Regression,2,5,400,1,0.9999993455153153,1,0.30435537927844536,1
main_scaled,Logistic Regression,2,5,407,0,0.00032458702378170034,0,0.30435537927844536,0
main_scaled,Logistic Regression,2,5,410,0,0.018499646718708105,0,0.30435537927844536,0
main_scaled,Logistic Regression,2,5,413,0,0.6143638344946892,1,0.30435537927844536,1
main_scaled,Logistic Regression,2,5,424,0,0.0020306875403487616,0,0.30435537927844536,0
main_scaled,Logistic Regression,2,5,425,0,2.4053478274233916e-05,0,0.30435537927844536,0
main_scaled,Logistic Regression,2,5,427,0,0.007624811046781171,0,0.30435537927844536,0
main_scaled,Logistic Regression,2,5,428,0,4.717582393184649e-06,0,0.30435537927844536,0
main_scaled,Logistic Regression,2,5,432,1,0.9999962768758311,1,0.30435537927844536,1
main_scaled,Logistic Regression,2,5,436,0,0.008309660960431198,0,0.30435537927844536,0
main_scaled,Logistic Regression,2,5,444,1,0.9829686493144963,1,0.30435537927844536,1
main_scaled,Logistic Regression,2,5,447,0,0.056349825135134056,0,0.30435537927844536,0
main_scaled,Logistic Regression,2,5,459,0,0.00031061395664156273,0,0.30435537927844536,0
main_scaled,Logistic Regression,2,5,462,0,0.02803918143644238,0,0.30435537927844536,0
main_scaled,Logistic Regression,2,5,463,0,0.001142787616415466,0,0.30435537927844536,0
main_scaled,Logistic Regression,2,5,469,0,0.18301762455320508,0,0.30435537927844536,0
main_scaled,Logistic Regression,2,5,485,0,0.005070448397896879,0,0.30435537927844536,0
main_scaled,Logistic Regression,2,5,488,0,0.007006891688831123,0,0.30435537927844536,0
main_scaled,Logistic Regression,2,5,493,0,3.611498660952038e-06,0,0.30435537927844536,0
main_scaled,Logistic Regression,2,5,497,0,0.00344894861916,0,0.30435537927844536,0
main_scaled,Logistic Regression,2,5,499,1,0.9999997874915821,1,0.30435537927844536,1
main_scaled,Logistic Regression,2,5,500,0,0.030457942188157495,0,0.30435537927844536,0
main_scaled,Logistic Regression,2,5,507,0,0.0003444294310428526,0,0.30435537927844536,0
main_scaled,Logistic Regression,2,5,509,1,0.999433059298667,1,0.30435537927844536,1
main_scaled,Logistic Regression,2,5,510,0,2.060060666713851e-05,0,0.30435537927844536,0
main_scaled,Logistic Regression,2,5,525,0,1.9844602908689975e-05,0,0.30435537927844536,0
main_scaled,Logistic Regression,2,5,537,0,0.10987977013712816,0,0.30435537927844536,0
main_scaled,Logistic Regression,2,5,546,0,2.1492238269423506e-05,0,0.30435537927844536,0
main_scaled,Logistic Regression,2,5,548,0,3.409711937743444e-05,0,0.30435537927844536,0
main_scaled,Logistic Regression,2,5,553,0,5.363761013864139e-06,0,0.30435537927844536,0
main_scaled,Logistic Regression,2,5,554,0,0.04719772217870385,0,0.30435537927844536,0
main_scaled,Logistic Regression,2,5,559,0,0.010042554222953862,0,0.30435537927844536,0
main_scaled,Logistic Regression,3,1,1,1,0.9999295852262331,1,0.2353251384134306,1
main_scaled,Logistic Regression,3,1,3,1,0.9998057417098977,1,0.2353251384134306,1
main_scaled,Logistic Regression,3,1,4,1,0.9999242396235364,1,0.2353251384134306,1
main_scaled,Logistic Regression,3,1,5,1,0.9529141505204777,1,0.2353251384134306,1
main_scaled,Logistic Regression,3,1,10,1,0.9219608561223828,1,0.2353251384134306,1
main_scaled,Logistic Regression,3,1,30,1,0.9999999399171561,1,0.2353251384134306,1
main_scaled,Logistic Regression,3,1,42,1,0.9999999522939307,1,0.2353251384134306,1
main_scaled,Logistic Regression,3,1,43,1,0.9610519205361606,1,0.2353251384134306,1
main_scaled,Logistic Regression,3,1,53,1,0.9992008620065118,1,0.2353251384134306,1
main_scaled,Logistic Regression,3,1,57,1,0.9961302380695485,1,0.2353251384134306,1
main_scaled,Logistic Regression,3,1,62,1,0.9992722983548272,1,0.2353251384134306,1
main_scaled,Logistic Regression,3,1,65,1,0.9954641710998363,1,0.2353251384134306,1
main_scaled,Logistic Regression,3,1,70,1,0.9999925281447376,1,0.2353251384134306,1
main_scaled,Logistic Regression,3,1,75,1,0.999596583907019,1,0.2353251384134306,1
main_scaled,Logistic Regression,3,1,79,0,0.005540326782526409,0,0.2353251384134306,0
main_scaled,Logistic Regression,3,1,81,0,0.40825813702911207,0,0.2353251384134306,1
main_scaled,Logistic Regression,3,1,83,1,0.9988905060266262,1,0.2353251384134306,1
main_scaled,Logistic Regression,3,1,92,0,0.013949019707472896,0,0.2353251384134306,0
main_scaled,Logistic Regression,3,1,93,0,0.02072434855398544,0,0.2353251384134306,0
main_scaled,Logistic Regression,3,1,101,0,1.0747600644512928e-06,0,0.2353251384134306,0
main_scaled,Logistic Regression,3,1,108,1,0.9999999999992686,1,0.2353251384134306,1
main_scaled,Logistic Regression,3,1,110,0,0.00025880703244393437,0,0.2353251384134306,0
main_scaled,Logistic Regression,3,1,111,0,0.014080493635677007,0,0.2353251384134306,0
main_scaled,Logistic Regression,3,1,114,0,0.0003251939334521082,0,0.2353251384134306,0
main_scaled,Logistic Regression,3,1,115,0,0.00874700343498079,0,0.2353251384134306,0
main_scaled,Logistic Regression,3,1,122,1,0.9999999999589053,1,0.2353251384134306,1
main_scaled,Logistic Regression,3,1,142,0,0.0008026485432832198,0,0.2353251384134306,0
main_scaled,Logistic Regression,3,1,144,0,2.4790227732421728e-05,0,0.2353251384134306,0
main_scaled,Logistic Regression,3,1,145,0,6.317572970667412e-05,0,0.2353251384134306,0
main_scaled,Logistic Regression,3,1,149,0,0.0009397045102238078,0,0.2353251384134306,0
main_scaled,Logistic Regression,3,1,158,0,0.00017732522954572234,0,0.2353251384134306,0
main_scaled,Logistic Regression,3,1,163,0,0.006964993797575839,0,0.2353251384134306,0
main_scaled,Logistic Regression,3,1,177,1,0.9942797828329822,1,0.2353251384134306,1
main_scaled,Logistic Regression,3,1,180,1,0.9999999999989153,1,0.2353251384134306,1
main_scaled,Logistic Regression,3,1,181,1,0.9999999982147323,1,0.2353251384134306,1
main_scaled,Logistic Regression,3,1,188,0,0.0008216160903271688,0,0.2353251384134306,0
main_scaled,Logistic Regression,3,1,191,0,0.00631964837681731,0,0.2353251384134306,0
main_scaled,Logistic Regression,3,1,206,0,0.00021890864810956192,0,0.2353251384134306,0
main_scaled,Logistic Regression,3,1,220,0,0.0008132054358437562,0,0.2353251384134306,0
main_scaled,Logistic Regression,3,1,222,0,0.00022112290820622876,0,0.2353251384134306,0
main_scaled,Logistic Regression,3,1,223,1,0.9980008464655691,1,0.2353251384134306,1
main_scaled,Logistic Regression,3,1,225,0,0.32785274442741896,0,0.2353251384134306,1
main_scaled,Logistic Regression,3,1,233,1,0.9999970104255148,1,0.2353251384134306,1
main_scaled,Logistic Regression,3,1,243,0,0.014163821705926281,0,0.2353251384134306,0
main_scaled,Logistic Regression,3,1,248,0,0.034006760182100346,0,0.2353251384134306,0
main_scaled,Logistic Regression,3,1,250,1,0.9999999899662483,1,0.2353251384134306,1
main_scaled,Logistic Regression,3,1,258,1,0.9999999727194663,1,0.2353251384134306,1
main_scaled,Logistic Regression,3,1,263,1,0.2353251384134306,0,0.2353251384134306,1
main_scaled,Logistic Regression,3,1,288,0,0.0011726664259585316,0,0.2353251384134306,0
main_scaled,Logistic Regression,3,1,294,0,0.00012557838098085737,0,0.2353251384134306,0
main_scaled,Logistic Regression,3,1,295,0,0.000309254231025431,0,0.2353251384134306,0
main_scaled,Logistic Regression,3,1,296,0,7.161499333298853e-07,0,0.2353251384134306,0
main_scaled,Logistic Regression,3,1,298,0,0.0071889680128933,0,0.2353251384134306,0
main_scaled,Logistic Regression,3,1,303,0,0.00011847958948685298,0,0.2353251384134306,0
main_scaled,Logistic Regression,3,1,306,0,0.00014243588974033292,0,0.2353251384134306,0
main_scaled,Logistic Regression,3,1,309,0,0.00023506759555836493,0,0.2353251384134306,0
main_scaled,Logistic Regression,3,1,310,0,0.0011546530704277449,0,0.2353251384134306,0
main_scaled,Logistic Regression,3,1,317,1,0.9992177838149432,1,0.2353251384134306,1
main_scaled,Logistic Regression,3,1,331,0,0.024687405457580695,0,0.2353251384134306,0
main_scaled,Logistic Regression,3,1,332,0,0.0008607061869551477,0,0.2353251384134306,0
main_scaled,Logistic Regression,3,1,337,1,0.9999988902701025,1,0.2353251384134306,1
main_scaled,Logistic Regression,3,1,350,0,0.00032461737103476565,0,0.2353251384134306,0
main_scaled,Logistic Regression,3,1,352,1,0.9999999999995477,1,0.2353251384134306,1
main_scaled,Logistic Regression,3,1,357,0,0.002001424607413449,0,0.2353251384134306,0
main_scaled,Logistic Regression,3,1,359,0,0.0017849730121224953,0,0.2353251384134306,0
main_scaled,Logistic Regression,3,1,362,0,0.002939115559373409,0,0.2353251384134306,0
main_scaled,Logistic Regression,3,1,366,1,0.9999999341432327,1,0.2353251384134306,1
main_scaled,Logistic Regression,3,1,370,1,0.9999799660398745,1,0.2353251384134306,1
main_scaled,Logistic Regression,3,1,379,1,0.9969550805709022,1,0.2353251384134306,1
main_scaled,Logistic Regression,3,1,380,0,0.01810784118874922,0,0.2353251384134306,0
main_scaled,Logistic Regression,3,1,386,0,0.0004336210336569523,0,0.2353251384134306,0
main_scaled,Logistic Regression,3,1,391,0,3.223931385922451e-05,0,0.2353251384134306,0
main_scaled,Logistic Regression,3,1,397,0,0.0006236801452446694,0,0.2353251384134306,0
main_scaled,Logistic Regression,3,1,398,0,9.267336782348373e-05,0,0.2353251384134306,0
main_scaled,Logistic Regression,3,1,400,1,0.9999928092330703,1,0.2353251384134306,1
main_scaled,Logistic Regression,3,1,403,0,0.0015929941772301803,0,0.2353251384134306,0
main_scaled,Logistic Regression,3,1,410,0,0.03063547302972347,0,0.2353251384134306,0
main_scaled,Logistic Regression,3,1,412,0,1.1339951267931865e-05,0,0.2353251384134306,0
main_scaled,Logistic Regression,3,1,413,0,0.5950160622024478,1,0.2353251384134306,1
main_scaled,Logistic Regression,3,1,414,1,0.9351040930659245,1,0.2353251384134306,1
main_scaled,Logistic Regression,3,1,418,0,0.0005299873749934678,0,0.2353251384134306,0
main_scaled,Logistic Regression,3,1,422,0,0.0032701026474759817,0,0.2353251384134306,0
main_scaled,Logistic Regression,3,1,423,0,0.06615136860688398,0,0.2353251384134306,0
main_scaled,Logistic Regression,3,1,424,0,0.007354484880284818,0,0.2353251384134306,0
main_scaled,Logistic Regression,3,1,429,0,0.0003237075286449729,0,0.2353251384134306,0
main_scaled,Logistic Regression,3,1,437,0,0.019879700029184988,0,0.2353251384134306,0
main_scaled,Logistic Regression,3,1,444,1,0.9557621534710561,1,0.2353251384134306,1
main_scaled,Logistic Regression,3,1,445,0,0.04569929821236265,0,0.2353251384134306,0
main_scaled,Logistic Regression,3,1,448,0,0.08940089185023818,0,0.2353251384134306,0
main_scaled,Logistic Regression,3,1,451,1,0.99993528051547,1,0.2353251384134306,1
main_scaled,Logistic Regression,3,1,454,0,0.006527616790933244,0,0.2353251384134306,0
main_scaled,Logistic Regression,3,1,456,0,0.19600738283895777,0,0.2353251384134306,0
main_scaled,Logistic Regression,3,1,458,0,0.014432513021406239,0,0.2353251384134306,0
main_scaled,Logistic Regression,3,1,460,1,0.9999992879030596,1,0.2353251384134306,1
main_scaled,Logistic Regression,3,1,462,0,0.02439946479898129,0,0.2353251384134306,0
main_scaled,Logistic Regression,3,1,464,0,0.009069525035858655,0,0.2353251384134306,0
main_scaled,Logistic Regression,3,1,467,0,0.00038396553518934504,0,0.2353251384134306,0
main_scaled,Logistic Regression,3,1,468,1,0.9999007023862866,1,0.2353251384134306,1
main_scaled,Logistic Regression,3,1,476,0,0.14046360119871246,0,0.2353251384134306,0
main_scaled,Logistic Regression,3,1,478,0,0.000562120408907665,0,0.2353251384134306,0
main_scaled,Logistic Regression,3,1,492,1,0.9998298488138482,1,0.2353251384134306,1
main_scaled,Logistic Regression,3,1,503,1,0.9999999999409992,1,0.2353251384134306,1
main_scaled,Logistic Regression,3,1,514,1,0.5004859271721146,1,0.2353251384134306,1
main_scaled,Logistic Regression,3,1,535,1,0.9999985300413287,1,0.2353251384134306,1
main_scaled,Logistic Regression,3,1,536,1,0.7089481215809952,1,0.2353251384134306,1
main_scaled,Logistic Regression,3,1,537,0,0.13147243095623037,0,0.2353251384134306,0
main_scaled,Logistic Regression,3,1,544,0,0.0036610324438979087,0,0.2353251384134306,0
main_scaled,Logistic Regression,3,1,548,0,0.0001567750098687681,0,0.2353251384134306,0
main_scaled,Logistic Regression,3,1,550,0,4.021935643975486e-05,0,0.2353251384134306,0
main_scaled,Logistic Regression,3,1,552,0,0.053553576708815054,0,0.2353251384134306,0
main_scaled,Logistic Regression,3,1,554,0,0.05182431879403444,0,0.2353251384134306,0
main_scaled,Logistic Regression,3,1,559,0,0.02153141762001261,0,0.2353251384134306,0
main_scaled,Logistic Regression,3,1,560,0,0.19829414033944776,0,0.2353251384134306,0
main_scaled,Logistic Regression,3,1,563,1,0.9999999986016754,1,0.2353251384134306,1
main_scaled,Logistic Regression,3,2,6,1,0.9999630141819512,1,0.5146198750254264,1
main_scaled,Logistic Regression,3,2,11,1,0.998864718018029,1,0.5146198750254264,1
main_scaled,Logistic Regression,3,2,14,1,0.9736128538231994,1,0.5146198750254264,1
main_scaled,Logistic Regression,3,2,26,1,0.9995252861494747,1,0.5146198750254264,1
main_scaled,Logistic Regression,3,2,27,1,0.9999815187592844,1,0.5146198750254264,1
main_scaled,Logistic Regression,3,2,32,1,0.9999990192701939,1,0.5146198750254264,1
main_scaled,Logistic Regression,3,2,38,1,0.9353619921701076,1,0.5146198750254264,1
main_scaled,Logistic Regression,3,2,40,1,0.05646568486306422,0,0.5146198750254264,0
main_scaled,Logistic Regression,3,2,51,0,0.0005319621135612008,0,0.5146198750254264,0
main_scaled,Logistic Regression,3,2,60,0,4.20141504601482e-05,0,0.5146198750254264,0
main_scaled,Logistic Regression,3,2,61,0,0.00018979368782697195,0,0.5146198750254264,0
main_scaled,Logistic Regression,3,2,67,0,0.0007199345614705852,0,0.5146198750254264,0
main_scaled,Logistic Regression,3,2,69,0,0.0006268208310384863,0,0.5146198750254264,0
main_scaled,Logistic Regression,3,2,71,0,2.03334558567544e-08,0,0.5146198750254264,0
main_scaled,Logistic Regression,3,2,73,1,0.0902239272633065,0,0.5146198750254264,0
main_scaled,Logistic Regression,3,2,77,1,0.99999835589716,1,0.5146198750254264,1
main_scaled,Logistic Regression,3,2,78,1,0.9999999999371023,1,0.5146198750254264,1
main_scaled,Logistic Regression,3,2,80,0,0.017320783959626603,0,0.5146198750254264,0
main_scaled,Logistic Regression,3,2,84,0,0.0028545469937725516,0,0.5146198750254264,0
main_scaled,Logistic Regression,3,2,91,1,0.6733742452727242,1,0.5146198750254264,1
main_scaled,Logistic Regression,3,2,96,0,0.00022950661594940656,0,0.5146198750254264,0
main_scaled,Logistic Regression,3,2,100,1,0.9535765555088476,1,0.5146198750254264,1
main_scaled,Logistic Regression,3,2,104,0,5.3766597192592246e-05,0,0.5146198750254264,0
main_scaled,Logistic Regression,3,2,107,0,0.0010223456773768196,0,0.5146198750254264,0
main_scaled,Logistic Regression,3,2,116,0,5.628049228357734e-07,0,0.5146198750254264,0
main_scaled,Logistic Regression,3,2,118,1,0.99999462060474,1,0.5146198750254264,1
main_scaled,Logistic Regression,3,2,123,0,0.022751587653346055,0,0.5146198750254264,0
main_scaled,Logistic Regression,3,2,124,0,0.00023085642269103247,0,0.5146198750254264,0
main_scaled,Logistic Regression,3,2,128,0,0.16887419733923412,0,0.5146198750254264,0
main_scaled,Logistic Regression,3,2,129,1,0.999998335913736,1,0.5146198750254264,1
main_scaled,Logistic Regression,3,2,130,0,0.0004481257692409684,0,0.5146198750254264,0
main_scaled,Logistic Regression,3,2,135,1,0.12236741403835197,0,0.5146198750254264,0
main_scaled,Logistic Regression,3,2,140,0,5.635908542481943e-07,0,0.5146198750254264,0
main_scaled,Logistic Regression,3,2,148,0,0.09867538925144481,0,0.5146198750254264,0
main_scaled,Logistic Regression,3,2,151,0,0.00016449270793702877,0,0.5146198750254264,0
main_scaled,Logistic Regression,3,2,154,0,0.06186615222998127,0,0.5146198750254264,0
main_scaled,Logistic Regression,3,2,159,0,2.1329179469193272e-05,0,0.5146198750254264,0
main_scaled,Logistic Regression,3,2,161,1,0.9999840053839595,1,0.5146198750254264,1
main_scaled,Logistic Regression,3,2,162,1,0.999999997903604,1,0.5146198750254264,1
main_scaled,Logistic Regression,3,2,164,1,0.9999999956983046,1,0.5146198750254264,1
main_scaled,Logistic Regression,3,2,176,0,2.257821402237413e-05,0,0.5146198750254264,0
main_scaled,Logistic Regression,3,2,192,0,7.370827293079808e-08,0,0.5146198750254264,0
main_scaled,Logistic Regression,3,2,200,0,0.05466639924373406,0,0.5146198750254264,0
main_scaled,Logistic Regression,3,2,201,1,0.9983960538825792,1,0.5146198750254264,1
main_scaled,Logistic Regression,3,2,202,1,0.9999999998972078,1,0.5146198750254264,1
main_scaled,Logistic Regression,3,2,203,1,0.9999995919158491,1,0.5146198750254264,1
main_scaled,Logistic Regression,3,2,212,1,1.0,1,0.5146198750254264,1
main_scaled,Logistic Regression,3,2,215,1,0.5146198750254264,1,0.5146198750254264,1
main_scaled,Logistic Regression,3,2,219,1,0.9999999987508013,1,0.5146198750254264,1
main_scaled,Logistic Regression,3,2,224,0,0.013828679561347777,0,0.5146198750254264,0
main_scaled,Logistic Regression,3,2,228,0,0.05193754087315501,0,0.5146198750254264,0
main_scaled,Logistic Regression,3,2,229,1,0.9823339850044871,1,0.5146198750254264,1
main_scaled,Logistic Regression,3,2,237,1,0.9999741240927316,1,0.5146198750254264,1
main_scaled,Logistic Regression,3,2,247,0,0.007156641971954584,0,0.5146198750254264,0
main_scaled,Logistic Regression,3,2,251,0,0.0012021178409487728,0,0.5146198750254264,0
main_scaled,Logistic Regression,3,2,259,1,0.9999979535548111,1,0.5146198750254264,1
main_scaled,Logistic Regression,3,2,260,1,0.9999997787112481,1,0.5146198750254264,1
main_scaled,Logistic Regression,3,2,264,1,0.9999310348024015,1,0.5146198750254264,1
main_scaled,Logistic Regression,3,2,272,1,0.9999999998477966,1,0.5146198750254264,1
main_scaled,Logistic Regression,3,2,274,1,0.997659370312153,1,0.5146198750254264,1
main_scaled,Logistic Regression,3,2,289,0,0.0003564349917009325,0,0.5146198750254264,0
main_scaled,Logistic Regression,3,2,291,0,0.3164263305920576,0,0.5146198750254264,0
main_scaled,Logistic Regression,3,2,292,0,0.0069461150009294354,0,0.5146198750254264,0
main_scaled,Logistic Regression,3,2,318,0,0.0004325645793027595,0,0.5146198750254264,0
main_scaled,Logistic Regression,3,2,322,0,0.003646909244957529,0,0.5146198750254264,0
main_scaled,Logistic Regression,3,2,325,0,0.0008271383961737127,0,0.5146198750254264,0
main_scaled,Logistic Regression,3,2,326,0,0.0006292979420791599,0,0.5146198750254264,0
main_scaled,Logistic Regression,3,2,327,0,2.0184323509462673e-05,0,0.5146198750254264,0
main_scaled,Logistic Regression,3,2,341,0,6.090721288253763e-05,0,0.5146198750254264,0
main_scaled,Logistic Regression,3,2,345,0,4.4873158803733995e-06,0,0.5146198750254264,0
main_scaled,Logistic Regression,3,2,347,0,0.08756372842617934,0,0.5146198750254264,0
main_scaled,Logistic Regression,3,2,358,0,1.2227177652318825e-05,0,0.5146198750254264,0
main_scaled,Logistic Regression,3,2,368,1,0.9999999999940643,1,0.5146198750254264,1
main_scaled,Logistic Regression,3,2,369,1,0.9999999998918376,1,0.5146198750254264,1
main_scaled,Logistic Regression,3,2,371,0,0.000632937122667158,0,0.5146198750254264,0
main_scaled,Logistic Regression,3,2,374,0,0.0007497378454225605,0,0.5146198750254264,0
main_scaled,Logistic Regression,3,2,381,0,3.218429804435962e-05,0,0.5146198750254264,0
main_scaled,Logistic Regression,3,2,384,0,0.000505742835445933,0,0.5146198750254264,0
main_scaled,Logistic Regression,3,2,387,0,0.00014939509559029648,0,0.5146198750254264,0
main_scaled,Logistic Regression,3,2,399,0,0.000921078599251946,0,0.5146198750254264,0
main_scaled,Logistic Regression,3,2,416,0,0.0015411356915150482,0,0.5146198750254264,0
main_scaled,Logistic Regression,3,2,417,1,0.9999999966930286,1,0.5146198750254264,1
main_scaled,Logistic Regression,3,2,421,0,0.13838872288605228,0,0.5146198750254264,0
main_scaled,Logistic Regression,3,2,432,1,0.9999978167367405,1,0.5146198750254264,1
main_scaled,Logistic Regression,3,2,438,0,0.009520892221277144,0,0.5146198750254264,0
main_scaled,Logistic Regression,3,2,440,0,0.011982458105338028,0,0.5146198750254264,0
main_scaled,Logistic Regression,3,2,449,1,0.999999957258433,1,0.5146198750254264,1
main_scaled,Logistic Regression,3,2,455,0,0.33537455099613483,0,0.5146198750254264,0
main_scaled,Logistic Regression,3,2,461,1,1.0,1,0.5146198750254264,1
main_scaled,Logistic Regression,3,2,469,0,0.21858920095530834,0,0.5146198750254264,0
main_scaled,Logistic Regression,3,2,472,0,0.01373176080203632,0,0.5146198750254264,0
main_scaled,Logistic Regression,3,2,473,0,0.0021350221698812916,0,0.5146198750254264,0
main_scaled,Logistic Regression,3,2,479,1,0.9673781703274205,1,0.5146198750254264,1
main_scaled,Logistic Regression,3,2,482,0,0.007247292938129529,0,0.5146198750254264,0
main_scaled,Logistic Regression,3,2,486,0,0.01705557381055464,0,0.5146198750254264,0
main_scaled,Logistic Regression,3,2,488,0,0.011042774311785322,0,0.5146198750254264,0
main_scaled,Logistic Regression,3,2,489,1,0.6833351576164737,1,0.5146198750254264,1
main_scaled,Logistic Regression,3,2,495,0,0.09302096665561349,0,0.5146198750254264,0
main_scaled,Logistic Regression,3,2,496,0,0.07971319110698727,0,0.5146198750254264,0
main_scaled,Logistic Regression,3,2,506,0,0.001650187200563914,0,0.5146198750254264,0
main_scaled,Logistic Regression,3,2,508,0,0.06996492815139267,0,0.5146198750254264,0
main_scaled,Logistic Regression,3,2,510,0,2.1996098491050548e-05,0,0.5146198750254264,0
main_scaled,Logistic Regression,3,2,513,0,0.047328926148963064,0,0.5146198750254264,0
main_scaled,Logistic Regression,3,2,515,0,0.002369071755773266,0,0.5146198750254264,0
main_scaled,Logistic Regression,3,2,517,1,0.9999736012048877,1,0.5146198750254264,1
main_scaled,Logistic Regression,3,2,518,0,0.06331387957229544,0,0.5146198750254264,0
main_scaled,Logistic Regression,3,2,520,0,0.0006013744032411295,0,0.5146198750254264,0
main_scaled,Logistic Regression,3,2,522,0,2.3509806431766652e-05,0,0.5146198750254264,0
main_scaled,Logistic Regression,3,2,538,0,2.3067602454505667e-05,0,0.5146198750254264,0
main_scaled,Logistic Regression,3,2,540,0,3.828572755199447e-05,0,0.5146198750254264,0
main_scaled,Logistic Regression,3,2,542,0,0.2471614624808197,0,0.5146198750254264,0
main_scaled,Logistic Regression,3,2,561,0,0.00013818436674427638,0,0.5146198750254264,0
main_scaled,Logistic Regression,3,2,565,1,0.9999998549348672,1,0.5146198750254264,1
main_scaled,Logistic Regression,3,2,566,1,0.9878994609221852,1,0.5146198750254264,1
main_scaled,Logistic Regression,3,3,0,1,0.9999592384347167,1,0.42798229529595566,1
main_scaled,Logistic Regression,3,3,16,1,0.8817198152442991,1,0.42798229529595566,1
main_scaled,Logistic Regression,3,3,18,1,0.9999471350836365,1,0.42798229529595566,1
main_scaled,Logistic Regression,3,3,23,1,0.9999343011180429,1,0.42798229529595566,1
main_scaled,Logistic Regression,3,3,47,1,0.8798649481027782,1,0.42798229529595566,1
main_scaled,Logistic Regression,3,3,52,0,0.006260751152615037,0,0.42798229529595566,0
main_scaled,Logistic Regression,3,3,55,0,0.014447408822112725,0,0.42798229529595566,0
main_scaled,Logistic Regression,3,3,56,1,0.9996937870857177,1,0.42798229529595566,1
main_scaled,Logistic Regression,3,3,59,0,0.0005557408798947707,0,0.42798229529595566,0
main_scaled,Logistic Regression,3,3,74,0,0.01647915639980405,0,0.42798229529595566,0
main_scaled,Logistic Regression,3,3,86,1,0.58782032146461,1,0.42798229529595566,1
main_scaled,Logistic Regression,3,3,88,0,0.12527841487719404,0,0.42798229529595566,0
main_scaled,Logistic Regression,3,3,90,0,0.14490415082806804,0,0.42798229529595566,0
main_scaled,Logistic Regression,3,3,94,1,0.9504401205681061,1,0.42798229529595566,1
main_scaled,Logistic Regression,3,3,99,1,0.5614925039594976,1,0.42798229529595566,1
main_scaled,Logistic Regression,3,3,112,0,0.1983680023757548,0,0.42798229529595566,0
main_scaled,Logistic Regression,3,3,119,1,0.9438010869634168,1,0.42798229529595566,1
main_scaled,Logistic Regression,3,3,120,0,0.005704081491447936,0,0.42798229529595566,0
main_scaled,Logistic Regression,3,3,121,1,0.9928206230419939,1,0.42798229529595566,1
main_scaled,Logistic Regression,3,3,126,1,0.7316060710655258,1,0.42798229529595566,1
main_scaled,Logistic Regression,3,3,134,1,0.9946613269555981,1,0.42798229529595566,1
main_scaled,Logistic Regression,3,3,136,0,0.013266229532795092,0,0.42798229529595566,0
main_scaled,Logistic Regression,3,3,138,1,0.9769034206780502,1,0.42798229529595566,1
main_scaled,Logistic Regression,3,3,139,0,0.004063915908574428,0,0.42798229529595566,0
main_scaled,Logistic Regression,3,3,156,1,0.9882283512631569,1,0.42798229529595566,1
main_scaled,Logistic Regression,3,3,157,0,0.35724426119774155,0,0.42798229529595566,0
main_scaled,Logistic Regression,3,3,166,0,0.0004934002772766207,0,0.42798229529595566,0
main_scaled,Logistic Regression,3,3,170,0,0.01032017878104157,0,0.42798229529595566,0
main_scaled,Logistic Regression,3,3,171,1,0.5406626794361047,1,0.42798229529595566,1
main_scaled,Logistic Regression,3,3,174,0,0.0005948161818317123,0,0.42798229529595566,0
main_scaled,Logistic Regression,3,3,175,0,0.00010932765925882821,0,0.42798229529595566,0
main_scaled,Logistic Regression,3,3,178,0,0.0046850100340441545,0,0.42798229529595566,0
main_scaled,Logistic Regression,3,3,185,0,0.0023683840077352116,0,0.42798229529595566,0
main_scaled,Logistic Regression,3,3,190,1,0.8730802562746386,1,0.42798229529595566,1
main_scaled,Logistic Regression,3,3,193,1,0.8728381389228731,1,0.42798229529595566,1
main_scaled,Logistic Regression,3,3,194,1,0.8084643153363977,1,0.42798229529595566,1
main_scaled,Logistic Regression,3,3,195,0,0.014792494251541588,0,0.42798229529595566,0
main_scaled,Logistic Regression,3,3,197,1,0.6863367723736786,1,0.42798229529595566,1
main_scaled,Logistic Regression,3,3,198,1,0.9966971395732234,1,0.42798229529595566,1
main_scaled,Logistic Regression,3,3,205,1,0.4310106999309949,0,0.42798229529595566,1
main_scaled,Logistic Regression,3,3,209,0,0.056736137723437836,0,0.42798229529595566,0
main_scaled,Logistic Regression,3,3,210,1,0.9993454971131948,1,0.42798229529595566,1
main_scaled,Logistic Regression,3,3,211,0,0.010485119507884829,0,0.42798229529595566,0
main_scaled,Logistic Regression,3,3,216,0,0.0547316972214042,0,0.42798229529595566,0
main_scaled,Logistic Regression,3,3,218,1,0.9996940603916274,1,0.42798229529595566,1
main_scaled,Logistic Regression,3,3,236,1,0.9999995407814205,1,0.42798229529595566,1
main_scaled,Logistic Regression,3,3,239,1,0.9995764015847005,1,0.42798229529595566,1
main_scaled,Logistic Regression,3,3,241,0,0.0023394843779645192,0,0.42798229529595566,0
main_scaled,Logistic Regression,3,3,245,0,0.02059593523287778,0,0.42798229529595566,0
main_scaled,Logistic Regression,3,3,249,0,0.01271396096364588,0,0.42798229529595566,0
main_scaled,Logistic Regression,3,3,252,1,0.9998293053236296,1,0.42798229529595566,1
main_scaled,Logistic Regression,3,3,255,1,0.42798229529595566,0,0.42798229529595566,1
main_scaled,Logistic Regression,3,3,261,1,0.7148274539705722,1,0.42798229529595566,1
main_scaled,Logistic Regression,3,3,267,0,0.04275920266307049,0,0.42798229529595566,0
main_scaled,Logistic Regression,3,3,269,0,0.009187597869046606,0,0.42798229529595566,0
main_scaled,Logistic Regression,3,3,278,0,0.020204557069894654,0,0.42798229529595566,0
main_scaled,Logistic Regression,3,3,284,0,0.010808766296740374,0,0.42798229529595566,0
main_scaled,Logistic Regression,3,3,285,0,0.0028879839257599385,0,0.42798229529595566,0
main_scaled,Logistic Regression,3,3,300,1,0.9999194121051832,1,0.42798229529595566,1
main_scaled,Logistic Regression,3,3,304,0,0.003613569835263169,0,0.42798229529595566,0
main_scaled,Logistic Regression,3,3,308,0,0.0016885491497420461,0,0.42798229529595566,0
main_scaled,Logistic Regression,3,3,312,0,0.0074803311640122,0,0.42798229529595566,0
main_scaled,Logistic Regression,3,3,316,0,0.0008738865825149122,0,0.42798229529595566,0
main_scaled,Logistic Regression,3,3,319,0,0.0013148129479870318,0,0.42798229529595566,0
main_scaled,Logistic Regression,3,3,323,1,0.9999905286564662,1,0.42798229529595566,1
main_scaled,Logistic Regression,3,3,324,0,0.008336534749474872,0,0.42798229529595566,0
main_scaled,Logistic Regression,3,3,328,1,0.9762162365007659,1,0.42798229529595566,1
main_scaled,Logistic Regression,3,3,330,1,0.8402912214076523,1,0.42798229529595566,1
main_scaled,Logistic Regression,3,3,333,0,0.0017488688762155049,0,0.42798229529595566,0
main_scaled,Logistic Regression,3,3,346,0,0.011382784123372304,0,0.42798229529595566,0
main_scaled,Logistic Regression,3,3,361,0,0.038676698124576935,0,0.42798229529595566,0
main_scaled,Logistic Regression,3,3,364,0,0.01406260586973005,0,0.42798229529595566,0
main_scaled,Logistic Regression,3,3,367,0,0.0470013086044695,0,0.42798229529595566,0
main_scaled,Logistic Regression,3,3,373,1,0.9988782717470974,1,0.42798229529595566,1
main_scaled,Logistic Regression,3,3,375,0,0.20210250750908226,0,0.42798229529595566,0
main_scaled,Logistic Regression,3,3,376,0,0.015642295125124994,0,0.42798229529595566,0
main_scaled,Logistic Regression,3,3,377,0,0.08480646068072373,0,0.42798229529595566,0
main_scaled,Logistic Regression,3,3,378,0,0.02645662279133965,0,0.42798229529595566,0
main_scaled,Logistic Regression,3,3,393,1,0.9999846656609842,1,0.42798229529595566,1
main_scaled,Logistic Regression,3,3,395,0,0.020414237174108948,0,0.42798229529595566,0
main_scaled,Logistic Regression,3,3,401,0,0.0060936711141706115,0,0.42798229529595566,0
main_scaled,Logistic Regression,3,3,402,0,0.012847267145872409,0,0.42798229529595566,0
main_scaled,Logistic Regression,3,3,404,0,0.0030139633615066173,0,0.42798229529595566,0
main_scaled,Logistic Regression,3,3,405,0,0.014536453354503157,0,0.42798229529595566,0
main_scaled,Logistic Regression,3,3,406,0,0.18421079615428176,0,0.42798229529595566,0
main_scaled,Logistic Regression,3,3,408,1,0.9853667244522792,1,0.42798229529595566,1
main_scaled,Logistic Regression,3,3,411,0,0.01319794414480194,0,0.42798229529595566,0
main_scaled,Logistic Regression,3,3,415,0,0.03342137961841459,0,0.42798229529595566,0
main_scaled,Logistic Regression,3,3,425,0,0.0018430169686600906,0,0.42798229529595566,0
main_scaled,Logistic Regression,3,3,426,0,0.0088193766862839,0,0.42798229529595566,0
main_scaled,Logistic Regression,3,3,435,1,0.8082336903659602,1,0.42798229529595566,1
main_scaled,Logistic Regression,3,3,459,0,0.008524780716986879,0,0.42798229529595566,0
main_scaled,Logistic Regression,3,3,474,0,0.004719932439560998,0,0.42798229529595566,0
main_scaled,Logistic Regression,3,3,475,0,0.02833721263617955,0,0.42798229529595566,0
main_scaled,Logistic Regression,3,3,483,0,0.04887966361732344,0,0.42798229529595566,0
main_scaled,Logistic Regression,3,3,487,1,0.9994847657077157,1,0.42798229529595566,1
main_scaled,Logistic Regression,3,3,493,0,0.0007143132308142624,0,0.42798229529595566,0
main_scaled,Logistic Regression,3,3,497,0,0.030255562058734475,0,0.42798229529595566,0
main_scaled,Logistic Regression,3,3,498,1,0.9899058807990414,1,0.42798229529595566,1
main_scaled,Logistic Regression,3,3,500,0,0.1294816469544251,0,0.42798229529595566,0
main_scaled,Logistic Regression,3,3,509,1,0.9834036184594992,1,0.42798229529595566,1
main_scaled,Logistic Regression,3,3,525,0,0.0012260976906468928,0,0.42798229529595566,0
main_scaled,Logistic Regression,3,3,530,0,0.05955817524042455,0,0.42798229529595566,0
main_scaled,Logistic Regression,3,3,532,0,0.030858436901005058,0,0.42798229529595566,0
main_scaled,Logistic Regression,3,3,533,1,0.9980765290495502,1,0.42798229529595566,1
main_scaled,Logistic Regression,3,3,534,0,0.008227043229418737,0,0.42798229529595566,0
main_scaled,Logistic Regression,3,3,543,0,0.13917750589603717,0,0.42798229529595566,0
main_scaled,Logistic Regression,3,3,546,0,0.0015123347074692125,0,0.42798229529595566,0
main_scaled,Logistic Regression,3,3,549,0,0.029326734396667643,0,0.42798229529595566,0
main_scaled,Logistic Regression,3,3,551,0,0.011859964133270718,0,0.42798229529595566,0
main_scaled,Logistic Regression,3,3,553,0,0.0010485530765851408,0,0.42798229529595566,0
main_scaled,Logistic Regression,3,3,555,0,0.027890053430317932,0,0.42798229529595566,0
main_scaled,Logistic Regression,3,3,567,1,0.999998939558303,1,0.42798229529595566,1
main_scaled,Logistic Regression,3,3,568,0,0.0008311993140911522,0,0.42798229529595566,0
main_scaled,Logistic Regression,3,4,2,1,0.9999997088949754,1,0.36211621103208075,1
main_scaled,Logistic Regression,3,4,7,1,0.9674118019652521,1,0.36211621103208075,1
main_scaled,Logistic Regression,3,4,13,1,0.6584148238172192,1,0.36211621103208075,1
main_scaled,Logistic Regression,3,4,17,1,0.9999958291674791,1,0.36211621103208075,1
main_scaled,Logistic Regression,3,4,19,0,0.05231717902579623,0,0.36211621103208075,0
main_scaled,Logistic Regression,3,4,20,0,0.0017661220884085504,0,0.36211621103208075,0
main_scaled,Logistic Regression,3,4,21,0,4.463370044482941e-06,0,0.36211621103208075,0
main_scaled,Logistic Regression,3,4,22,1,0.9969169511708209,1,0.36211621103208075,1
main_scaled,Logistic Regression,3,4,28,1,0.9999986092213866,1,0.36211621103208075,1
main_scaled,Logistic Regression,3,4,37,0,2.232273590885404e-05,0,0.36211621103208075,0
main_scaled,Logistic Regression,3,4,39,1,0.927507107687101,1,0.36211621103208075,1
main_scaled,Logistic Regression,3,4,44,1,0.9476004645855446,1,0.36211621103208075,1
main_scaled,Logistic Regression,3,4,46,0,3.066279522836812e-06,0,0.36211621103208075,0
main_scaled,Logistic Regression,3,4,48,0,0.008793125026462532,0,0.36211621103208075,0
main_scaled,Logistic Regression,3,4,58,0,0.000214751221537771,0,0.36211621103208075,0
main_scaled,Logistic Regression,3,4,63,0,1.27210958856291e-06,0,0.36211621103208075,0
main_scaled,Logistic Regression,3,4,68,0,0.5862971584717894,1,0.36211621103208075,1
main_scaled,Logistic Regression,3,4,72,1,0.9999987915532791,1,0.36211621103208075,1
main_scaled,Logistic Regression,3,4,82,1,0.9999999999990481,1,0.36211621103208075,1
main_scaled,Logistic Regression,3,4,87,1,0.999999304405599,1,0.36211621103208075,1
main_scaled,Logistic Regression,3,4,95,1,0.9999983615481391,1,0.36211621103208075,1
main_scaled,Logistic Regression,3,4,97,0,7.973940030253138e-06,0,0.36211621103208075,0
main_scaled,Logistic Regression,3,4,98,0,0.0005541394771418382,0,0.36211621103208075,0
main_scaled,Logistic Regression,3,4,103,0,0.0019588254498021334,0,0.36211621103208075,0
main_scaled,Logistic Regression,3,4,113,0,1.4716235767352533e-05,0,0.36211621103208075,0
main_scaled,Logistic Regression,3,4,127,1,0.999390896324221,1,0.36211621103208075,1
main_scaled,Logistic Regression,3,4,132,1,0.9978316296329829,1,0.36211621103208075,1
main_scaled,Logistic Regression,3,4,141,1,0.9924845714442371,1,0.36211621103208075,1
main_scaled,Logistic Regression,3,4,143,0,0.013507447604671673,0,0.36211621103208075,0
main_scaled,Logistic Regression,3,4,147,0,0.0032075174743017793,0,0.36211621103208075,0
main_scaled,Logistic Regression,3,4,150,0,0.01931451643788116,0,0.36211621103208075,0
main_scaled,Logistic Regression,3,4,152,0,0.0016524704800596742,0,0.36211621103208075,0
main_scaled,Logistic Regression,3,4,153,0,4.11060499264399e-05,0,0.36211621103208075,0
main_scaled,Logistic Regression,3,4,155,0,0.00392656453845129,0,0.36211621103208075,0
main_scaled,Logistic Regression,3,4,160,0,0.01878174832409285,0,0.36211621103208075,0
main_scaled,Logistic Regression,3,4,165,0,0.004540164117309167,0,0.36211621103208075,0
main_scaled,Logistic Regression,3,4,173,0,5.273083429517217e-07,0,0.36211621103208075,0
main_scaled,Logistic Regression,3,4,182,1,0.9971134734719088,1,0.36211621103208075,1
main_scaled,Logistic Regression,3,4,184,1,0.8092605045583932,1,0.36211621103208075,1
main_scaled,Logistic Regression,3,4,186,1,0.997323386181943,1,0.36211621103208075,1
main_scaled,Logistic Regression,3,4,187,0,0.0018549009668021093,0,0.36211621103208075,0
main_scaled,Logistic Regression,3,4,213,1,0.36211621103208075,0,0.36211621103208075,1
main_scaled,Logistic Regression,3,4,214,1,0.9972119221563147,1,0.36211621103208075,1
main_scaled,Logistic Regression,3,4,217,0,3.772172719799423e-05,0,0.36211621103208075,0
main_scaled,Logistic Regression,3,4,221,0,0.010403233416988865,0,0.36211621103208075,0
main_scaled,Logistic Regression,3,4,232,0,0.011806599686730023,0,0.36211621103208075,0
main_scaled,Logistic Regression,3,4,235,0,0.011191241805949152,0,0.36211621103208075,0
main_scaled,Logistic Regression,3,4,238,0,0.46993114217778653,0,0.36211621103208075,1
main_scaled,Logistic Regression,3,4,240,0,0.0064269721354278785,0,0.36211621103208075,0
main_scaled,Logistic Regression,3,4,246,0,0.001389779450632702,0,0.36211621103208075,0
main_scaled,Logistic Regression,3,4,254,1,0.9999992579911553,1,0.36211621103208075,1
main_scaled,Logistic Regression,3,4,256,1,0.9999999783654645,1,0.36211621103208075,1
main_scaled,Logistic Regression,3,4,257,1,0.9992227765782251,1,0.36211621103208075,1
main_scaled,Logistic Regression,3,4,262,1,0.9968719130027981,1,0.36211621103208075,1
main_scaled,Logistic Regression,3,4,265,1,0.9999999999998987,1,0.36211621103208075,1
main_scaled,Logistic Regression,3,4,266,0,0.0005546714977133852,0,0.36211621103208075,0
main_scaled,Logistic Regression,3,4,271,0,8.504628668521249e-05,0,0.36211621103208075,0
main_scaled,Logistic Regression,3,4,273,0,4.052669828856837e-05,0,0.36211621103208075,0
main_scaled,Logistic Regression,3,4,275,0,0.0033082008511025624,0,0.36211621103208075,0
main_scaled,Logistic Regression,3,4,277,1,0.9698457717225403,1,0.36211621103208075,1
main_scaled,Logistic Regression,3,4,279,0,0.008219820887155255,0,0.36211621103208075,0
main_scaled,Logistic Regression,3,4,282,1,0.9999972145975717,1,0.36211621103208075,1
main_scaled,Logistic Regression,3,4,286,0,0.0007270747221305665,0,0.36211621103208075,0
main_scaled,Logistic Regression,3,4,290,0,2.9588082644196837e-05,0,0.36211621103208075,0
main_scaled,Logistic Regression,3,4,297,1,0.0018100116860516131,0,0.36211621103208075,0
main_scaled,Logistic Regression,3,4,315,0,2.023224378981579e-05,0,0.36211621103208075,0
main_scaled,Logistic Regression,3,4,320,0,2.8616298185644814e-05,0,0.36211621103208075,0
main_scaled,Logistic Regression,3,4,321,1,0.9998441577668393,1,0.36211621103208075,1
main_scaled,Logistic Regression,3,4,335,1,0.9999938948223296,1,0.36211621103208075,1
main_scaled,Logistic Regression,3,4,336,0,1.7879706531402966e-05,0,0.36211621103208075,0
main_scaled,Logistic Regression,3,4,339,1,0.9999999999981353,1,0.36211621103208075,1
main_scaled,Logistic Regression,3,4,342,0,0.0006725192052067819,0,0.36211621103208075,0
main_scaled,Logistic Regression,3,4,343,1,0.9999993201839615,1,0.36211621103208075,1
main_scaled,Logistic Regression,3,4,344,0,0.0013083924813744939,0,0.36211621103208075,0
main_scaled,Logistic Regression,3,4,360,0,9.240394613930186e-05,0,0.36211621103208075,0
main_scaled,Logistic Regression,3,4,365,1,0.9999796808649576,1,0.36211621103208075,1
main_scaled,Logistic Regression,3,4,372,1,0.999457955915154,1,0.36211621103208075,1
main_scaled,Logistic Regression,3,4,382,0,7.119858864607583e-05,0,0.36211621103208075,0
main_scaled,Logistic Regression,3,4,419,0,0.0006028988061105981,0,0.36211621103208075,0
main_scaled,Logistic Regression,3,4,430,1,0.9993954022389832,1,0.36211621103208075,1
main_scaled,Logistic Regression,3,4,433,1,0.9999918764106739,1,0.36211621103208075,1
main_scaled,Logistic Regression,3,4,434,0,0.007231026761352468,0,0.36211621103208075,0
main_scaled,Logistic Regression,3,4,436,0,0.008096622874834748,0,0.36211621103208075,0
main_scaled,Logistic Regression,3,4,439,0,0.0004205741450155517,0,0.36211621103208075,0
main_scaled,Logistic Regression,3,4,443,0,2.8376403877617416e-06,0,0.36211621103208075,0
main_scaled,Logistic Regression,3,4,446,1,0.999999026728194,1,0.36211621103208075,1
main_scaled,Logistic Regression,3,4,447,0,0.05654408870385037,0,0.36211621103208075,0
main_scaled,Logistic Regression,3,4,452,0,0.012069387467353046,0,0.36211621103208075,0
main_scaled,Logistic Regression,3,4,453,0,0.01111024602070487,0,0.36211621103208075,0
main_scaled,Logistic Regression,3,4,457,0,0.05078903645711673,0,0.36211621103208075,0
main_scaled,Logistic Regression,3,4,465,0,0.1617966632534859,0,0.36211621103208075,0
main_scaled,Logistic Regression,3,4,466,0,0.2534398190484874,0,0.36211621103208075,0
main_scaled,Logistic Regression,3,4,480,0,0.0010349743457851407,0,0.36211621103208075,0
main_scaled,Logistic Regression,3,4,481,0,0.03236710236803967,0,0.36211621103208075,0
main_scaled,Logistic Regression,3,4,484,0,0.1551002570671878,0,0.36211621103208075,0
main_scaled,Logistic Regression,3,4,485,0,0.007787034340866171,0,0.36211621103208075,0
main_scaled,Logistic Regression,3,4,499,1,0.9999997694908783,1,0.36211621103208075,1
main_scaled,Logistic Regression,3,4,501,1,0.9906579686418904,1,0.36211621103208075,1
main_scaled,Logistic Regression,3,4,504,0,3.432052849211145e-05,0,0.36211621103208075,0
main_scaled,Logistic Regression,3,4,505,0,7.515717099048662e-05,0,0.36211621103208075,0
main_scaled,Logistic Regression,3,4,507,0,0.00010428133965766518,0,0.36211621103208075,0
main_scaled,Logistic Regression,3,4,512,1,0.9978061491134386,1,0.36211621103208075,1
main_scaled,Logistic Regression,3,4,516,1,0.9999625587278756,1,0.36211621103208075,1
main_scaled,Logistic Regression,3,4,519,0,0.011662531882705248,0,0.36211621103208075,0
main_scaled,Logistic Regression,3,4,523,0,0.05073496526667274,0,0.36211621103208075,0
main_scaled,Logistic Regression,3,4,527,0,0.0010520728351884345,0,0.36211621103208075,0
main_scaled,Logistic Regression,3,4,528,0,0.0024415865841417826,0,0.36211621103208075,0
main_scaled,Logistic Regression,3,4,531,0,0.041911675409755184,0,0.36211621103208075,0
main_scaled,Logistic Regression,3,4,539,0,0.00016006751821707628,0,0.36211621103208075,0
main_scaled,Logistic Regression,3,4,541,0,0.688096114463049,1,0.36211621103208075,1
main_scaled,Logistic Regression,3,4,545,0,0.02464755195792863,0,0.36211621103208075,0
main_scaled,Logistic Regression,3,4,547,0,2.7672551467338576e-05,0,0.36211621103208075,0
main_scaled,Logistic Regression,3,4,556,0,3.1425995076409335e-06,0,0.36211621103208075,0
main_scaled,Logistic Regression,3,4,564,1,0.9999999990759183,1,0.36211621103208075,1
main_scaled,Logistic Regression,3,5,8,1,0.9587002873637693,1,0.5095037936794973,1
main_scaled,Logistic Regression,3,5,9,1,0.9931650665052175,1,0.5095037936794973,1
main_scaled,Logistic Regression,3,5,12,1,0.9963654457768834,1,0.5095037936794973,1
main_scaled,Logistic Regression,3,5,15,1,0.9941327597739266,1,0.5095037936794973,1
main_scaled,Logistic Regression,3,5,24,1,0.9998999643904805,1,0.5095037936794973,1
main_scaled,Logistic Regression,3,5,25,1,0.9994974858876727,1,0.5095037936794973,1
main_scaled,Logistic Regression,3,5,29,1,0.8601835001293463,1,0.5095037936794973,1
main_scaled,Logistic Regression,3,5,31,1,0.9124373395065899,1,0.5095037936794973,1
main_scaled,Logistic Regression,3,5,33,1,0.9996925076154207,1,0.5095037936794973,1
main_scaled,Logistic Regression,3,5,34,1,0.9830254084136519,1,0.5095037936794973,1
main_scaled,Logistic Regression,3,5,35,1,0.994445889172324,1,0.5095037936794973,1
main_scaled,Logistic Regression,3,5,36,1,0.8340670607561236,1,0.5095037936794973,1
main_scaled,Logistic Regression,3,5,41,1,0.514813185128351,1,0.5095037936794973,1
main_scaled,Logistic Regression,3,5,45,1,0.9993173799782834,1,0.5095037936794973,1
main_scaled,Logistic Regression,3,5,49,0,0.22452383881507598,0,0.5095037936794973,0
main_scaled,Logistic Regression,3,5,50,0,0.009821738495403758,0,0.5095037936794973,0
main_scaled,Logistic Regression,3,5,54,1,0.7550545331123852,1,0.5095037936794973,1
main_scaled,Logistic Regression,3,5,64,1,0.9473748072942115,1,0.5095037936794973,1
main_scaled,Logistic Regression,3,5,66,0,0.0089131309273772,0,0.5095037936794973,0
main_scaled,Logistic Regression,3,5,76,0,0.01668988676127076,0,0.5095037936794973,0
main_scaled,Logistic Regression,3,5,85,1,0.9966161128157873,1,0.5095037936794973,1
main_scaled,Logistic Regression,3,5,89,0,0.35009543641504215,0,0.5095037936794973,0
main_scaled,Logistic Regression,3,5,102,0,0.028231057241164755,0,0.5095037936794973,0
main_scaled,Logistic Regression,3,5,105,1,0.8667437405272603,1,0.5095037936794973,1
main_scaled,Logistic Regression,3,5,106,0,0.16047345096762433,0,0.5095037936794973,0
main_scaled,Logistic Regression,3,5,109,0,0.0760585244822231,0,0.5095037936794973,0
main_scaled,Logistic Regression,3,5,117,1,0.9825104478383624,1,0.5095037936794973,1
main_scaled,Logistic Regression,3,5,125,0,0.020770098159193052,0,0.5095037936794973,0
main_scaled,Logistic Regression,3,5,131,1,0.948041061311033,1,0.5095037936794973,1
main_scaled,Logistic Regression,3,5,133,0,0.25579106493140097,0,0.5095037936794973,0
main_scaled,Logistic Regression,3,5,137,0,0.007570409855195238,0,0.5095037936794973,0
main_scaled,Logistic Regression,3,5,146,1,0.5095037936794973,1,0.5095037936794973,1
main_scaled,Logistic Regression,3,5,167,1,0.8977830945243941,1,0.5095037936794973,1
main_scaled,Logistic Regression,3,5,168,1,0.9995251642647712,1,0.5095037936794973,1
main_scaled,Logistic Regression,3,5,169,0,0.08794845744112122,0,0.5095037936794973,0
main_scaled,Logistic Regression,3,5,172,1,0.8983272384772257,1,0.5095037936794973,1
main_scaled,Logistic Regression,3,5,179,0,0.002020465928162949,0,0.5095037936794973,0
main_scaled,Logistic Regression,3,5,183,0,0.0016713223613603887,0,0.5095037936794973,0
main_scaled,Logistic Regression,3,5,189,0,0.005122370379864609,0,0.5095037936794973,0
main_scaled,Logistic Regression,3,5,196,1,0.9449160114264372,1,0.5095037936794973,1
main_scaled,Logistic Regression,3,5,199,1,0.9572369471398599,1,0.5095037936794973,1
main_scaled,Logistic Regression,3,5,204,0,0.16299239618608877,0,0.5095037936794973,0
main_scaled,Logistic Regression,3,5,207,1,0.872073600707268,1,0.5095037936794973,1
main_scaled,Logistic Regression,3,5,208,0,0.3078821681576788,0,0.5095037936794973,0
main_scaled,Logistic Regression,3,5,226,0,0.001939194536863552,0,0.5095037936794973,0
main_scaled,Logistic Regression,3,5,227,0,0.17538827454264444,0,0.5095037936794973,0
main_scaled,Logistic Regression,3,5,230,1,0.9930333007065842,1,0.5095037936794973,1
main_scaled,Logistic Regression,3,5,231,0,0.009592471107325813,0,0.5095037936794973,0
main_scaled,Logistic Regression,3,5,234,0,0.001632983964802537,0,0.5095037936794973,0
main_scaled,Logistic Regression,3,5,242,0,0.08330347801411514,0,0.5095037936794973,0
main_scaled,Logistic Regression,3,5,244,1,0.9962456716102954,1,0.5095037936794973,1
main_scaled,Logistic Regression,3,5,253,1,0.9507994978700427,1,0.5095037936794973,1
main_scaled,Logistic Regression,3,5,268,0,0.028483764468437103,0,0.5095037936794973,0
main_scaled,Logistic Regression,3,5,270,0,0.0042298981138189275,0,0.5095037936794973,0
main_scaled,Logistic Regression,3,5,276,0,0.0015529669622591905,0,0.5095037936794973,0
main_scaled,Logistic Regression,3,5,280,1,0.9998786462594338,1,0.5095037936794973,1
main_scaled,Logistic Regression,3,5,281,0,0.011349463318243228,0,0.5095037936794973,0
main_scaled,Logistic Regression,3,5,283,1,0.9089268804299729,1,0.5095037936794973,1
main_scaled,Logistic Regression,3,5,287,0,0.0016432432589759168,0,0.5095037936794973,0
main_scaled,Logistic Regression,3,5,293,0,0.02710196442203374,0,0.5095037936794973,0
main_scaled,Logistic Regression,3,5,299,0,0.002410238880197653,0,0.5095037936794973,0
main_scaled,Logistic Regression,3,5,301,0,0.016827634425495848,0,0.5095037936794973,0
main_scaled,Logistic Regression,3,5,302,1,0.9998311246553429,1,0.5095037936794973,1
main_scaled,Logistic Regression,3,5,305,0,0.011999136359203091,0,0.5095037936794973,0
main_scaled,Logistic Regression,3,5,307,0,0.0001509368050447095,0,0.5095037936794973,0
main_scaled,Logistic Regression,3,5,311,0,0.03229390704490858,0,0.5095037936794973,0
main_scaled,Logistic Regression,3,5,313,0,0.0011232541407359936,0,0.5095037936794973,0
main_scaled,Logistic Regression,3,5,314,0,0.00016923777478139245,0,0.5095037936794973,0
main_scaled,Logistic Regression,3,5,329,1,0.7114026098432956,1,0.5095037936794973,1
main_scaled,Logistic Regression,3,5,334,0,0.008473510604929632,0,0.5095037936794973,0
main_scaled,Logistic Regression,3,5,338,0,0.007249819780960747,0,0.5095037936794973,0
main_scaled,Logistic Regression,3,5,340,0,0.32941078723555905,0,0.5095037936794973,0
main_scaled,Logistic Regression,3,5,348,0,0.007951115392204076,0,0.5095037936794973,0
main_scaled,Logistic Regression,3,5,349,0,0.006895650962361636,0,0.5095037936794973,0
main_scaled,Logistic Regression,3,5,351,1,0.971201664018046,1,0.5095037936794973,1
main_scaled,Logistic Regression,3,5,353,1,0.970429585045255,1,0.5095037936794973,1
main_scaled,Logistic Regression,3,5,354,0,0.0009176680539177245,0,0.5095037936794973,0
main_scaled,Logistic Regression,3,5,355,0,0.02120644684780924,0,0.5095037936794973,0
main_scaled,Logistic Regression,3,5,356,0,0.11821096412772503,0,0.5095037936794973,0
main_scaled,Logistic Regression,3,5,363,0,0.4363651139778898,0,0.5095037936794973,0
main_scaled,Logistic Regression,3,5,383,0,0.05000057369046364,0,0.5095037936794973,0
main_scaled,Logistic Regression,3,5,385,1,0.5866123856216021,1,0.5095037936794973,1
main_scaled,Logistic Regression,3,5,388,0,0.002073451415862652,0,0.5095037936794973,0
main_scaled,Logistic Regression,3,5,389,1,0.9951882886285105,1,0.5095037936794973,1
main_scaled,Logistic Regression,3,5,390,0,0.0015598458743863847,0,0.5095037936794973,0
main_scaled,Logistic Regression,3,5,392,1,0.9964373633087281,1,0.5095037936794973,1
main_scaled,Logistic Regression,3,5,394,0,0.04633273218769527,0,0.5095037936794973,0
main_scaled,Logistic Regression,3,5,396,0,0.2975901136821634,0,0.5095037936794973,0
main_scaled,Logistic Regression,3,5,407,0,0.01571904105029368,0,0.5095037936794973,0
main_scaled,Logistic Regression,3,5,409,0,0.06642162069755075,0,0.5095037936794973,0
main_scaled,Logistic Regression,3,5,420,0,0.026966495182453407,0,0.5095037936794973,0
main_scaled,Logistic Regression,3,5,427,0,0.04319057056012851,0,0.5095037936794973,0
main_scaled,Logistic Regression,3,5,428,0,0.0008920244468023766,0,0.5095037936794973,0
main_scaled,Logistic Regression,3,5,431,0,0.016597275266378005,0,0.5095037936794973,0
main_scaled,Logistic Regression,3,5,441,1,0.9890131515201218,1,0.5095037936794973,1
main_scaled,Logistic Regression,3,5,442,0,0.006904878992949177,0,0.5095037936794973,0
main_scaled,Logistic Regression,3,5,450,0,0.006691467039727665,0,0.5095037936794973,0
main_scaled,Logistic Regression,3,5,463,0,0.017227192393610098,0,0.5095037936794973,0
main_scaled,Logistic Regression,3,5,470,0,0.007716968847070451,0,0.5095037936794973,0
main_scaled,Logistic Regression,3,5,471,0,0.09334663056900107,0,0.5095037936794973,0
main_scaled,Logistic Regression,3,5,477,0,0.0152430080675955,0,0.5095037936794973,0
main_scaled,Logistic Regression,3,5,490,0,0.05760620786043831,0,0.5095037936794973,0
main_scaled,Logistic Regression,3,5,491,0,0.23085443925154786,0,0.5095037936794973,0
main_scaled,Logistic Regression,3,5,494,0,0.02585207344063114,0,0.5095037936794973,0
main_scaled,Logistic Regression,3,5,502,0,0.0425229672706125,0,0.5095037936794973,0
main_scaled,Logistic Regression,3,5,511,0,0.025348587530555276,0,0.5095037936794973,0
main_scaled,Logistic Regression,3,5,521,1,0.9999975919482491,1,0.5095037936794973,1
main_scaled,Logistic Regression,3,5,524,0,0.0030178401967707897,0,0.5095037936794973,0
main_scaled,Logistic Regression,3,5,526,0,0.3706980316430285,0,0.5095037936794973,0
main_scaled,Logistic Regression,3,5,529,0,0.011889609350690188,0,0.5095037936794973,0
main_scaled,Logistic Regression,3,5,557,0,0.004571714127283734,0,0.5095037936794973,0
main_scaled,Logistic Regression,3,5,558,0,0.1392567669957866,0,0.5095037936794973,0
main_scaled,Logistic Regression,3,5,562,1,0.9991142662933065,1,0.5095037936794973,1
main_scaled,k-NN,1,1,5,1,0.8613383612777584,1,0.4235525693617725,1
main_scaled,k-NN,1,1,18,1,1.0,1,0.4235525693617725,1
main_scaled,k-NN,1,1,26,1,1.0,1,0.4235525693617725,1
main_scaled,k-NN,1,1,29,1,1.0,1,0.4235525693617725,1
main_scaled,k-NN,1,1,34,1,1.0,1,0.4235525693617725,1
main_scaled,k-NN,1,1,36,1,0.7195180876015084,1,0.4235525693617725,1
main_scaled,k-NN,1,1,39,1,0.6949121377224354,1,0.4235525693617725,1
main_scaled,k-NN,1,1,40,1,0.14886630151167599,0,0.4235525693617725,0
main_scaled,k-NN,1,1,50,0,0.0,0,0.4235525693617725,0
main_scaled,k-NN,1,1,52,0,0.0,0,0.4235525693617725,0
main_scaled,k-NN,1,1,56,1,1.0,1,0.4235525693617725,1
main_scaled,k-NN,1,1,64,1,1.0,1,0.4235525693617725,1
main_scaled,k-NN,1,1,65,1,1.0,1,0.4235525693617725,1
main_scaled,k-NN,1,1,70,1,1.0,1,0.4235525693617725,1
main_scaled,k-NN,1,1,71,0,0.0,0,0.4235525693617725,0
main_scaled,k-NN,1,1,76,0,0.0,0,0.4235525693617725,0
main_scaled,k-NN,1,1,86,1,0.5942828924494377,1,0.4235525693617725,1
main_scaled,k-NN,1,1,94,1,1.0,1,0.4235525693617725,1
main_scaled,k-NN,1,1,100,1,0.8586573767146246,1,0.4235525693617725,1
main_scaled,k-NN,1,1,101,0,0.0,0,0.4235525693617725,0
main_scaled,k-NN,1,1,104,0,0.0,0,0.4235525693617725,0
main_scaled,k-NN,1,1,110,0,0.0,0,0.4235525693617725,0
main_scaled,k-NN,1,1,115,0,0.0,0,0.4235525693617725,0
main_scaled,k-NN,1,1,121,1,1.0,1,0.4235525693617725,1
main_scaled,k-NN,1,1,131,1,1.0,1,0.4235525693617725,1
main_scaled,k-NN,1,1,133,0,0.0,0,0.4235525693617725,0
main_scaled,k-NN,1,1,137,0,0.0,0,0.4235525693617725,0
main_scaled,k-NN,1,1,145,0,0.0,0,0.4235525693617725,0
main_scaled,k-NN,1,1,156,1,1.0,1,0.4235525693617725,1
main_scaled,k-NN,1,1,170,0,0.0,0,0.4235525693617725,0
main_scaled,k-NN,1,1,172,1,0.7246760407321361,1,0.4235525693617725,1
main_scaled,k-NN,1,1,173,0,0.0,0,0.4235525693617725,0
main_scaled,k-NN,1,1,182,1,0.8648133611140498,1,0.4235525693617725,1
main_scaled,k-NN,1,1,184,1,0.599425763863746,1,0.4235525693617725,1
main_scaled,k-NN,1,1,186,1,0.8695261827853297,1,0.4235525693617725,1
main_scaled,k-NN,1,1,191,0,0.15835672940806722,0,0.4235525693617725,0
main_scaled,k-NN,1,1,203,1,1.0,1,0.4235525693617725,1
main_scaled,k-NN,1,1,207,1,0.8747451893773939,1,0.4235525693617725,1
main_scaled,k-NN,1,1,208,0,0.5804694559710115,1,0.4235525693617725,1
main_scaled,k-NN,1,1,212,1,1.0,1,0.4235525693617725,1
main_scaled,k-NN,1,1,214,1,0.7152723807942925,1,0.4235525693617725,1
main_scaled,k-NN,1,1,227,0,0.0,0,0.4235525693617725,0
main_scaled,k-NN,1,1,231,0,0.0,0,0.4235525693617725,0
main_scaled,k-NN,1,1,234,0,0.0,0,0.4235525693617725,0
main_scaled,k-NN,1,1,241,0,0.0,0,0.4235525693617725,0
main_scaled,k-NN,1,1,246,0,0.0,0,0.4235525693617725,0
main_scaled,k-NN,1,1,248,0,0.14935006393522152,0,0.4235525693617725,0
main_scaled,k-NN,1,1,251,0,0.0,0,0.4235525693617725,0
main_scaled,k-NN,1,1,252,1,1.0,1,0.4235525693617725,1
main_scaled,k-NN,1,1,255,1,0.0,0,0.4235525693617725,0
main_scaled,k-NN,1,1,258,1,1.0,1,0.4235525693617725,1
main_scaled,k-NN,1,1,266,0,0.0,0,0.4235525693617725,0
main_scaled,k-NN,1,1,293,0,0.0,0,0.4235525693617725,0
main_scaled,k-NN,1,1,305,0,0.0,0,0.4235525693617725,0
main_scaled,k-NN,1,1,306,0,0.0,0,0.4235525693617725,0
main_scaled,k-NN,1,1,317,1,1.0,1,0.4235525693617725,1
main_scaled,k-NN,1,1,319,0,0.0,0,0.4235525693617725,0
main_scaled,k-NN,1,1,326,0,0.0,0,0.4235525693617725,0
main_scaled,k-NN,1,1,328,1,1.0,1,0.4235525693617725,1
main_scaled,k-NN,1,1,329,1,0.4235525693617725,0,0.4235525693617725,1
main_scaled,k-NN,1,1,330,1,0.84727077172878,1,0.4235525693617725,1
main_scaled,k-NN,1,1,334,0,0.0,0,0.4235525693617725,0
main_scaled,k-NN,1,1,338,0,0.0,0,0.4235525693617725,0
main_scaled,k-NN,1,1,341,0,0.0,0,0.4235525693617725,0
main_scaled,k-NN,1,1,342,0,0.0,0,0.4235525693617725,0
main_scaled,k-NN,1,1,343,1,1.0,1,0.4235525693617725,1
main_scaled,k-NN,1,1,365,1,1.0,1,0.4235525693617725,1
main_scaled,k-NN,1,1,370,1,1.0,1,0.4235525693617725,1
main_scaled,k-NN,1,1,372,1,1.0,1,0.4235525693617725,1
main_scaled,k-NN,1,1,375,0,0.13287260432507267,0,0.4235525693617725,0
main_scaled,k-NN,1,1,376,0,0.0,0,0.4235525693617725,0
main_scaled,k-NN,1,1,388,0,0.0,0,0.4235525693617725,0
main_scaled,k-NN,1,1,392,1,1.0,1,0.4235525693617725,1
main_scaled,k-NN,1,1,395,0,0.0,0,0.4235525693617725,0
main_scaled,k-NN,1,1,397,0,0.0,0,0.4235525693617725,0
main_scaled,k-NN,1,1,401,0,0.0,0,0.4235525693617725,0
main_scaled,k-NN,1,1,403,0,0.0,0,0.4235525693617725,0
main_scaled,k-NN,1,1,407,0,0.0,0,0.4235525693617725,0
main_scaled,k-NN,1,1,413,0,0.0,0,0.4235525693617725,0
main_scaled,k-NN,1,1,417,1,1.0,1,0.4235525693617725,1
main_scaled,k-NN,1,1,420,0,0.0,0,0.4235525693617725,0
main_scaled,k-NN,1,1,428,0,0.0,0,0.4235525693617725,0
main_scaled,k-NN,1,1,430,1,1.0,1,0.4235525693617725,1
main_scaled,k-NN,1,1,435,1,0.7273679964734452,1,0.4235525693617725,1
main_scaled,k-NN,1,1,437,0,0.0,0,0.4235525693617725,0
main_scaled,k-NN,1,1,440,0,0.0,0,0.4235525693617725,0
main_scaled,k-NN,1,1,450,0,0.0,0,0.4235525693617725,0
main_scaled,k-NN,1,1,456,0,0.13913107861460286,0,0.4235525693617725,0
main_scaled,k-NN,1,1,464,0,0.0,0,0.4235525693617725,0
main_scaled,k-NN,1,1,465,0,0.11804005688316493,0,0.4235525693617725,0
main_scaled,k-NN,1,1,466,0,0.0,0,0.4235525693617725,0
main_scaled,k-NN,1,1,467,0,0.0,0,0.4235525693617725,0
main_scaled,k-NN,1,1,469,0,0.2710371832915372,0,0.4235525693617725,0
main_scaled,k-NN,1,1,472,0,0.0,0,0.4235525693617725,0
main_scaled,k-NN,1,1,477,0,0.0,0,0.4235525693617725,0
main_scaled,k-NN,1,1,482,0,0.14035392905467403,0,0.4235525693617725,0
main_scaled,k-NN,1,1,486,0,0.14500644081224046,0,0.4235525693617725,0
main_scaled,k-NN,1,1,488,0,0.0,0,0.4235525693617725,0
main_scaled,k-NN,1,1,490,0,0.1441432255752456,0,0.4235525693617725,0
main_scaled,k-NN,1,1,501,1,1.0,1,0.4235525693617725,1
main_scaled,k-NN,1,1,511,0,0.0,0,0.4235525693617725,0
main_scaled,k-NN,1,1,519,0,0.0,0,0.4235525693617725,0
main_scaled,k-NN,1,1,523,0,0.0,0,0.4235525693617725,0
main_scaled,k-NN,1,1,526,0,0.4277865679424703,0,0.4235525693617725,1
main_scaled,k-NN,1,1,528,0,0.0,0,0.4235525693617725,0
main_scaled,k-NN,1,1,529,0,0.0,0,0.4235525693617725,0
main_scaled,k-NN,1,1,535,1,1.0,1,0.4235525693617725,1
main_scaled,k-NN,1,1,542,0,0.0,0,0.4235525693617725,0
main_scaled,k-NN,1,1,549,0,0.0,0,0.4235525693617725,0
main_scaled,k-NN,1,1,552,0,0.0,0,0.4235525693617725,0
main_scaled,k-NN,1,1,554,0,0.12966754560571825,0,0.4235525693617725,0
main_scaled,k-NN,1,1,555,0,0.0,0,0.4235525693617725,0
main_scaled,k-NN,1,1,558,0,0.1294152493937416,0,0.4235525693617725,0
main_scaled,k-NN,1,1,568,0,0.0,0,0.4235525693617725,0
main_scaled,k-NN,1,2,14,1,0.941227663674454,1,0.2781023749430471,1
main_scaled,k-NN,1,2,31,1,0.8821942099999732,1,0.2781023749430471,1
main_scaled,k-NN,1,2,32,1,1.0,1,0.2781023749430471,1
main_scaled,k-NN,1,2,33,1,1.0,1,0.2781023749430471,1
main_scaled,k-NN,1,2,37,0,0.06172910218019431,0,0.2781023749430471,0
main_scaled,k-NN,1,2,41,1,0.4687606704427511,0,0.2781023749430471,1
main_scaled,k-NN,1,2,44,1,0.7226382090040163,1,0.2781023749430471,1
main_scaled,k-NN,1,2,51,0,0.0,0,0.2781023749430471,0
main_scaled,k-NN,1,2,68,0,0.24727859824492995,0,0.2781023749430471,0
main_scaled,k-NN,1,2,75,1,1.0,1,0.2781023749430471,1
main_scaled,k-NN,1,2,91,1,0.41198743661119513,0,0.2781023749430471,1
main_scaled,k-NN,1,2,93,0,0.0,0,0.2781023749430471,0
main_scaled,k-NN,1,2,103,0,0.0,0,0.2781023749430471,0
main_scaled,k-NN,1,2,107,0,0.0675051963955484,0,0.2781023749430471,0
main_scaled,k-NN,1,2,117,1,0.9399866322995565,1,0.2781023749430471,1
main_scaled,k-NN,1,2,126,1,0.6175221169078539,1,0.2781023749430471,1
main_scaled,k-NN,1,2,130,0,0.0,0,0.2781023749430471,0
main_scaled,k-NN,1,2,132,1,0.871426111702518,1,0.2781023749430471,1
main_scaled,k-NN,1,2,140,0,0.0,0,0.2781023749430471,0
main_scaled,k-NN,1,2,142,0,0.0,0,0.2781023749430471,0
main_scaled,k-NN,1,2,144,0,0.0,0,0.2781023749430471,0
main_scaled,k-NN,1,2,146,1,0.8097478252007451,1,0.2781023749430471,1
main_scaled,k-NN,1,2,149,0,0.0,0,0.2781023749430471,0
main_scaled,k-NN,1,2,150,0,0.0,0,0.2781023749430471,0
main_scaled,k-NN,1,2,152,0,0.24859591005726975,0,0.2781023749430471,0
main_scaled,k-NN,1,2,153,0,0.0,0,0.2781023749430471,0
main_scaled,k-NN,1,2,158,0,0.0,0,0.2781023749430471,0
main_scaled,k-NN,1,2,159,0,0.0,0,0.2781023749430471,0
main_scaled,k-NN,1,2,180,1,1.0,1,0.2781023749430471,1
main_scaled,k-NN,1,2,181,1,1.0,1,0.2781023749430471,1
main_scaled,k-NN,1,2,185,0,0.0,0,0.2781023749430471,0
main_scaled,k-NN,1,2,187,0,0.0,0,0.2781023749430471,0
main_scaled,k-NN,1,2,188,0,0.0,0,0.2781023749430471,0
main_scaled,k-NN,1,2,190,1,0.7381796126920396,1,0.2781023749430471,1
main_scaled,k-NN,1,2,202,1,1.0,1,0.2781023749430471,1
main_scaled,k-NN,1,2,206,0,0.0,0,0.2781023749430471,0
main_scaled,k-NN,1,2,211,0,0.0,0,0.2781023749430471,0
main_scaled,k-NN,1,2,216,0,0.0594307175464159,0,0.2781023749430471,0
main_scaled,k-NN,1,2,230,1,1.0,1,0.2781023749430471,1
main_scaled,k-NN,1,2,243,0,0.0607058976434227,0,0.2781023749430471,0
main_scaled,k-NN,1,2,245,0,0.0,0,0.2781023749430471,0
main_scaled,k-NN,1,2,256,1,1.0,1,0.2781023749430471,1
main_scaled,k-NN,1,2,261,1,0.5067413832601484,1,0.2781023749430471,1
main_scaled,k-NN,1,2,268,0,0.0,0,0.2781023749430471,0
main_scaled,k-NN,1,2,270,0,0.0,0,0.2781023749430471,0
main_scaled,k-NN,1,2,272,1,1.0,1,0.2781023749430471,1
main_scaled,k-NN,1,2,275,0,0.06707218507815044,0,0.2781023749430471,0
main_scaled,k-NN,1,2,276,0,0.0,0,0.2781023749430471,0
main_scaled,k-NN,1,2,281,0,0.0,0,0.2781023749430471,0
main_scaled,k-NN,1,2,283,1,0.9373010057868028,1,0.2781023749430471,1
main_scaled,k-NN,1,2,288,0,0.12911667432992918,0,0.2781023749430471,0
main_scaled,k-NN,1,2,289,0,0.0,0,0.2781023749430471,0
main_scaled,k-NN,1,2,292,0,0.0,0,0.2781023749430471,0
main_scaled,k-NN,1,2,296,0,0.0,0,0.2781023749430471,0
main_scaled,k-NN,1,2,301,0,0.0,0,0.2781023749430471,0
main_scaled,k-NN,1,2,302,1,1.0,1,0.2781023749430471,1
main_scaled,k-NN,1,2,304,0,0.0,0,0.2781023749430471,0
main_scaled,k-NN,1,2,323,1,1.0,1,0.2781023749430471,1
main_scaled,k-NN,1,2,324,0,0.0,0,0.2781023749430471,0
main_scaled,k-NN,1,2,325,0,0.0,0,0.2781023749430471,0
main_scaled,k-NN,1,2,337,1,1.0,1,0.2781023749430471,1
main_scaled,k-NN,1,2,344,0,0.0,0,0.2781023749430471,0
main_scaled,k-NN,1,2,348,0,0.0,0,0.2781023749430471,0
main_scaled,k-NN,1,2,351,1,0.8738545290573694,1,0.2781023749430471,1
main_scaled,k-NN,1,2,357,0,0.0,0,0.2781023749430471,0
main_scaled,k-NN,1,2,360,0,0.0,0,0.2781023749430471,0
main_scaled,k-NN,1,2,366,1,1.0,1,0.2781023749430471,1
main_scaled,k-NN,1,2,368,1,1.0,1,0.2781023749430471,1
main_scaled,k-NN,1,2,378,0,0.06701804532505029,0,0.2781023749430471,0
main_scaled,k-NN,1,2,383,0,0.12263775474539107,0,0.2781023749430471,0
main_scaled,k-NN,1,2,384,0,0.0,0,0.2781023749430471,0
main_scaled,k-NN,1,2,385,1,0.4666793878048977,0,0.2781023749430471,1
main_scaled,k-NN,1,2,390,0,0.0,0,0.2781023749430471,0
main_scaled,k-NN,1,2,393,1,1.0,1,0.2781023749430471,1
main_scaled,k-NN,1,2,394,0,0.0,0,0.2781023749430471,0
main_scaled,k-NN,1,2,396,0,0.20771319537508648,0,0.2781023749430471,0
main_scaled,k-NN,1,2,402,0,0.0,0,0.2781023749430471,0
main_scaled,k-NN,1,2,408,1,1.0,1,0.2781023749430471,1
main_scaled,k-NN,1,2,423,0,0.05880863006781322,0,0.2781023749430471,0
main_scaled,k-NN,1,2,425,0,0.0,0,0.2781023749430471,0
main_scaled,k-NN,1,2,427,0,0.06319461735286283,0,0.2781023749430471,0
main_scaled,k-NN,1,2,429,0,0.0,0,0.2781023749430471,0
main_scaled,k-NN,1,2,432,1,1.0,1,0.2781023749430471,1
main_scaled,k-NN,1,2,445,0,0.06498720252173469,0,0.2781023749430471,0
main_scaled,k-NN,1,2,452,0,0.0698696162896743,0,0.2781023749430471,0
main_scaled,k-NN,1,2,461,1,1.0,1,0.2781023749430471,1
main_scaled,k-NN,1,2,462,0,0.12659447087970854,0,0.2781023749430471,0
main_scaled,k-NN,1,2,468,1,1.0,1,0.2781023749430471,1
main_scaled,k-NN,1,2,473,0,0.059148550827720886,0,0.2781023749430471,0
main_scaled,k-NN,1,2,478,0,0.0,0,0.2781023749430471,0
main_scaled,k-NN,1,2,487,1,1.0,1,0.2781023749430471,1
main_scaled,k-NN,1,2,489,1,0.5273161411234383,1,0.2781023749430471,1
main_scaled,k-NN,1,2,491,0,0.06316419971162288,0,0.2781023749430471,0
main_scaled,k-NN,1,2,492,1,1.0,1,0.2781023749430471,1
main_scaled,k-NN,1,2,497,0,0.0,0,0.2781023749430471,0
main_scaled,k-NN,1,2,503,1,1.0,1,0.2781023749430471,1
main_scaled,k-NN,1,2,509,1,1.0,1,0.2781023749430471,1
main_scaled,k-NN,1,2,514,1,0.2781023749430471,0,0.2781023749430471,1
main_scaled,k-NN,1,2,515,0,0.0,0,0.2781023749430471,0
main_scaled,k-NN,1,2,517,1,1.0,1,0.2781023749430471,1
main_scaled,k-NN,1,2,524,0,0.0,0,0.2781023749430471,0
main_scaled,k-NN,1,2,525,0,0.0,0,0.2781023749430471,0
main_scaled,k-NN,1,2,532,0,0.0,0,0.2781023749430471,0
main_scaled,k-NN,1,2,537,0,0.3934019718969411,0,0.2781023749430471,1
main_scaled,k-NN,1,2,538,0,0.0,0,0.2781023749430471,0
main_scaled,k-NN,1,2,544,0,0.0,0,0.2781023749430471,0
main_scaled,k-NN,1,2,545,0,0.06062309616186329,0,0.2781023749430471,0
main_scaled,k-NN,1,2,546,0,0.0,0,0.2781023749430471,0
main_scaled,k-NN,1,2,548,0,0.0,0,0.2781023749430471,0
main_scaled,k-NN,1,2,551,0,0.0,0,0.2781023749430471,0
main_scaled,k-NN,1,2,561,0,0.0,0,0.2781023749430471,0
main_scaled,k-NN,1,2,562,1,1.0,1,0.2781023749430471,1
main_scaled,k-NN,1,2,563,1,1.0,1,0.2781023749430471,1
main_scaled,k-NN,1,2,565,1,1.0,1,0.2781023749430471,1
main_scaled,k-NN,1,3,2,1,1.0,1,0.26764489928039764,1
main_scaled,k-NN,1,3,6,1,1.0,1,0.26764489928039764,1
main_scaled,k-NN,1,3,13,1,0.6265257602824752,1,0.26764489928039764,1
main_scaled,k-NN,1,3,21,0,0.0,0,0.26764489928039764,0
main_scaled,k-NN,1,3,23,1,1.0,1,0.26764489928039764,1
main_scaled,k-NN,1,3,25,1,1.0,1,0.26764489928039764,1
main_scaled,k-NN,1,3,27,1,1.0,1,0.26764489928039764,1
main_scaled,k-NN,1,3,30,1,1.0,1,0.26764489928039764,1
main_scaled,k-NN,1,3,38,1,0.26764489928039764,0,0.26764489928039764,1
main_scaled,k-NN,1,3,45,1,1.0,1,0.26764489928039764,1
main_scaled,k-NN,1,3,48,0,0.0,0,0.26764489928039764,0
main_scaled,k-NN,1,3,49,0,0.2786463879423245,0,0.26764489928039764,1
main_scaled,k-NN,1,3,53,1,1.0,1,0.26764489928039764,1
main_scaled,k-NN,1,3,62,1,1.0,1,0.26764489928039764,1
main_scaled,k-NN,1,3,67,0,0.0,0,0.26764489928039764,0
main_scaled,k-NN,1,3,72,1,1.0,1,0.26764489928039764,1
main_scaled,k-NN,1,3,73,1,0.14053190659179948,0,0.26764489928039764,0
main_scaled,k-NN,1,3,74,0,0.0,0,0.26764489928039764,0
main_scaled,k-NN,1,3,77,1,1.0,1,0.26764489928039764,1
main_scaled,k-NN,1,3,78,1,1.0,1,0.26764489928039764,1
main_scaled,k-NN,1,3,95,1,1.0,1,0.26764489928039764,1
main_scaled,k-NN,1,3,97,0,0.0,0,0.26764489928039764,0
main_scaled,k-NN,1,3,99,1,0.18198875467127967,0,0.26764489928039764,0
main_scaled,k-NN,1,3,102,0,0.0,0,0.26764489928039764,0
main_scaled,k-NN,1,3,106,0,0.1476575673934701,0,0.26764489928039764,0
main_scaled,k-NN,1,3,112,0,0.4120462485086137,0,0.26764489928039764,1
main_scaled,k-NN,1,3,118,1,1.0,1,0.26764489928039764,1
main_scaled,k-NN,1,3,123,0,0.0,0,0.26764489928039764,0
main_scaled,k-NN,1,3,129,1,1.0,1,0.26764489928039764,1
main_scaled,k-NN,1,3,135,1,0.0,0,0.26764489928039764,0
main_scaled,k-NN,1,3,138,1,1.0,1,0.26764489928039764,1
main_scaled,k-NN,1,3,139,0,0.0,0,0.26764489928039764,0
main_scaled,k-NN,1,3,155,0,0.0,0,0.26764489928039764,0
main_scaled,k-NN,1,3,161,1,1.0,1,0.26764489928039764,1
main_scaled,k-NN,1,3,162,1,1.0,1,0.26764489928039764,1
main_scaled,k-NN,1,3,169,0,0.0,0,0.26764489928039764,0
main_scaled,k-NN,1,3,175,0,0.0,0,0.26764489928039764,0
main_scaled,k-NN,1,3,198,1,1.0,1,0.26764489928039764,1
main_scaled,k-NN,1,3,201,1,1.0,1,0.26764489928039764,1
main_scaled,k-NN,1,3,209,0,0.0,0,0.26764489928039764,0
main_scaled,k-NN,1,3,215,1,0.5441761837250382,1,0.26764489928039764,1
main_scaled,k-NN,1,3,217,0,0.0,0,0.26764489928039764,0
main_scaled,k-NN,1,3,225,0,0.0,0,0.26764489928039764,0
main_scaled,k-NN,1,3,226,0,0.0,0,0.26764489928039764,0
main_scaled,k-NN,1,3,228,0,0.13719158551917854,0,0.26764489928039764,0
main_scaled,k-NN,1,3,232,0,0.0,0,0.26764489928039764,0
main_scaled,k-NN,1,3,238,0,0.2580487200199318,0,0.26764489928039764,0
main_scaled,k-NN,1,3,244,1,1.0,1,0.26764489928039764,1
main_scaled,k-NN,1,3,253,1,1.0,1,0.26764489928039764,1
main_scaled,k-NN,1,3,267,0,0.0,0,0.26764489928039764,0
main_scaled,k-NN,1,3,271,0,0.0,0,0.26764489928039764,0
main_scaled,k-NN,1,3,273,0,0.0,0,0.26764489928039764,0
main_scaled,k-NN,1,3,274,1,1.0,1,0.26764489928039764,1
main_scaled,k-NN,1,3,278,0,0.0,0,0.26764489928039764,0
main_scaled,k-NN,1,3,284,0,0.0,0,0.26764489928039764,0
main_scaled,k-NN,1,3,286,0,0.0,0,0.26764489928039764,0
main_scaled,k-NN,1,3,291,0,0.0,0,0.26764489928039764,0
main_scaled,k-NN,1,3,294,0,0.0,0,0.26764489928039764,0
main_scaled,k-NN,1,3,297,1,0.0,0,0.26764489928039764,0
main_scaled,k-NN,1,3,298,0,0.23089913521577185,0,0.26764489928039764,0
main_scaled,k-NN,1,3,299,0,0.0,0,0.26764489928039764,0
main_scaled,k-NN,1,3,303,0,0.0,0,0.26764489928039764,0
main_scaled,k-NN,1,3,307,0,0.0,0,0.26764489928039764,0
main_scaled,k-NN,1,3,309,0,0.0,0,0.26764489928039764,0
main_scaled,k-NN,1,3,312,0,0.0,0,0.26764489928039764,0
main_scaled,k-NN,1,3,313,0,0.0,0,0.26764489928039764,0
main_scaled,k-NN,1,3,327,0,0.0,0,0.26764489928039764,0
main_scaled,k-NN,1,3,349,0,0.0,0,0.26764489928039764,0
main_scaled,k-NN,1,3,350,0,0.0,0,0.26764489928039764,0
main_scaled,k-NN,1,3,352,1,1.0,1,0.26764489928039764,1
main_scaled,k-NN,1,3,353,1,1.0,1,0.26764489928039764,1
main_scaled,k-NN,1,3,354,0,0.0,0,0.26764489928039764,0
main_scaled,k-NN,1,3,355,0,0.12343416260957231,0,0.26764489928039764,0
main_scaled,k-NN,1,3,356,0,0.0,0,0.26764489928039764,0
main_scaled,k-NN,1,3,362,0,0.0,0,0.26764489928039764,0
main_scaled,k-NN,1,3,371,0,0.0,0,0.26764489928039764,0
main_scaled,k-NN,1,3,373,1,1.0,1,0.26764489928039764,1
main_scaled,k-NN,1,3,377,0,0.0,0,0.26764489928039764,0
main_scaled,k-NN,1,3,387,0,0.0,0,0.26764489928039764,0
main_scaled,k-NN,1,3,389,1,1.0,1,0.26764489928039764,1
main_scaled,k-NN,1,3,405,0,0.0,0,0.26764489928039764,0
main_scaled,k-NN,1,3,406,0,0.0,0,0.26764489928039764,0
main_scaled,k-NN,1,3,409,0,0.0,0,0.26764489928039764,0
main_scaled,k-NN,1,3,416,0,0.0,0,0.26764489928039764,0
main_scaled,k-NN,1,3,418,0,0.0,0,0.26764489928039764,0
main_scaled,k-NN,1,3,424,0,0.0,0,0.26764489928039764,0
main_scaled,k-NN,1,3,426,0,0.0,0,0.26764489928039764,0
main_scaled,k-NN,1,3,433,1,1.0,1,0.26764489928039764,1
main_scaled,k-NN,1,3,436,0,0.0,0,0.26764489928039764,0
main_scaled,k-NN,1,3,441,1,1.0,1,0.26764489928039764,1
main_scaled,k-NN,1,3,442,0,0.0,0,0.26764489928039764,0
main_scaled,k-NN,1,3,446,1,1.0,1,0.26764489928039764,1
main_scaled,k-NN,1,3,448,0,0.31692249355855673,0,0.26764489928039764,1
main_scaled,k-NN,1,3,453,0,0.0,0,0.26764489928039764,0
main_scaled,k-NN,1,3,454,0,0.0,0,0.26764489928039764,0
main_scaled,k-NN,1,3,460,1,1.0,1,0.26764489928039764,1
main_scaled,k-NN,1,3,463,0,0.0,0,0.26764489928039764,0
main_scaled,k-NN,1,3,470,0,0.0,0,0.26764489928039764,0
main_scaled,k-NN,1,3,476,0,0.1577409699126903,0,0.26764489928039764,0
main_scaled,k-NN,1,3,483,0,0.0,0,0.26764489928039764,0
main_scaled,k-NN,1,3,485,0,0.1459265386358502,0,0.26764489928039764,0
main_scaled,k-NN,1,3,493,0,0.0,0,0.26764489928039764,0
main_scaled,k-NN,1,3,494,0,0.0,0,0.26764489928039764,0
main_scaled,k-NN,1,3,498,1,1.0,1,0.26764489928039764,1
main_scaled,k-NN,1,3,499,1,1.0,1,0.26764489928039764,1
main_scaled,k-NN,1,3,500,0,0.13845233046287053,0,0.26764489928039764,0
main_scaled,k-NN,1,3,502,0,0.0,0,0.26764489928039764,0
main_scaled,k-NN,1,3,507,0,0.0,0,0.26764489928039764,0
main_scaled,k-NN,1,3,512,1,0.8791099699651599,1,0.26764489928039764,1
main_scaled,k-NN,1,3,530,0,0.0,0,0.26764489928039764,0
main_scaled,k-NN,1,3,540,0,0.0,0,0.26764489928039764,0
main_scaled,k-NN,1,3,543,0,0.0,0,0.26764489928039764,0
main_scaled,k-NN,1,3,553,0,0.0,0,0.26764489928039764,0
main_scaled,k-NN,1,3,566,1,0.4359887341177158,0,0.26764489928039764,1
main_scaled,k-NN,1,4,0,1,1.0,1,0.526827782720006,1
main_scaled,k-NN,1,4,4,1,1.0,1,0.526827782720006,1
main_scaled,k-NN,1,4,7,1,0.7620117860745769,1,0.526827782720006,1
main_scaled,k-NN,1,4,8,1,0.9384974933445824,1,0.526827782720006,1
main_scaled,k-NN,1,4,9,1,0.9377238382696224,1,0.526827782720006,1
main_scaled,k-NN,1,4,16,1,0.8173423704337675,1,0.526827782720006,1
main_scaled,k-NN,1,4,19,0,0.06345190080739184,0,0.526827782720006,0
main_scaled,k-NN,1,4,20,0,0.0,0,0.526827782720006,0
main_scaled,k-NN,1,4,24,1,1.0,1,0.526827782720006,1
main_scaled,k-NN,1,4,42,1,1.0,1,0.526827782720006,1
main_scaled,k-NN,1,4,43,1,0.8171331612113946,1,0.526827782720006,1
main_scaled,k-NN,1,4,47,1,0.9282377383127215,1,0.526827782720006,1
main_scaled,k-NN,1,4,54,1,0.7517331829500526,1,0.526827782720006,1
main_scaled,k-NN,1,4,58,0,0.0,0,0.526827782720006,0
main_scaled,k-NN,1,4,59,0,0.0,0,0.526827782720006,0
main_scaled,k-NN,1,4,60,0,0.0,0,0.526827782720006,0
main_scaled,k-NN,1,4,61,0,0.0,0,0.526827782720006,0
main_scaled,k-NN,1,4,66,0,0.0,0,0.526827782720006,0
main_scaled,k-NN,1,4,79,0,0.0,0,0.526827782720006,0
main_scaled,k-NN,1,4,80,0,0.0,0,0.526827782720006,0
main_scaled,k-NN,1,4,87,1,1.0,1,0.526827782720006,1
main_scaled,k-NN,1,4,89,0,0.27839782881862185,0,0.526827782720006,0
main_scaled,k-NN,1,4,90,0,0.17807775378596077,0,0.526827782720006,0
main_scaled,k-NN,1,4,96,0,0.07368511067061628,0,0.526827782720006,0
main_scaled,k-NN,1,4,105,1,0.9354013191962869,1,0.526827782720006,1
main_scaled,k-NN,1,4,109,0,0.08279065290964685,0,0.526827782720006,0
main_scaled,k-NN,1,4,114,0,0.0,0,0.526827782720006,0
main_scaled,k-NN,1,4,116,0,0.0,0,0.526827782720006,0
main_scaled,k-NN,1,4,125,0,0.0,0,0.526827782720006,0
main_scaled,k-NN,1,4,128,0,0.4692248151543632,0,0.526827782720006,0
main_scaled,k-NN,1,4,136,0,0.10319491557475217,0,0.526827782720006,0
main_scaled,k-NN,1,4,141,1,0.9382300844678977,1,0.526827782720006,1
main_scaled,k-NN,1,4,143,0,0.0,0,0.526827782720006,0
main_scaled,k-NN,1,4,147,0,0.0,0,0.526827782720006,0
main_scaled,k-NN,1,4,148,0,0.1333794114147288,0,0.526827782720006,0
main_scaled,k-NN,1,4,151,0,0.12836815507045715,0,0.526827782720006,0
main_scaled,k-NN,1,4,154,0,0.05976121775566734,0,0.526827782720006,0
main_scaled,k-NN,1,4,157,0,0.3944468804386764,0,0.526827782720006,0
main_scaled,k-NN,1,4,160,0,0.0,0,0.526827782720006,0
main_scaled,k-NN,1,4,165,0,0.061174677282556315,0,0.526827782720006,0
main_scaled,k-NN,1,4,166,0,0.0,0,0.526827782720006,0
main_scaled,k-NN,1,4,167,1,0.816757687834957,1,0.526827782720006,1
main_scaled,k-NN,1,4,168,1,1.0,1,0.526827782720006,1
main_scaled,k-NN,1,4,177,1,0.885960883429411,1,0.526827782720006,1
main_scaled,k-NN,1,4,178,0,0.0,0,0.526827782720006,0
main_scaled,k-NN,1,4,189,0,0.0,0,0.526827782720006,0
main_scaled,k-NN,1,4,192,0,0.060618513332030804,0,0.526827782720006,0
main_scaled,k-NN,1,4,196,1,0.6705093996163024,1,0.526827782720006,1
main_scaled,k-NN,1,4,200,0,0.06279052182281916,0,0.526827782720006,0
main_scaled,k-NN,1,4,204,0,0.06866697984260332,0,0.526827782720006,0
main_scaled,k-NN,1,4,205,1,0.3374111490614229,0,0.526827782720006,0
main_scaled,k-NN,1,4,210,1,1.0,1,0.526827782720006,1
main_scaled,k-NN,1,4,213,1,0.526827782720006,1,0.526827782720006,1
main_scaled,k-NN,1,4,220,0,0.0,0,0.526827782720006,0
main_scaled,k-NN,1,4,229,1,0.9343804437048809,1,0.526827782720006,1
main_scaled,k-NN,1,4,235,0,0.07548828345423106,0,0.526827782720006,0
main_scaled,k-NN,1,4,237,1,1.0,1,0.526827782720006,1
main_scaled,k-NN,1,4,239,1,1.0,1,0.526827782720006,1
main_scaled,k-NN,1,4,240,0,0.0,0,0.526827782720006,0
main_scaled,k-NN,1,4,250,1,1.0,1,0.526827782720006,1
main_scaled,k-NN,1,4,257,1,1.0,1,0.526827782720006,1
main_scaled,k-NN,1,4,260,1,1.0,1,0.526827782720006,1
main_scaled,k-NN,1,4,262,1,1.0,1,0.526827782720006,1
main_scaled,k-NN,1,4,263,1,0.2738177691441141,0,0.526827782720006,0
main_scaled,k-NN,1,4,265,1,1.0,1,0.526827782720006,1
main_scaled,k-NN,1,4,277,1,0.724020452622612,1,0.526827782720006,1
main_scaled,k-NN,1,4,279,0,0.0,0,0.526827782720006,0
main_scaled,k-NN,1,4,282,1,1.0,1,0.526827782720006,1
main_scaled,k-NN,1,4,285,0,0.0,0,0.526827782720006,0
main_scaled,k-NN,1,4,290,0,0.18331355305271443,0,0.526827782720006,0
main_scaled,k-NN,1,4,300,1,1.0,1,0.526827782720006,1
main_scaled,k-NN,1,4,310,0,0.0,0,0.526827782720006,0
main_scaled,k-NN,1,4,311,0,0.0,0,0.526827782720006,0
main_scaled,k-NN,1,4,315,0,0.0,0,0.526827782720006,0
main_scaled,k-NN,1,4,316,0,0.0,0,0.526827782720006,0
main_scaled,k-NN,1,4,321,1,1.0,1,0.526827782720006,1
main_scaled,k-NN,1,4,322,0,0.06389799038393454,0,0.526827782720006,0
main_scaled,k-NN,1,4,332,0,0.0,0,0.526827782720006,0
main_scaled,k-NN,1,4,335,1,1.0,1,0.526827782720006,1
main_scaled,k-NN,1,4,347,0,0.0,0,0.526827782720006,0
main_scaled,k-NN,1,4,359,0,0.0,0,0.526827782720006,0
main_scaled,k-NN,1,4,361,0,0.057103036248958516,0,0.526827782720006,0
main_scaled,k-NN,1,4,364,0,0.0,0,0.526827782720006,0
main_scaled,k-NN,1,4,367,0,0.0,0,0.526827782720006,0
main_scaled,k-NN,1,4,379,1,0.9408342123838287,1,0.526827782720006,1
main_scaled,k-NN,1,4,382,0,0.0,0,0.526827782720006,0
main_scaled,k-NN,1,4,386,0,0.0,0,0.526827782720006,0
main_scaled,k-NN,1,4,391,0,0.0,0,0.526827782720006,0
main_scaled,k-NN,1,4,399,0,0.0,0,0.526827782720006,0
main_scaled,k-NN,1,4,414,1,0.25176533674956986,0,0.526827782720006,0
main_scaled,k-NN,1,4,419,0,0.0,0,0.526827782720006,0
main_scaled,k-NN,1,4,421,0,0.463116488892072,0,0.526827782720006,0
main_scaled,k-NN,1,4,422,0,0.0597054534381037,0,0.526827782720006,0
main_scaled,k-NN,1,4,434,0,0.0,0,0.526827782720006,0
main_scaled,k-NN,1,4,438,0,0.0,0,0.526827782720006,0
main_scaled,k-NN,1,4,439,0,0.0,0,0.526827782720006,0
main_scaled,k-NN,1,4,449,1,1.0,1,0.526827782720006,1
main_scaled,k-NN,1,4,455,0,0.1223973458727312,0,0.526827782720006,0
main_scaled,k-NN,1,4,457,0,0.06711430149635547,0,0.526827782720006,0
main_scaled,k-NN,1,4,475,0,0.0,0,0.526827782720006,0
main_scaled,k-NN,1,4,480,0,0.0,0,0.526827782720006,0
main_scaled,k-NN,1,4,496,0,0.34404603449325916,0,0.526827782720006,0
main_scaled,k-NN,1,4,504,0,0.13392230329633206,0,0.526827782720006,0
main_scaled,k-NN,1,4,506,0,0.0,0,0.526827782720006,0
main_scaled,k-NN,1,4,508,0,0.0,0,0.526827782720006,0
main_scaled,k-NN,1,4,513,0,0.0,0,0.526827782720006,0
main_scaled,k-NN,1,4,516,1,1.0,1,0.526827782720006,1
main_scaled,k-NN,1,4,531,0,0.06376485323905981,0,0.526827782720006,0
main_scaled,k-NN,1,4,533,1,1.0,1,0.526827782720006,1
main_scaled,k-NN,1,4,547,0,0.0,0,0.526827782720006,0
main_scaled,k-NN,1,4,550,0,0.0,0,0.526827782720006,0
main_scaled,k-NN,1,4,560,0,0.2069749162001017,0,0.526827782720006,0
main_scaled,k-NN,1,4,564,1,1.0,1,0.526827782720006,1
main_scaled,k-NN,1,4,567,1,1.0,1,0.526827782720006,1
main_scaled,k-NN,1,5,1,1,1.0,1,0.706861024941814,1
main_scaled,k-NN,1,5,3,1,1.0,1,0.706861024941814,1
main_scaled,k-NN,1,5,10,1,0.7349281538607876,1,0.706861024941814,1
main_scaled,k-NN,1,5,11,1,1.0,1,0.706861024941814,1
main_scaled,k-NN,1,5,12,1,1.0,1,0.706861024941814,1
main_scaled,k-NN,1,5,15,1,1.0,1,0.706861024941814,1
main_scaled,k-NN,1,5,17,1,1.0,1,0.706861024941814,1
main_scaled,k-NN,1,5,22,1,1.0,1,0.706861024941814,1
main_scaled,k-NN,1,5,28,1,1.0,1,0.706861024941814,1
main_scaled,k-NN,1,5,35,1,1.0,1,0.706861024941814,1
main_scaled,k-NN,1,5,46,0,0.0,0,0.706861024941814,0
main_scaled,k-NN,1,5,55,0,0.0,0,0.706861024941814,0
main_scaled,k-NN,1,5,57,1,1.0,1,0.706861024941814,1
main_scaled,k-NN,1,5,63,0,0.0,0,0.706861024941814,0
main_scaled,k-NN,1,5,69,0,0.0,0,0.706861024941814,0
main_scaled,k-NN,1,5,81,0,0.8576176011495933,1,0.706861024941814,1
main_scaled,k-NN,1,5,82,1,1.0,1,0.706861024941814,1
main_scaled,k-NN,1,5,83,1,1.0,1,0.706861024941814,1
main_scaled,k-NN,1,5,84,0,0.0,0,0.706861024941814,0
main_scaled,k-NN,1,5,85,1,1.0,1,0.706861024941814,1
main_scaled,k-NN,1,5,88,0,0.12864115976958826,0,0.706861024941814,0
main_scaled,k-NN,1,5,92,0,0.0,0,0.706861024941814,0
main_scaled,k-NN,1,5,98,0,0.0,0,0.706861024941814,0
main_scaled,k-NN,1,5,108,1,1.0,1,0.706861024941814,1
main_scaled,k-NN,1,5,111,0,0.0,0,0.706861024941814,0
main_scaled,k-NN,1,5,113,0,0.0,0,0.706861024941814,0
main_scaled,k-NN,1,5,119,1,1.0,1,0.706861024941814,1
main_scaled,k-NN,1,5,120,0,0.0,0,0.706861024941814,0
main_scaled,k-NN,1,5,122,1,1.0,1,0.706861024941814,1
main_scaled,k-NN,1,5,124,0,0.0,0,0.706861024941814,0
main_scaled,k-NN,1,5,127,1,1.0,1,0.706861024941814,1
main_scaled,k-NN,1,5,134,1,1.0,1,0.706861024941814,1
main_scaled,k-NN,1,5,163,0,0.0,0,0.706861024941814,0
main_scaled,k-NN,1,5,164,1,1.0,1,0.706861024941814,1
main_scaled,k-NN,1,5,171,1,0.7502974039889023,1,0.706861024941814,1
main_scaled,k-NN,1,5,174,0,0.0,0,0.706861024941814,0
main_scaled,k-NN,1,5,176,0,0.0,0,0.706861024941814,0
main_scaled,k-NN,1,5,179,0,0.0,0,0.706861024941814,0
main_scaled,k-NN,1,5,183,0,0.0,0,0.706861024941814,0
main_scaled,k-NN,1,5,193,1,1.0,1,0.706861024941814,1
main_scaled,k-NN,1,5,194,1,0.7485479075668732,1,0.706861024941814,1
main_scaled,k-NN,1,5,195,0,0.0,0,0.706861024941814,0
main_scaled,k-NN,1,5,197,1,0.8544360762597654,1,0.706861024941814,1
main_scaled,k-NN,1,5,199,1,0.878219196949599,1,0.706861024941814,1
main_scaled,k-NN,1,5,218,1,1.0,1,0.706861024941814,1
main_scaled,k-NN,1,5,219,1,1.0,1,0.706861024941814,1
main_scaled,k-NN,1,5,221,0,0.1298250253204373,0,0.706861024941814,0
main_scaled,k-NN,1,5,222,0,0.0,0,0.706861024941814,0
main_scaled,k-NN,1,5,223,1,1.0,1,0.706861024941814,1
main_scaled,k-NN,1,5,224,0,0.0,0,0.706861024941814,0
main_scaled,k-NN,1,5,233,1,1.0,1,0.706861024941814,1
main_scaled,k-NN,1,5,236,1,1.0,1,0.706861024941814,1
main_scaled,k-NN,1,5,242,0,0.28812996521959694,0,0.706861024941814,0
main_scaled,k-NN,1,5,247,0,0.12747113112213312,0,0.706861024941814,0
main_scaled,k-NN,1,5,249,0,0.0,0,0.706861024941814,0
main_scaled,k-NN,1,5,254,1,1.0,1,0.706861024941814,1
main_scaled,k-NN,1,5,259,1,1.0,1,0.706861024941814,1
main_scaled,k-NN,1,5,264,1,1.0,1,0.706861024941814,1
main_scaled,k-NN,1,5,269,0,0.0,0,0.706861024941814,0
main_scaled,k-NN,1,5,280,1,1.0,1,0.706861024941814,1
main_scaled,k-NN,1,5,287,0,0.0,0,0.706861024941814,0
main_scaled,k-NN,1,5,295,0,0.0,0,0.706861024941814,0
main_scaled,k-NN,1,5,308,0,0.0,0,0.706861024941814,0
main_scaled,k-NN,1,5,314,0,0.0,0,0.706861024941814,0
main_scaled,k-NN,1,5,318,0,0.0,0,0.706861024941814,0
main_scaled,k-NN,1,5,320,0,0.0,0,0.706861024941814,0
main_scaled,k-NN,1,5,331,0,0.0,0,0.706861024941814,0
main_scaled,k-NN,1,5,333,0,0.0,0,0.706861024941814,0
main_scaled,k-NN,1,5,336,0,0.0,0,0.706861024941814,0
main_scaled,k-NN,1,5,339,1,1.0,1,0.706861024941814,1
main_scaled,k-NN,1,5,340,0,0.1578861799859043,0,0.706861024941814,0
main_scaled,k-NN,1,5,345,0,0.0,0,0.706861024941814,0
main_scaled,k-NN,1,5,346,0,0.0,0,0.706861024941814,0
main_scaled,k-NN,1,5,358,0,0.0,0,0.706861024941814,0
main_scaled,k-NN,1,5,363,0,0.43934476520482685,0,0.706861024941814,0
main_scaled,k-NN,1,5,369,1,1.0,1,0.706861024941814,1
main_scaled,k-NN,1,5,374,0,0.0,0,0.706861024941814,0
main_scaled,k-NN,1,5,380,0,0.0,0,0.706861024941814,0
main_scaled,k-NN,1,5,381,0,0.0,0,0.706861024941814,0
main_scaled,k-NN,1,5,398,0,0.0,0,0.706861024941814,0
main_scaled,k-NN,1,5,400,1,1.0,1,0.706861024941814,1
main_scaled,k-NN,1,5,404,0,0.0,0,0.706861024941814,0
main_scaled,k-NN,1,5,410,0,0.16765512046665426,0,0.706861024941814,0
main_scaled,k-NN,1,5,411,0,0.0,0,0.706861024941814,0
main_scaled,k-NN,1,5,412,0,0.0,0,0.706861024941814,0
main_scaled,k-NN,1,5,415,0,0.0,0,0.706861024941814,0
main_scaled,k-NN,1,5,431,0,0.0,0,0.706861024941814,0
main_scaled,k-NN,1,5,443,0,0.0,0,0.706861024941814,0
main_scaled,k-NN,1,5,444,1,0.8802939071480104,1,0.706861024941814,1
main_scaled,k-NN,1,5,447,0,0.0,0,0.706861024941814,0
main_scaled,k-NN,1,5,451,1,1.0,1,0.706861024941814,1
main_scaled,k-NN,1,5,458,0,0.0,0,0.706861024941814,0
main_scaled,k-NN,1,5,459,0,0.0,0,0.706861024941814,0
main_scaled,k-NN,1,5,471,0,0.0,0,0.706861024941814,0
main_scaled,k-NN,1,5,474,0,0.0,0,0.706861024941814,0
main_scaled,k-NN,1,5,479,1,0.7292447827331529,1,0.706861024941814,1
main_scaled,k-NN,1,5,481,0,0.12993169385054062,0,0.706861024941814,0
main_scaled,k-NN,1,5,484,0,0.14665053328293695,0,0.706861024941814,0
main_scaled,k-NN,1,5,495,0,0.14640226620760272,0,0.706861024941814,0
main_scaled,k-NN,1,5,505,0,0.0,0,0.706861024941814,0
main_scaled,k-NN,1,5,510,0,0.0,0,0.706861024941814,0
main_scaled,k-NN,1,5,518,0,0.1354223419876597,0,0.706861024941814,0
main_scaled,k-NN,1,5,520,0,0.0,0,0.706861024941814,0
main_scaled,k-NN,1,5,521,1,1.0,1,0.706861024941814,1
main_scaled,k-NN,1,5,522,0,0.0,0,0.706861024941814,0
main_scaled,k-NN,1,5,527,0,0.0,0,0.706861024941814,0
main_scaled,k-NN,1,5,534,0,0.0,0,0.706861024941814,0
main_scaled,k-NN,1,5,536,1,0.706861024941814,1,0.706861024941814,1
main_scaled,k-NN,1,5,539,0,0.0,0,0.706861024941814,0
main_scaled,k-NN,1,5,541,0,0.45375106298574625,0,0.706861024941814,0
main_scaled,k-NN,1,5,556,0,0.0,0,0.706861024941814,0
main_scaled,k-NN,1,5,557,0,0.0,0,0.706861024941814,0
main_scaled,k-NN,1,5,559,0,0.12364288840419543,0,0.706861024941814,0
main_scaled,k-NN,2,1,2,1,1.0,1,0.5950281357607095,1
main_scaled,k-NN,2,1,10,1,0.7259647846759452,1,0.5950281357607095,1
main_scaled,k-NN,2,1,16,1,0.8841900192680251,1,0.5950281357607095,1
main_scaled,k-NN,2,1,40,1,0.1468246625726596,0,0.5950281357607095,0
main_scaled,k-NN,2,1,57,1,1.0,1,0.5950281357607095,1
main_scaled,k-NN,2,1,59,0,0.0,0,0.5950281357607095,0
main_scaled,k-NN,2,1,60,0,0.0,0,0.5950281357607095,0
main_scaled,k-NN,2,1,62,1,1.0,1,0.5950281357607095,1
main_scaled,k-NN,2,1,63,0,0.0,0,0.5950281357607095,0
main_scaled,k-NN,2,1,67,0,0.0,0,0.5950281357607095,0
main_scaled,k-NN,2,1,69,0,0.0,0,0.5950281357607095,0
main_scaled,k-NN,2,1,74,0,0.0,0,0.5950281357607095,0
main_scaled,k-NN,2,1,76,0,0.0,0,0.5950281357607095,0
main_scaled,k-NN,2,1,82,1,1.0,1,0.5950281357607095,1
main_scaled,k-NN,2,1,83,1,1.0,1,0.5950281357607095,1
main_scaled,k-NN,2,1,85,1,1.0,1,0.5950281357607095,1
main_scaled,k-NN,2,1,88,0,0.0,0,0.5950281357607095,0
main_scaled,k-NN,2,1,95,1,1.0,1,0.5950281357607095,1
main_scaled,k-NN,2,1,98,0,0.0,0,0.5950281357607095,0
main_scaled,k-NN,2,1,99,1,0.1848893303806396,0,0.5950281357607095,0
main_scaled,k-NN,2,1,101,0,0.0,0,0.5950281357607095,0
main_scaled,k-NN,2,1,105,1,1.0,1,0.5950281357607095,1
main_scaled,k-NN,2,1,109,0,0.0,0,0.5950281357607095,0
main_scaled,k-NN,2,1,120,0,0.0,0,0.5950281357607095,0
main_scaled,k-NN,2,1,121,1,1.0,1,0.5950281357607095,1
main_scaled,k-NN,2,1,122,1,1.0,1,0.5950281357607095,1
main_scaled,k-NN,2,1,131,1,1.0,1,0.5950281357607095,1
main_scaled,k-NN,2,1,132,1,0.8658118328268499,1,0.5950281357607095,1
main_scaled,k-NN,2,1,135,1,0.0,0,0.5950281357607095,0
main_scaled,k-NN,2,1,136,0,0.20205582695343763,0,0.5950281357607095,0
main_scaled,k-NN,2,1,137,0,0.0,0,0.5950281357607095,0
main_scaled,k-NN,2,1,139,0,0.0,0,0.5950281357607095,0
main_scaled,k-NN,2,1,143,0,0.0,0,0.5950281357607095,0
main_scaled,k-NN,2,1,146,1,1.0,1,0.5950281357607095,1
main_scaled,k-NN,2,1,153,0,0.0,0,0.5950281357607095,0
main_scaled,k-NN,2,1,159,0,0.0,0,0.5950281357607095,0
main_scaled,k-NN,2,1,160,0,0.0,0,0.5950281357607095,0
main_scaled,k-NN,2,1,163,0,0.0,0,0.5950281357607095,0
main_scaled,k-NN,2,1,166,0,0.0,0,0.5950281357607095,0
main_scaled,k-NN,2,1,184,1,0.5950281357607095,1,0.5950281357607095,1
main_scaled,k-NN,2,1,189,0,0.0,0,0.5950281357607095,0
main_scaled,k-NN,2,1,195,0,0.0,0,0.5950281357607095,0
main_scaled,k-NN,2,1,199,1,1.0,1,0.5950281357607095,1
main_scaled,k-NN,2,1,209,0,0.0,0,0.5950281357607095,0
main_scaled,k-NN,2,1,214,1,0.8642319027826255,1,0.5950281357607095,1
main_scaled,k-NN,2,1,232,0,0.0,0,0.5950281357607095,0
main_scaled,k-NN,2,1,239,1,1.0,1,0.5950281357607095,1
main_scaled,k-NN,2,1,241,0,0.0,0,0.5950281357607095,0
main_scaled,k-NN,2,1,248,0,0.0,0,0.5950281357607095,0
main_scaled,k-NN,2,1,250,1,1.0,1,0.5950281357607095,1
main_scaled,k-NN,2,1,252,1,1.0,1,0.5950281357607095,1
main_scaled,k-NN,2,1,253,1,1.0,1,0.5950281357607095,1
main_scaled,k-NN,2,1,254,1,1.0,1,0.5950281357607095,1
main_scaled,k-NN,2,1,255,1,0.0,0,0.5950281357607095,0
main_scaled,k-NN,2,1,257,1,1.0,1,0.5950281357607095,1
main_scaled,k-NN,2,1,259,1,1.0,1,0.5950281357607095,1
main_scaled,k-NN,2,1,260,1,1.0,1,0.5950281357607095,1
main_scaled,k-NN,2,1,261,1,0.7421745057900662,1,0.5950281357607095,1
main_scaled,k-NN,2,1,266,0,0.0,0,0.5950281357607095,0
main_scaled,k-NN,2,1,281,0,0.0,0,0.5950281357607095,0
main_scaled,k-NN,2,1,282,1,1.0,1,0.5950281357607095,1
main_scaled,k-NN,2,1,295,0,0.0,0,0.5950281357607095,0
main_scaled,k-NN,2,1,296,0,0.0,0,0.5950281357607095,0
main_scaled,k-NN,2,1,310,0,0.0,0,0.5950281357607095,0
main_scaled,k-NN,2,1,315,0,0.0,0,0.5950281357607095,0
main_scaled,k-NN,2,1,316,0,0.0,0,0.5950281357607095,0
main_scaled,k-NN,2,1,321,1,1.0,1,0.5950281357607095,1
main_scaled,k-NN,2,1,324,0,0.0,0,0.5950281357607095,0
main_scaled,k-NN,2,1,325,0,0.0,0,0.5950281357607095,0
main_scaled,k-NN,2,1,330,1,1.0,1,0.5950281357607095,1
main_scaled,k-NN,2,1,335,1,1.0,1,0.5950281357607095,1
main_scaled,k-NN,2,1,340,0,0.0,0,0.5950281357607095,0
main_scaled,k-NN,2,1,352,1,1.0,1,0.5950281357607095,1
main_scaled,k-NN,2,1,356,0,0.0,0,0.5950281357607095,0
main_scaled,k-NN,2,1,357,0,0.0,0,0.5950281357607095,0
main_scaled,k-NN,2,1,358,0,0.0,0,0.5950281357607095,0
main_scaled,k-NN,2,1,359,0,0.0,0,0.5950281357607095,0
main_scaled,k-NN,2,1,363,0,0.41656265887988597,0,0.5950281357607095,0
main_scaled,k-NN,2,1,367,0,0.0,0,0.5950281357607095,0
main_scaled,k-NN,2,1,368,1,1.0,1,0.5950281357607095,1
main_scaled,k-NN,2,1,374,0,0.0,0,0.5950281357607095,0
main_scaled,k-NN,2,1,383,0,0.13174788424555325,0,0.5950281357607095,0
main_scaled,k-NN,2,1,384,0,0.0,0,0.5950281357607095,0
main_scaled,k-NN,2,1,386,0,0.0,0,0.5950281357607095,0
main_scaled,k-NN,2,1,387,0,0.0,0,0.5950281357607095,0
main_scaled,k-NN,2,1,388,0,0.0,0,0.5950281357607095,0
main_scaled,k-NN,2,1,393,1,1.0,1,0.5950281357607095,1
main_scaled,k-NN,2,1,394,0,0.0,0,0.5950281357607095,0
main_scaled,k-NN,2,1,399,0,0.0,0,0.5950281357607095,0
main_scaled,k-NN,2,1,406,0,0.0,0,0.5950281357607095,0
main_scaled,k-NN,2,1,417,1,1.0,1,0.5950281357607095,1
main_scaled,k-NN,2,1,418,0,0.0,0,0.5950281357607095,0
main_scaled,k-NN,2,1,420,0,0.0,0,0.5950281357607095,0
main_scaled,k-NN,2,1,421,0,0.3948879933643197,0,0.5950281357607095,0
main_scaled,k-NN,2,1,430,1,1.0,1,0.5950281357607095,1
main_scaled,k-NN,2,1,434,0,0.0,0,0.5950281357607095,0
main_scaled,k-NN,2,1,446,1,1.0,1,0.5950281357607095,1
main_scaled,k-NN,2,1,452,0,0.0,0,0.5950281357607095,0
main_scaled,k-NN,2,1,455,0,0.0,0,0.5950281357607095,0
main_scaled,k-NN,2,1,456,0,0.0,0,0.5950281357607095,0
main_scaled,k-NN,2,1,474,0,0.13687015046154016,0,0.5950281357607095,0
main_scaled,k-NN,2,1,475,0,0.0,0,0.5950281357607095,0
main_scaled,k-NN,2,1,478,0,0.0,0,0.5950281357607095,0
main_scaled,k-NN,2,1,480,0,0.0,0,0.5950281357607095,0
main_scaled,k-NN,2,1,486,0,0.14251293771871856,0,0.5950281357607095,0
main_scaled,k-NN,2,1,491,0,0.0,0,0.5950281357607095,0
main_scaled,k-NN,2,1,496,0,0.5749556942389277,1,0.5950281357607095,0
main_scaled,k-NN,2,1,506,0,0.0,0,0.5950281357607095,0
main_scaled,k-NN,2,1,511,0,0.0,0,0.5950281357607095,0
main_scaled,k-NN,2,1,528,0,0.1260729260354943,0,0.5950281357607095,0
main_scaled,k-NN,2,1,529,0,0.0,0,0.5950281357607095,0
main_scaled,k-NN,2,1,530,0,0.1258773855472353,0,0.5950281357607095,0
main_scaled,k-NN,2,1,535,1,1.0,1,0.5950281357607095,1
main_scaled,k-NN,2,1,562,1,1.0,1,0.5950281357607095,1
main_scaled,k-NN,2,2,6,1,1.0,1,0.6135907880718584,1
main_scaled,k-NN,2,2,12,1,0.8719795405864891,1,0.6135907880718584,1
main_scaled,k-NN,2,2,19,0,0.0,0,0.6135907880718584,0
main_scaled,k-NN,2,2,24,1,1.0,1,0.6135907880718584,1
main_scaled,k-NN,2,2,29,1,1.0,1,0.6135907880718584,1
main_scaled,k-NN,2,2,30,1,1.0,1,0.6135907880718584,1
main_scaled,k-NN,2,2,35,1,1.0,1,0.6135907880718584,1
main_scaled,k-NN,2,2,36,1,0.7092444577139115,1,0.6135907880718584,1
main_scaled,k-NN,2,2,43,1,0.8678761030113805,1,0.6135907880718584,1
main_scaled,k-NN,2,2,50,0,0.0,0,0.6135907880718584,0
main_scaled,k-NN,2,2,55,0,0.0,0,0.6135907880718584,0
main_scaled,k-NN,2,2,56,1,1.0,1,0.6135907880718584,1
main_scaled,k-NN,2,2,68,0,0.2586132116222092,0,0.6135907880718584,0
main_scaled,k-NN,2,2,78,1,1.0,1,0.6135907880718584,1
main_scaled,k-NN,2,2,80,0,0.0,0,0.6135907880718584,0
main_scaled,k-NN,2,2,86,1,0.721561016103551,1,0.6135907880718584,1
main_scaled,k-NN,2,2,87,1,1.0,1,0.6135907880718584,1
main_scaled,k-NN,2,2,93,0,0.0,0,0.6135907880718584,0
main_scaled,k-NN,2,2,97,0,0.0,0,0.6135907880718584,0
main_scaled,k-NN,2,2,100,1,0.8560045622229785,1,0.6135907880718584,1
main_scaled,k-NN,2,2,127,1,0.8788957906190742,1,0.6135907880718584,1
main_scaled,k-NN,2,2,134,1,1.0,1,0.6135907880718584,1
main_scaled,k-NN,2,2,140,0,0.0,0,0.6135907880718584,0
main_scaled,k-NN,2,2,141,1,1.0,1,0.6135907880718584,1
main_scaled,k-NN,2,2,144,0,0.0,0,0.6135907880718584,0
main_scaled,k-NN,2,2,147,0,0.0,0,0.6135907880718584,0
main_scaled,k-NN,2,2,148,0,0.14052973066015553,0,0.6135907880718584,0
main_scaled,k-NN,2,2,151,0,0.0,0,0.6135907880718584,0
main_scaled,k-NN,2,2,152,0,0.13171501157768592,0,0.6135907880718584,0
main_scaled,k-NN,2,2,154,0,0.0,0,0.6135907880718584,0
main_scaled,k-NN,2,2,158,0,0.0,0,0.6135907880718584,0
main_scaled,k-NN,2,2,165,0,0.0,0,0.6135907880718584,0
main_scaled,k-NN,2,2,187,0,0.0,0,0.6135907880718584,0
main_scaled,k-NN,2,2,193,1,0.7309455881653628,1,0.6135907880718584,1
main_scaled,k-NN,2,2,197,1,0.7246513690589911,1,0.6135907880718584,1
main_scaled,k-NN,2,2,198,1,1.0,1,0.6135907880718584,1
main_scaled,k-NN,2,2,200,0,0.0,0,0.6135907880718584,0
main_scaled,k-NN,2,2,203,1,1.0,1,0.6135907880718584,1
main_scaled,k-NN,2,2,204,0,0.1420821701379288,0,0.6135907880718584,0
main_scaled,k-NN,2,2,207,1,0.6135907880718584,1,0.6135907880718584,1
main_scaled,k-NN,2,2,208,0,0.5723568616492407,1,0.6135907880718584,0
main_scaled,k-NN,2,2,210,1,1.0,1,0.6135907880718584,1
main_scaled,k-NN,2,2,213,1,0.28038732447354553,0,0.6135907880718584,0
main_scaled,k-NN,2,2,229,1,1.0,1,0.6135907880718584,1
main_scaled,k-NN,2,2,230,1,1.0,1,0.6135907880718584,1
main_scaled,k-NN,2,2,240,0,0.0,0,0.6135907880718584,0
main_scaled,k-NN,2,2,245,0,0.0,0,0.6135907880718584,0
main_scaled,k-NN,2,2,249,0,0.0,0,0.6135907880718584,0
main_scaled,k-NN,2,2,258,1,1.0,1,0.6135907880718584,1
main_scaled,k-NN,2,2,268,0,0.0,0,0.6135907880718584,0
main_scaled,k-NN,2,2,271,0,0.0,0,0.6135907880718584,0
main_scaled,k-NN,2,2,274,1,0.8808469487310853,1,0.6135907880718584,1
main_scaled,k-NN,2,2,280,1,1.0,1,0.6135907880718584,1
main_scaled,k-NN,2,2,284,0,0.0,0,0.6135907880718584,0
main_scaled,k-NN,2,2,290,0,0.1275401412785749,0,0.6135907880718584,0
main_scaled,k-NN,2,2,291,0,0.13890569710601752,0,0.6135907880718584,0
main_scaled,k-NN,2,2,293,0,0.0,0,0.6135907880718584,0
main_scaled,k-NN,2,2,298,0,0.11554251246370167,0,0.6135907880718584,0
main_scaled,k-NN,2,2,301,0,0.0,0,0.6135907880718584,0
main_scaled,k-NN,2,2,309,0,0.0,0,0.6135907880718584,0
main_scaled,k-NN,2,2,311,0,0.0,0,0.6135907880718584,0
main_scaled,k-NN,2,2,313,0,0.0,0,0.6135907880718584,0
main_scaled,k-NN,2,2,314,0,0.0,0,0.6135907880718584,0
main_scaled,k-NN,2,2,318,0,0.0,0,0.6135907880718584,0
main_scaled,k-NN,2,2,323,1,1.0,1,0.6135907880718584,1
main_scaled,k-NN,2,2,331,0,0.0,0,0.6135907880718584,0
main_scaled,k-NN,2,2,336,0,0.0,0,0.6135907880718584,0
main_scaled,k-NN,2,2,343,1,1.0,1,0.6135907880718584,1
main_scaled,k-NN,2,2,348,0,0.0,0,0.6135907880718584,0
main_scaled,k-NN,2,2,351,1,0.8658067673176704,1,0.6135907880718584,1
main_scaled,k-NN,2,2,354,0,0.0,0,0.6135907880718584,0
main_scaled,k-NN,2,2,361,0,0.0,0,0.6135907880718584,0
main_scaled,k-NN,2,2,365,1,1.0,1,0.6135907880718584,1
main_scaled,k-NN,2,2,366,1,1.0,1,0.6135907880718584,1
main_scaled,k-NN,2,2,372,1,1.0,1,0.6135907880718584,1
main_scaled,k-NN,2,2,379,1,1.0,1,0.6135907880718584,1
main_scaled,k-NN,2,2,380,0,0.0,0,0.6135907880718584,0
main_scaled,k-NN,2,2,395,0,0.0,0,0.6135907880718584,0
main_scaled,k-NN,2,2,398,0,0.0,0,0.6135907880718584,0
main_scaled,k-NN,2,2,404,0,0.0,0,0.6135907880718584,0
main_scaled,k-NN,2,2,408,1,1.0,1,0.6135907880718584,1
main_scaled,k-NN,2,2,412,0,0.0,0,0.6135907880718584,0
main_scaled,k-NN,2,2,414,1,0.0,0,0.6135907880718584,0
main_scaled,k-NN,2,2,415,0,0.0,0,0.6135907880718584,0
main_scaled,k-NN,2,2,416,0,0.0,0,0.6135907880718584,0
main_scaled,k-NN,2,2,429,0,0.0,0,0.6135907880718584,0
main_scaled,k-NN,2,2,431,0,0.0,0,0.6135907880718584,0
main_scaled,k-NN,2,2,439,0,0.0,0,0.6135907880718584,0
main_scaled,k-NN,2,2,448,0,0.31607703809554466,0,0.6135907880718584,0
main_scaled,k-NN,2,2,454,0,0.0,0,0.6135907880718584,0
main_scaled,k-NN,2,2,457,0,0.122501270750015,0,0.6135907880718584,0
main_scaled,k-NN,2,2,465,0,0.0,0,0.6135907880718584,0
main_scaled,k-NN,2,2,466,0,0.13126005742055089,0,0.6135907880718584,0
main_scaled,k-NN,2,2,471,0,0.0,0,0.6135907880718584,0
main_scaled,k-NN,2,2,476,0,0.16356641627965265,0,0.6135907880718584,0
main_scaled,k-NN,2,2,479,1,0.8685555369898597,1,0.6135907880718584,1
main_scaled,k-NN,2,2,490,0,0.14053561767178463,0,0.6135907880718584,0
main_scaled,k-NN,2,2,498,1,1.0,1,0.6135907880718584,1
main_scaled,k-NN,2,2,501,1,1.0,1,0.6135907880718584,1
main_scaled,k-NN,2,2,504,0,0.4158178384103842,0,0.6135907880718584,0
main_scaled,k-NN,2,2,508,0,0.0,0,0.6135907880718584,0
main_scaled,k-NN,2,2,517,1,1.0,1,0.6135907880718584,1
main_scaled,k-NN,2,2,518,0,0.2781786279467254,0,0.6135907880718584,0
main_scaled,k-NN,2,2,520,0,0.0,0,0.6135907880718584,0
main_scaled,k-NN,2,2,522,0,0.0,0,0.6135907880718584,0
main_scaled,k-NN,2,2,523,0,0.13732123939691473,0,0.6135907880718584,0
main_scaled,k-NN,2,2,526,0,0.4279618692341605,0,0.6135907880718584,0
main_scaled,k-NN,2,2,538,0,0.0,0,0.6135907880718584,0
main_scaled,k-NN,2,2,555,0,0.0,0,0.6135907880718584,0
main_scaled,k-NN,2,2,557,0,0.0,0,0.6135907880718584,0
main_scaled,k-NN,2,2,558,0,0.0,0,0.6135907880718584,0
main_scaled,k-NN,2,2,560,0,0.14133874049255588,0,0.6135907880718584,0
main_scaled,k-NN,2,2,563,1,1.0,1,0.6135907880718584,1
main_scaled,k-NN,2,2,566,1,0.8599209454867942,1,0.6135907880718584,1
main_scaled,k-NN,2,3,0,1,1.0,1,0.5872091929994021,1
main_scaled,k-NN,2,3,3,1,0.9388374273348544,1,0.5872091929994021,1
main_scaled,k-NN,2,3,5,1,0.9450240664528827,1,0.5872091929994021,1
main_scaled,k-NN,2,3,14,1,0.9398901344027724,1,0.5872091929994021,1
main_scaled,k-NN,2,3,17,1,1.0,1,0.5872091929994021,1
main_scaled,k-NN,2,3,21,0,0.0,0,0.5872091929994021,0
main_scaled,k-NN,2,3,26,1,1.0,1,0.5872091929994021,1
main_scaled,k-NN,2,3,37,0,0.0,0,0.5872091929994021,0
main_scaled,k-NN,2,3,38,1,0.5872091929994021,1,0.5872091929994021,1
main_scaled,k-NN,2,3,39,1,0.6176718330512025,1,0.5872091929994021,1
main_scaled,k-NN,2,3,49,0,0.21884905248261854,0,0.5872091929994021,0
main_scaled,k-NN,2,3,51,0,0.0,0,0.5872091929994021,0
main_scaled,k-NN,2,3,54,1,0.7547710233656134,1,0.5872091929994021,1
main_scaled,k-NN,2,3,61,0,0.0,0,0.5872091929994021,0
main_scaled,k-NN,2,3,72,1,1.0,1,0.5872091929994021,1
main_scaled,k-NN,2,3,73,1,0.19445847548636744,0,0.5872091929994021,0
main_scaled,k-NN,2,3,81,0,0.6889882176289727,1,0.5872091929994021,1
main_scaled,k-NN,2,3,84,0,0.0,0,0.5872091929994021,0
main_scaled,k-NN,2,3,89,0,0.3281614169349859,0,0.5872091929994021,0
main_scaled,k-NN,2,3,91,1,0.2330757942372028,0,0.5872091929994021,0
main_scaled,k-NN,2,3,102,0,0.05930639538972522,0,0.5872091929994021,0
main_scaled,k-NN,2,3,107,0,0.06428942736325849,0,0.5872091929994021,0
main_scaled,k-NN,2,3,111,0,0.062384146070589785,0,0.5872091929994021,0
main_scaled,k-NN,2,3,113,0,0.0,0,0.5872091929994021,0
main_scaled,k-NN,2,3,117,1,1.0,1,0.5872091929994021,1
main_scaled,k-NN,2,3,118,1,1.0,1,0.5872091929994021,1
main_scaled,k-NN,2,3,123,0,0.059965053442617544,0,0.5872091929994021,0
main_scaled,k-NN,2,3,138,1,0.9384559420046422,1,0.5872091929994021,1
main_scaled,k-NN,2,3,150,0,0.0,0,0.5872091929994021,0
main_scaled,k-NN,2,3,162,1,1.0,1,0.5872091929994021,1
main_scaled,k-NN,2,3,164,1,1.0,1,0.5872091929994021,1
main_scaled,k-NN,2,3,167,1,1.0,1,0.5872091929994021,1
main_scaled,k-NN,2,3,168,1,1.0,1,0.5872091929994021,1
main_scaled,k-NN,2,3,174,0,0.0,0,0.5872091929994021,0
main_scaled,k-NN,2,3,181,1,1.0,1,0.5872091929994021,1
main_scaled,k-NN,2,3,183,0,0.0,0,0.5872091929994021,0
main_scaled,k-NN,2,3,186,1,0.8154818696231205,1,0.5872091929994021,1
main_scaled,k-NN,2,3,188,0,0.0,0,0.5872091929994021,0
main_scaled,k-NN,2,3,190,1,0.8061536322965028,1,0.5872091929994021,1
main_scaled,k-NN,2,3,192,0,0.061831953753239806,0,0.5872091929994021,0
main_scaled,k-NN,2,3,194,1,0.8069735668171581,1,0.5872091929994021,1
main_scaled,k-NN,2,3,196,1,0.737196282728665,1,0.5872091929994021,1
main_scaled,k-NN,2,3,201,1,1.0,1,0.5872091929994021,1
main_scaled,k-NN,2,3,202,1,1.0,1,0.5872091929994021,1
main_scaled,k-NN,2,3,211,0,0.0,0,0.5872091929994021,0
main_scaled,k-NN,2,3,212,1,1.0,1,0.5872091929994021,1
main_scaled,k-NN,2,3,218,1,1.0,1,0.5872091929994021,1
main_scaled,k-NN,2,3,224,0,0.0,0,0.5872091929994021,0
main_scaled,k-NN,2,3,226,0,0.0,0,0.5872091929994021,0
main_scaled,k-NN,2,3,231,0,0.06427787009428451,0,0.5872091929994021,0
main_scaled,k-NN,2,3,234,0,0.0,0,0.5872091929994021,0
main_scaled,k-NN,2,3,235,0,0.07293132474843626,0,0.5872091929994021,0
main_scaled,k-NN,2,3,238,0,0.2531425999714035,0,0.5872091929994021,0
main_scaled,k-NN,2,3,243,0,0.062312512686123936,0,0.5872091929994021,0
main_scaled,k-NN,2,3,251,0,0.0,0,0.5872091929994021,0
main_scaled,k-NN,2,3,267,0,0.0,0,0.5872091929994021,0
main_scaled,k-NN,2,3,269,0,0.0,0,0.5872091929994021,0
main_scaled,k-NN,2,3,270,0,0.0,0,0.5872091929994021,0
main_scaled,k-NN,2,3,279,0,0.0,0,0.5872091929994021,0
main_scaled,k-NN,2,3,283,1,1.0,1,0.5872091929994021,1
main_scaled,k-NN,2,3,285,0,0.0,0,0.5872091929994021,0
main_scaled,k-NN,2,3,289,0,0.0,0,0.5872091929994021,0
main_scaled,k-NN,2,3,292,0,0.0,0,0.5872091929994021,0
main_scaled,k-NN,2,3,294,0,0.0,0,0.5872091929994021,0
main_scaled,k-NN,2,3,305,0,0.0,0,0.5872091929994021,0
main_scaled,k-NN,2,3,312,0,0.0,0,0.5872091929994021,0
main_scaled,k-NN,2,3,322,0,0.0,0,0.5872091929994021,0
main_scaled,k-NN,2,3,326,0,0.0,0,0.5872091929994021,0
main_scaled,k-NN,2,3,329,1,0.7194712294733041,1,0.5872091929994021,1
main_scaled,k-NN,2,3,339,1,1.0,1,0.5872091929994021,1
main_scaled,k-NN,2,3,344,0,0.0,0,0.5872091929994021,0
main_scaled,k-NN,2,3,349,0,0.0,0,0.5872091929994021,0
main_scaled,k-NN,2,3,369,1,1.0,1,0.5872091929994021,1
main_scaled,k-NN,2,3,378,0,0.06599600651225773,0,0.5872091929994021,0
main_scaled,k-NN,2,3,389,1,1.0,1,0.5872091929994021,1
main_scaled,k-NN,2,3,390,0,0.0,0,0.5872091929994021,0
main_scaled,k-NN,2,3,391,0,0.0,0,0.5872091929994021,0
main_scaled,k-NN,2,3,392,1,1.0,1,0.5872091929994021,1
main_scaled,k-NN,2,3,402,0,0.0,0,0.5872091929994021,0
main_scaled,k-NN,2,3,403,0,0.0,0,0.5872091929994021,0
main_scaled,k-NN,2,3,409,0,0.0,0,0.5872091929994021,0
main_scaled,k-NN,2,3,411,0,0.0,0,0.5872091929994021,0
main_scaled,k-NN,2,3,419,0,0.0,0,0.5872091929994021,0
main_scaled,k-NN,2,3,422,0,0.0,0,0.5872091929994021,0
main_scaled,k-NN,2,3,442,0,0.0,0,0.5872091929994021,0
main_scaled,k-NN,2,3,443,0,0.0,0,0.5872091929994021,0
main_scaled,k-NN,2,3,445,0,0.06482625051444074,0,0.5872091929994021,0
main_scaled,k-NN,2,3,449,1,1.0,1,0.5872091929994021,1
main_scaled,k-NN,2,3,461,1,1.0,1,0.5872091929994021,1
main_scaled,k-NN,2,3,464,0,0.0,0,0.5872091929994021,0
main_scaled,k-NN,2,3,468,1,1.0,1,0.5872091929994021,1
main_scaled,k-NN,2,3,482,0,0.0,0,0.5872091929994021,0
main_scaled,k-NN,2,3,484,0,0.19326101198246257,0,0.5872091929994021,0
main_scaled,k-NN,2,3,487,1,1.0,1,0.5872091929994021,1
main_scaled,k-NN,2,3,494,0,0.0,0,0.5872091929994021,0
main_scaled,k-NN,2,3,502,0,0.0,0,0.5872091929994021,0
main_scaled,k-NN,2,3,514,1,0.20775603459355219,0,0.5872091929994021,0
main_scaled,k-NN,2,3,515,0,0.0,0,0.5872091929994021,0
main_scaled,k-NN,2,3,519,0,0.0,0,0.5872091929994021,0
main_scaled,k-NN,2,3,521,1,1.0,1,0.5872091929994021,1
main_scaled,k-NN,2,3,531,0,0.0,0,0.5872091929994021,0
main_scaled,k-NN,2,3,532,0,0.0,0,0.5872091929994021,0
main_scaled,k-NN,2,3,533,1,1.0,1,0.5872091929994021,1
main_scaled,k-NN,2,3,534,0,0.0,0,0.5872091929994021,0
main_scaled,k-NN,2,3,539,0,0.0,0,0.5872091929994021,0
main_scaled,k-NN,2,3,540,0,0.0,0,0.5872091929994021,0
main_scaled,k-NN,2,3,542,0,0.32516575303512063,0,0.5872091929994021,0
main_scaled,k-NN,2,3,544,0,0.0,0,0.5872091929994021,0
main_scaled,k-NN,2,3,545,0,0.1143885291983427,0,0.5872091929994021,0
main_scaled,k-NN,2,3,549,0,0.0,0,0.5872091929994021,0
main_scaled,k-NN,2,3,550,0,0.0,0,0.5872091929994021,0
main_scaled,k-NN,2,3,552,0,0.05918346875748169,0,0.5872091929994021,0
main_scaled,k-NN,2,3,556,0,0.0,0,0.5872091929994021,0
main_scaled,k-NN,2,3,564,1,1.0,1,0.5872091929994021,1
main_scaled,k-NN,2,4,8,1,0.9366040368429809,1,0.27310836346801076,1
main_scaled,k-NN,2,4,9,1,1.0,1,0.27310836346801076,1
main_scaled,k-NN,2,4,11,1,0.9399116763041104,1,0.27310836346801076,1
main_scaled,k-NN,2,4,15,1,1.0,1,0.27310836346801076,1
main_scaled,k-NN,2,4,23,1,1.0,1,0.27310836346801076,1
main_scaled,k-NN,2,4,25,1,1.0,1,0.27310836346801076,1
main_scaled,k-NN,2,4,27,1,1.0,1,0.27310836346801076,1
main_scaled,k-NN,2,4,31,1,0.8741241357409024,1,0.27310836346801076,1
main_scaled,k-NN,2,4,33,1,1.0,1,0.27310836346801076,1
main_scaled,k-NN,2,4,44,1,0.6043984307424903,1,0.27310836346801076,1
main_scaled,k-NN,2,4,45,1,1.0,1,0.27310836346801076,1
main_scaled,k-NN,2,4,46,0,0.0,0,0.27310836346801076,0
main_scaled,k-NN,2,4,47,1,0.8676080315369455,1,0.27310836346801076,1
main_scaled,k-NN,2,4,52,0,0.0,0,0.27310836346801076,0
main_scaled,k-NN,2,4,65,1,1.0,1,0.27310836346801076,1
main_scaled,k-NN,2,4,66,0,0.0,0,0.27310836346801076,0
main_scaled,k-NN,2,4,75,1,0.9377869789325141,1,0.27310836346801076,1
main_scaled,k-NN,2,4,90,0,0.11774686411733673,0,0.27310836346801076,0
main_scaled,k-NN,2,4,94,1,1.0,1,0.27310836346801076,1
main_scaled,k-NN,2,4,96,0,0.07420336148568914,0,0.27310836346801076,0
main_scaled,k-NN,2,4,103,0,0.0,0,0.27310836346801076,0
main_scaled,k-NN,2,4,104,0,0.0,0,0.27310836346801076,0
main_scaled,k-NN,2,4,106,0,0.13992460028785375,0,0.27310836346801076,0
main_scaled,k-NN,2,4,108,1,1.0,1,0.27310836346801076,1
main_scaled,k-NN,2,4,114,0,0.0,0,0.27310836346801076,0
main_scaled,k-NN,2,4,115,0,0.06420638046957705,0,0.27310836346801076,0
main_scaled,k-NN,2,4,116,0,0.0,0,0.27310836346801076,0
main_scaled,k-NN,2,4,119,1,0.8078721505337084,1,0.27310836346801076,1
main_scaled,k-NN,2,4,124,0,0.0,0,0.27310836346801076,0
main_scaled,k-NN,2,4,126,1,0.6799514056050926,1,0.27310836346801076,1
main_scaled,k-NN,2,4,128,0,0.3198669065514001,0,0.27310836346801076,1
main_scaled,k-NN,2,4,142,0,0.0,0,0.27310836346801076,0
main_scaled,k-NN,2,4,157,0,0.522984879882654,1,0.27310836346801076,1
main_scaled,k-NN,2,4,170,0,0.0,0,0.27310836346801076,0
main_scaled,k-NN,2,4,175,0,0.0,0,0.27310836346801076,0
main_scaled,k-NN,2,4,176,0,0.0,0,0.27310836346801076,0
main_scaled,k-NN,2,4,178,0,0.0,0,0.27310836346801076,0
main_scaled,k-NN,2,4,191,0,0.07782160273968142,0,0.27310836346801076,0
main_scaled,k-NN,2,4,205,1,0.27310836346801076,0,0.27310836346801076,1
main_scaled,k-NN,2,4,215,1,0.630713219415377,1,0.27310836346801076,1
main_scaled,k-NN,2,4,216,0,0.1172179260541427,0,0.27310836346801076,0
main_scaled,k-NN,2,4,221,0,0.06488200510677687,0,0.27310836346801076,0
main_scaled,k-NN,2,4,225,0,0.1220936986120183,0,0.27310836346801076,0
main_scaled,k-NN,2,4,227,0,0.1759301395456464,0,0.27310836346801076,0
main_scaled,k-NN,2,4,228,0,0.2631819602886049,0,0.27310836346801076,0
main_scaled,k-NN,2,4,236,1,1.0,1,0.27310836346801076,1
main_scaled,k-NN,2,4,237,1,1.0,1,0.27310836346801076,1
main_scaled,k-NN,2,4,242,0,0.2621684667349597,0,0.27310836346801076,0
main_scaled,k-NN,2,4,244,1,1.0,1,0.27310836346801076,1
main_scaled,k-NN,2,4,246,0,0.0,0,0.27310836346801076,0
main_scaled,k-NN,2,4,256,1,1.0,1,0.27310836346801076,1
main_scaled,k-NN,2,4,272,1,1.0,1,0.27310836346801076,1
main_scaled,k-NN,2,4,273,0,0.0,0,0.27310836346801076,0
main_scaled,k-NN,2,4,277,1,0.7217848621494294,1,0.27310836346801076,1
main_scaled,k-NN,2,4,278,0,0.0,0,0.27310836346801076,0
main_scaled,k-NN,2,4,286,0,0.0,0,0.27310836346801076,0
main_scaled,k-NN,2,4,288,0,0.1297851044185006,0,0.27310836346801076,0
main_scaled,k-NN,2,4,300,1,1.0,1,0.27310836346801076,1
main_scaled,k-NN,2,4,308,0,0.0,0,0.27310836346801076,0
main_scaled,k-NN,2,4,319,0,0.0,0,0.27310836346801076,0
main_scaled,k-NN,2,4,320,0,0.0,0,0.27310836346801076,0
main_scaled,k-NN,2,4,332,0,0.0,0,0.27310836346801076,0
main_scaled,k-NN,2,4,337,1,1.0,1,0.27310836346801076,1
main_scaled,k-NN,2,4,341,0,0.0,0,0.27310836346801076,0
main_scaled,k-NN,2,4,346,0,0.0,0,0.27310836346801076,0
main_scaled,k-NN,2,4,347,0,0.0,0,0.27310836346801076,0
main_scaled,k-NN,2,4,350,0,0.0,0,0.27310836346801076,0
main_scaled,k-NN,2,4,364,0,0.0,0,0.27310836346801076,0
main_scaled,k-NN,2,4,370,1,1.0,1,0.27310836346801076,1
main_scaled,k-NN,2,4,371,0,0.0,0,0.27310836346801076,0
main_scaled,k-NN,2,4,377,0,0.05889036230836567,0,0.27310836346801076,0
main_scaled,k-NN,2,4,382,0,0.0,0,0.27310836346801076,0
main_scaled,k-NN,2,4,397,0,0.0,0,0.27310836346801076,0
main_scaled,k-NN,2,4,401,0,0.0,0,0.27310836346801076,0
main_scaled,k-NN,2,4,405,0,0.0581176248825191,0,0.27310836346801076,0
main_scaled,k-NN,2,4,423,0,0.059301598976598986,0,0.27310836346801076,0
main_scaled,k-NN,2,4,426,0,0.0,0,0.27310836346801076,0
main_scaled,k-NN,2,4,433,1,1.0,1,0.27310836346801076,1
main_scaled,k-NN,2,4,435,1,0.7388834983461551,1,0.27310836346801076,1
main_scaled,k-NN,2,4,437,0,0.0,0,0.27310836346801076,0
main_scaled,k-NN,2,4,438,0,0.0,0,0.27310836346801076,0
main_scaled,k-NN,2,4,440,0,0.06532330974442226,0,0.27310836346801076,0
main_scaled,k-NN,2,4,441,1,1.0,1,0.27310836346801076,1
main_scaled,k-NN,2,4,450,0,0.0,0,0.27310836346801076,0
main_scaled,k-NN,2,4,451,1,1.0,1,0.27310836346801076,1
main_scaled,k-NN,2,4,453,0,0.0,0,0.27310836346801076,0
main_scaled,k-NN,2,4,458,0,0.05409366471152969,0,0.27310836346801076,0
main_scaled,k-NN,2,4,460,1,1.0,1,0.27310836346801076,1
main_scaled,k-NN,2,4,467,0,0.0,0,0.27310836346801076,0
main_scaled,k-NN,2,4,470,0,0.0,0,0.27310836346801076,0
main_scaled,k-NN,2,4,472,0,0.0,0,0.27310836346801076,0
main_scaled,k-NN,2,4,473,0,0.05964633449569438,0,0.27310836346801076,0
main_scaled,k-NN,2,4,477,0,0.053770645304070636,0,0.27310836346801076,0
main_scaled,k-NN,2,4,481,0,0.13465613963561598,0,0.27310836346801076,0
main_scaled,k-NN,2,4,483,0,0.0,0,0.27310836346801076,0
main_scaled,k-NN,2,4,489,1,0.46606232744732173,0,0.27310836346801076,1
main_scaled,k-NN,2,4,492,1,1.0,1,0.27310836346801076,1
main_scaled,k-NN,2,4,495,0,0.1364734203323464,0,0.27310836346801076,0
main_scaled,k-NN,2,4,503,1,1.0,1,0.27310836346801076,1
main_scaled,k-NN,2,4,505,0,0.1838609926983918,0,0.27310836346801076,0
main_scaled,k-NN,2,4,512,1,0.9321876540152033,1,0.27310836346801076,1
main_scaled,k-NN,2,4,513,0,0.0,0,0.27310836346801076,0
main_scaled,k-NN,2,4,516,1,1.0,1,0.27310836346801076,1
main_scaled,k-NN,2,4,524,0,0.0,0,0.27310836346801076,0
main_scaled,k-NN,2,4,527,0,0.0,0,0.27310836346801076,0
main_scaled,k-NN,2,4,536,1,0.48476379005195813,0,0.27310836346801076,1
main_scaled,k-NN,2,4,541,0,0.47125323684050097,0,0.27310836346801076,1
main_scaled,k-NN,2,4,543,0,0.0554029302304411,0,0.27310836346801076,0
main_scaled,k-NN,2,4,547,0,0.0,0,0.27310836346801076,0
main_scaled,k-NN,2,4,551,0,0.0,0,0.27310836346801076,0
main_scaled,k-NN,2,4,561,0,0.0,0,0.27310836346801076,0
main_scaled,k-NN,2,4,565,1,1.0,1,0.27310836346801076,1
main_scaled,k-NN,2,4,567,1,1.0,1,0.27310836346801076,1
main_scaled,k-NN,2,4,568,0,0.0,0,0.27310836346801076,0
main_scaled,k-NN,2,5,1,1,1.0,1,0.3331768255733759,1
main_scaled,k-NN,2,5,4,1,1.0,1,0.3331768255733759,1
main_scaled,k-NN,2,5,7,1,0.8813655857484423,1,0.3331768255733759,1
main_scaled,k-NN,2,5,13,1,0.5651315750044481,1,0.3331768255733759,1
main_scaled,k-NN,2,5,18,1,1.0,1,0.3331768255733759,1
main_scaled,k-NN,2,5,20,0,0.0,0,0.3331768255733759,0
main_scaled,k-NN,2,5,22,1,0.8135570095836495,1,0.3331768255733759,1
main_scaled,k-NN,2,5,28,1,1.0,1,0.3331768255733759,1
main_scaled,k-NN,2,5,32,1,1.0,1,0.3331768255733759,1
main_scaled,k-NN,2,5,34,1,0.941905423774605,1,0.3331768255733759,1
main_scaled,k-NN,2,5,41,1,0.5143663796653535,1,0.3331768255733759,1
main_scaled,k-NN,2,5,42,1,1.0,1,0.3331768255733759,1
main_scaled,k-NN,2,5,48,0,0.0,0,0.3331768255733759,0
main_scaled,k-NN,2,5,53,1,1.0,1,0.3331768255733759,1
main_scaled,k-NN,2,5,58,0,0.0,0,0.3331768255733759,0
main_scaled,k-NN,2,5,64,1,0.9421288536317619,1,0.3331768255733759,1
main_scaled,k-NN,2,5,70,1,1.0,1,0.3331768255733759,1
main_scaled,k-NN,2,5,71,0,0.0,0,0.3331768255733759,0
main_scaled,k-NN,2,5,77,1,1.0,1,0.3331768255733759,1
main_scaled,k-NN,2,5,79,0,0.0,0,0.3331768255733759,0
main_scaled,k-NN,2,5,92,0,0.0,0,0.3331768255733759,0
main_scaled,k-NN,2,5,110,0,0.0,0,0.3331768255733759,0
main_scaled,k-NN,2,5,112,0,0.3397530370733454,0,0.3331768255733759,1
main_scaled,k-NN,2,5,125,0,0.0,0,0.3331768255733759,0
main_scaled,k-NN,2,5,129,1,1.0,1,0.3331768255733759,1
main_scaled,k-NN,2,5,130,0,0.0,0,0.3331768255733759,0
main_scaled,k-NN,2,5,133,0,0.0,0,0.3331768255733759,0
main_scaled,k-NN,2,5,145,0,0.0,0,0.3331768255733759,0
main_scaled,k-NN,2,5,149,0,0.0,0,0.3331768255733759,0
main_scaled,k-NN,2,5,155,0,0.0,0,0.3331768255733759,0
main_scaled,k-NN,2,5,156,1,1.0,1,0.3331768255733759,1
main_scaled,k-NN,2,5,161,1,1.0,1,0.3331768255733759,1
main_scaled,k-NN,2,5,169,0,0.0,0,0.3331768255733759,0
main_scaled,k-NN,2,5,171,1,0.4509994452423014,0,0.3331768255733759,1
main_scaled,k-NN,2,5,172,1,0.8012969353561413,1,0.3331768255733759,1
main_scaled,k-NN,2,5,173,0,0.0,0,0.3331768255733759,0
main_scaled,k-NN,2,5,177,1,0.8866049843733709,1,0.3331768255733759,1
main_scaled,k-NN,2,5,179,0,0.0,0,0.3331768255733759,0
main_scaled,k-NN,2,5,180,1,1.0,1,0.3331768255733759,1
main_scaled,k-NN,2,5,182,1,0.9305132615340177,1,0.3331768255733759,1
main_scaled,k-NN,2,5,185,0,0.0,0,0.3331768255733759,0
main_scaled,k-NN,2,5,206,0,0.0,0,0.3331768255733759,0
main_scaled,k-NN,2,5,217,0,0.0,0,0.3331768255733759,0
main_scaled,k-NN,2,5,219,1,1.0,1,0.3331768255733759,1
main_scaled,k-NN,2,5,220,0,0.0,0,0.3331768255733759,0
main_scaled,k-NN,2,5,222,0,0.0,0,0.3331768255733759,0
main_scaled,k-NN,2,5,223,1,1.0,1,0.3331768255733759,1
main_scaled,k-NN,2,5,233,1,1.0,1,0.3331768255733759,1
main_scaled,k-NN,2,5,247,0,0.24597441503994602,0,0.3331768255733759,0
main_scaled,k-NN,2,5,262,1,1.0,1,0.3331768255733759,1
main_scaled,k-NN,2,5,263,1,0.3331768255733759,0,0.3331768255733759,1
main_scaled,k-NN,2,5,264,1,1.0,1,0.3331768255733759,1
main_scaled,k-NN,2,5,265,1,1.0,1,0.3331768255733759,1
main_scaled,k-NN,2,5,275,0,0.0,0,0.3331768255733759,0
main_scaled,k-NN,2,5,276,0,0.0,0,0.3331768255733759,0
main_scaled,k-NN,2,5,287,0,0.0,0,0.3331768255733759,0
main_scaled,k-NN,2,5,297,1,0.0,0,0.3331768255733759,0
main_scaled,k-NN,2,5,299,0,0.0,0,0.3331768255733759,0
main_scaled,k-NN,2,5,302,1,1.0,1,0.3331768255733759,1
main_scaled,k-NN,2,5,303,0,0.0,0,0.3331768255733759,0
main_scaled,k-NN,2,5,304,0,0.0,0,0.3331768255733759,0
main_scaled,k-NN,2,5,306,0,0.0,0,0.3331768255733759,0
main_scaled,k-NN,2,5,307,0,0.0,0,0.3331768255733759,0
main_scaled,k-NN,2,5,317,1,1.0,1,0.3331768255733759,1
main_scaled,k-NN,2,5,327,0,0.0,0,0.3331768255733759,0
main_scaled,k-NN,2,5,328,1,1.0,1,0.3331768255733759,1
main_scaled,k-NN,2,5,333,0,0.0,0,0.3331768255733759,0
main_scaled,k-NN,2,5,334,0,0.0,0,0.3331768255733759,0
main_scaled,k-NN,2,5,338,0,0.0,0,0.3331768255733759,0
main_scaled,k-NN,2,5,342,0,0.0,0,0.3331768255733759,0
main_scaled,k-NN,2,5,345,0,0.0,0,0.3331768255733759,0
main_scaled,k-NN,2,5,353,1,0.9369829226026646,1,0.3331768255733759,1
main_scaled,k-NN,2,5,355,0,0.06105997042389728,0,0.3331768255733759,0
main_scaled,k-NN,2,5,360,0,0.0,0,0.3331768255733759,0
main_scaled,k-NN,2,5,362,0,0.0,0,0.3331768255733759,0
main_scaled,k-NN,2,5,373,1,1.0,1,0.3331768255733759,1
main_scaled,k-NN,2,5,375,0,0.18768828399440943,0,0.3331768255733759,0
main_scaled,k-NN,2,5,376,0,0.1807528103253507,0,0.3331768255733759,0
main_scaled,k-NN,2,5,381,0,0.0,0,0.3331768255733759,0
main_scaled,k-NN,2,5,385,1,0.46363003392994145,0,0.3331768255733759,1
main_scaled,k-NN,2,5,396,0,0.26583810674830377,0,0.3331768255733759,0
main_scaled,k-NN,2,5,400,1,1.0,1,0.3331768255733759,1
main_scaled,k-NN,2,5,407,0,0.0,0,0.3331768255733759,0
main_scaled,k-NN,2,5,410,0,0.0852861703154057,0,0.3331768255733759,0
main_scaled,k-NN,2,5,413,0,0.3056487894884396,0,0.3331768255733759,0
main_scaled,k-NN,2,5,424,0,0.0,0,0.3331768255733759,0
main_scaled,k-NN,2,5,425,0,0.0,0,0.3331768255733759,0
main_scaled,k-NN,2,5,427,0,0.06403588494095476,0,0.3331768255733759,0
main_scaled,k-NN,2,5,428,0,0.0,0,0.3331768255733759,0
main_scaled,k-NN,2,5,432,1,1.0,1,0.3331768255733759,1
main_scaled,k-NN,2,5,436,0,0.0,0,0.3331768255733759,0
main_scaled,k-NN,2,5,444,1,0.6390567320381559,1,0.3331768255733759,1
main_scaled,k-NN,2,5,447,0,0.0,0,0.3331768255733759,0
main_scaled,k-NN,2,5,459,0,0.05542389813569378,0,0.3331768255733759,0
main_scaled,k-NN,2,5,462,0,0.06664647266791283,0,0.3331768255733759,0
main_scaled,k-NN,2,5,463,0,0.0,0,0.3331768255733759,0
main_scaled,k-NN,2,5,469,0,0.13599880052734226,0,0.3331768255733759,0
main_scaled,k-NN,2,5,485,0,0.13626495011980627,0,0.3331768255733759,0
main_scaled,k-NN,2,5,488,0,0.0,0,0.3331768255733759,0
main_scaled,k-NN,2,5,493,0,0.0,0,0.3331768255733759,0
main_scaled,k-NN,2,5,497,0,0.0,0,0.3331768255733759,0
main_scaled,k-NN,2,5,499,1,1.0,1,0.3331768255733759,1
main_scaled,k-NN,2,5,500,0,0.14542838500357902,0,0.3331768255733759,0
main_scaled,k-NN,2,5,507,0,0.0,0,0.3331768255733759,0
main_scaled,k-NN,2,5,509,1,1.0,1,0.3331768255733759,1
main_scaled,k-NN,2,5,510,0,0.0,0,0.3331768255733759,0
main_scaled,k-NN,2,5,525,0,0.0,0,0.3331768255733759,0
main_scaled,k-NN,2,5,537,0,0.33630596897980286,0,0.3331768255733759,1
main_scaled,k-NN,2,5,546,0,0.0,0,0.3331768255733759,0
main_scaled,k-NN,2,5,548,0,0.0,0,0.3331768255733759,0
main_scaled,k-NN,2,5,553,0,0.0,0,0.3331768255733759,0
main_scaled,k-NN,2,5,554,0,0.12439137220942625,0,0.3331768255733759,0
main_scaled,k-NN,2,5,559,0,0.18612398381641665,0,0.3331768255733759,0
main_scaled,k-NN,3,1,1,1,1.0,1,0.3924923829761682,1
main_scaled,k-NN,3,1,3,1,1.0,1,0.3924923829761682,1
main_scaled,k-NN,3,1,4,1,1.0,1,0.3924923829761682,1
main_scaled,k-NN,3,1,5,1,1.0,1,0.3924923829761682,1
main_scaled,k-NN,3,1,10,1,0.7302050541787986,1,0.3924923829761682,1
main_scaled,k-NN,3,1,30,1,1.0,1,0.3924923829761682,1
main_scaled,k-NN,3,1,42,1,1.0,1,0.3924923829761682,1
main_scaled,k-NN,3,1,43,1,0.7320516391836597,1,0.3924923829761682,1
main_scaled,k-NN,3,1,53,1,1.0,1,0.3924923829761682,1
main_scaled,k-NN,3,1,57,1,1.0,1,0.3924923829761682,1
main_scaled,k-NN,3,1,62,1,1.0,1,0.3924923829761682,1
main_scaled,k-NN,3,1,65,1,1.0,1,0.3924923829761682,1
main_scaled,k-NN,3,1,70,1,1.0,1,0.3924923829761682,1
main_scaled,k-NN,3,1,75,1,1.0,1,0.3924923829761682,1
main_scaled,k-NN,3,1,79,0,0.0,0,0.3924923829761682,0
main_scaled,k-NN,3,1,81,0,0.8559095383052095,1,0.3924923829761682,1
main_scaled,k-NN,3,1,83,1,1.0,1,0.3924923829761682,1
main_scaled,k-NN,3,1,92,0,0.0,0,0.3924923829761682,0
main_scaled,k-NN,3,1,93,0,0.0,0,0.3924923829761682,0
main_scaled,k-NN,3,1,101,0,0.0,0,0.3924923829761682,0
main_scaled,k-NN,3,1,108,1,1.0,1,0.3924923829761682,1
main_scaled,k-NN,3,1,110,0,0.0,0,0.3924923829761682,0
main_scaled,k-NN,3,1,111,0,0.0,0,0.3924923829761682,0
main_scaled,k-NN,3,1,114,0,0.0,0,0.3924923829761682,0
main_scaled,k-NN,3,1,115,0,0.0,0,0.3924923829761682,0
main_scaled,k-NN,3,1,122,1,1.0,1,0.3924923829761682,1
main_scaled,k-NN,3,1,142,0,0.0,0,0.3924923829761682,0
main_scaled,k-NN,3,1,144,0,0.0,0,0.3924923829761682,0
main_scaled,k-NN,3,1,145,0,0.0,0,0.3924923829761682,0
main_scaled,k-NN,3,1,149,0,0.0,0,0.3924923829761682,0
main_scaled,k-NN,3,1,158,0,0.0,0,0.3924923829761682,0
main_scaled,k-NN,3,1,163,0,0.0,0,0.3924923829761682,0
main_scaled,k-NN,3,1,177,1,1.0,1,0.3924923829761682,1
main_scaled,k-NN,3,1,180,1,1.0,1,0.3924923829761682,1
main_scaled,k-NN,3,1,181,1,1.0,1,0.3924923829761682,1
main_scaled,k-NN,3,1,188,0,0.0,0,0.3924923829761682,0
main_scaled,k-NN,3,1,191,0,0.15425686612585277,0,0.3924923829761682,0
main_scaled,k-NN,3,1,206,0,0.0,0,0.3924923829761682,0
main_scaled,k-NN,3,1,220,0,0.0,0,0.3924923829761682,0
main_scaled,k-NN,3,1,222,0,0.0,0,0.3924923829761682,0
main_scaled,k-NN,3,1,223,1,1.0,1,0.3924923829761682,1
main_scaled,k-NN,3,1,225,0,0.0,0,0.3924923829761682,0
main_scaled,k-NN,3,1,233,1,1.0,1,0.3924923829761682,1
main_scaled,k-NN,3,1,243,0,0.0,0,0.3924923829761682,0
main_scaled,k-NN,3,1,248,0,0.1460678672459094,0,0.3924923829761682,0
main_scaled,k-NN,3,1,250,1,1.0,1,0.3924923829761682,1
main_scaled,k-NN,3,1,258,1,1.0,1,0.3924923829761682,1
main_scaled,k-NN,3,1,263,1,0.3924923829761682,0,0.3924923829761682,1
main_scaled,k-NN,3,1,288,0,0.1360307396318712,0,0.3924923829761682,0
main_scaled,k-NN,3,1,294,0,0.0,0,0.3924923829761682,0
main_scaled,k-NN,3,1,295,0,0.0,0,0.3924923829761682,0
main_scaled,k-NN,3,1,296,0,0.0,0,0.3924923829761682,0
main_scaled,k-NN,3,1,298,0,0.11589725097904295,0,0.3924923829761682,0
main_scaled,k-NN,3,1,303,0,0.0,0,0.3924923829761682,0
main_scaled,k-NN,3,1,306,0,0.0,0,0.3924923829761682,0
main_scaled,k-NN,3,1,309,0,0.0,0,0.3924923829761682,0
main_scaled,k-NN,3,1,310,0,0.0,0,0.3924923829761682,0
main_scaled,k-NN,3,1,317,1,1.0,1,0.3924923829761682,1
main_scaled,k-NN,3,1,331,0,0.0,0,0.3924923829761682,0
main_scaled,k-NN,3,1,332,0,0.0,0,0.3924923829761682,0
main_scaled,k-NN,3,1,337,1,1.0,1,0.3924923829761682,1
main_scaled,k-NN,3,1,350,0,0.0,0,0.3924923829761682,0
main_scaled,k-NN,3,1,352,1,1.0,1,0.3924923829761682,1
main_scaled,k-NN,3,1,357,0,0.0,0,0.3924923829761682,0
main_scaled,k-NN,3,1,359,0,0.0,0,0.3924923829761682,0
main_scaled,k-NN,3,1,362,0,0.0,0,0.3924923829761682,0
main_scaled,k-NN,3,1,366,1,1.0,1,0.3924923829761682,1
main_scaled,k-NN,3,1,370,1,1.0,1,0.3924923829761682,1
main_scaled,k-NN,3,1,379,1,1.0,1,0.3924923829761682,1
main_scaled,k-NN,3,1,380,0,0.0,0,0.3924923829761682,0
main_scaled,k-NN,3,1,386,0,0.0,0,0.3924923829761682,0
main_scaled,k-NN,3,1,391,0,0.0,0,0.3924923829761682,0
main_scaled,k-NN,3,1,397,0,0.0,0,0.3924923829761682,0
main_scaled,k-NN,3,1,398,0,0.0,0,0.3924923829761682,0
main_scaled,k-NN,3,1,400,1,1.0,1,0.3924923829761682,1
main_scaled,k-NN,3,1,403,0,0.0,0,0.3924923829761682,0
main_scaled,k-NN,3,1,410,0,0.166792796682143,0,0.3924923829761682,0
main_scaled,k-NN,3,1,412,0,0.0,0,0.3924923829761682,0
main_scaled,k-NN,3,1,413,0,0.1306597320418714,0,0.3924923829761682,0
main_scaled,k-NN,3,1,414,1,0.13100631842130106,0,0.3924923829761682,0
main_scaled,k-NN,3,1,418,0,0.0,0,0.3924923829761682,0
main_scaled,k-NN,3,1,422,0,0.0,0,0.3924923829761682,0
main_scaled,k-NN,3,1,423,0,0.0,0,0.3924923829761682,0
main_scaled,k-NN,3,1,424,0,0.0,0,0.3924923829761682,0
main_scaled,k-NN,3,1,429,0,0.0,0,0.3924923829761682,0
main_scaled,k-NN,3,1,437,0,0.0,0,0.3924923829761682,0
main_scaled,k-NN,3,1,444,1,0.7510881327114862,1,0.3924923829761682,1
main_scaled,k-NN,3,1,445,0,0.13139357896518294,0,0.3924923829761682,0
main_scaled,k-NN,3,1,448,0,0.0,0,0.3924923829761682,0
main_scaled,k-NN,3,1,451,1,1.0,1,0.3924923829761682,1
main_scaled,k-NN,3,1,454,0,0.0,0,0.3924923829761682,0
main_scaled,k-NN,3,1,456,0,0.13348548081923806,0,0.3924923829761682,0
main_scaled,k-NN,3,1,458,0,0.0,0,0.3924923829761682,0
main_scaled,k-NN,3,1,460,1,1.0,1,0.3924923829761682,1
main_scaled,k-NN,3,1,462,0,0.1352884948854237,0,0.3924923829761682,0
main_scaled,k-NN,3,1,464,0,0.0,0,0.3924923829761682,0
main_scaled,k-NN,3,1,467,0,0.0,0,0.3924923829761682,0
main_scaled,k-NN,3,1,468,1,1.0,1,0.3924923829761682,1
main_scaled,k-NN,3,1,476,0,0.0,0,0.3924923829761682,0
main_scaled,k-NN,3,1,478,0,0.0,0,0.3924923829761682,0
main_scaled,k-NN,3,1,492,1,1.0,1,0.3924923829761682,1
main_scaled,k-NN,3,1,503,1,1.0,1,0.3924923829761682,1
main_scaled,k-NN,3,1,514,1,0.5628346847171832,1,0.3924923829761682,1
main_scaled,k-NN,3,1,535,1,1.0,1,0.3924923829761682,1
main_scaled,k-NN,3,1,536,1,0.7018883218572591,1,0.3924923829761682,1
main_scaled,k-NN,3,1,537,0,0.545444440155495,1,0.3924923829761682,1
main_scaled,k-NN,3,1,544,0,0.0,0,0.3924923829761682,0
main_scaled,k-NN,3,1,548,0,0.0,0,0.3924923829761682,0
main_scaled,k-NN,3,1,550,0,0.0,0,0.3924923829761682,0
main_scaled,k-NN,3,1,552,0,0.0,0,0.3924923829761682,0
main_scaled,k-NN,3,1,554,0,0.13125838450627395,0,0.3924923829761682,0
main_scaled,k-NN,3,1,559,0,0.12524379134096567,0,0.3924923829761682,0
main_scaled,k-NN,3,1,560,0,0.29607021088812846,0,0.3924923829761682,0
main_scaled,k-NN,3,1,563,1,1.0,1,0.3924923829761682,1
main_scaled,k-NN,3,2,6,1,1.0,1,0.1502320493740896,1
main_scaled,k-NN,3,2,11,1,1.0,1,0.1502320493740896,1
main_scaled,k-NN,3,2,14,1,1.0,1,0.1502320493740896,1
main_scaled,k-NN,3,2,26,1,1.0,1,0.1502320493740896,1
main_scaled,k-NN,3,2,27,1,1.0,1,0.1502320493740896,1
main_scaled,k-NN,3,2,32,1,1.0,1,0.1502320493740896,1
main_scaled,k-NN,3,2,38,1,0.4245818398180833,0,0.1502320493740896,1
main_scaled,k-NN,3,2,40,1,0.1502320493740896,0,0.1502320493740896,1
main_scaled,k-NN,3,2,51,0,0.0,0,0.1502320493740896,0
main_scaled,k-NN,3,2,60,0,0.0,0,0.1502320493740896,0
main_scaled,k-NN,3,2,61,0,0.0,0,0.1502320493740896,0
main_scaled,k-NN,3,2,67,0,0.0,0,0.1502320493740896,0
main_scaled,k-NN,3,2,69,0,0.0,0,0.1502320493740896,0
main_scaled,k-NN,3,2,71,0,0.0,0,0.1502320493740896,0
main_scaled,k-NN,3,2,73,1,0.15158378151000781,0,0.1502320493740896,1
main_scaled,k-NN,3,2,77,1,1.0,1,0.1502320493740896,1
main_scaled,k-NN,3,2,78,1,1.0,1,0.1502320493740896,1
main_scaled,k-NN,3,2,80,0,0.0,0,0.1502320493740896,0
main_scaled,k-NN,3,2,84,0,0.0,0,0.1502320493740896,0
main_scaled,k-NN,3,2,91,1,0.3447924356256527,0,0.1502320493740896,1
main_scaled,k-NN,3,2,96,0,0.14145880478961448,0,0.1502320493740896,0
main_scaled,k-NN,3,2,100,1,0.7290203038704954,1,0.1502320493740896,1
main_scaled,k-NN,3,2,104,0,0.0,0,0.1502320493740896,0
main_scaled,k-NN,3,2,107,0,0.0,0,0.1502320493740896,0
main_scaled,k-NN,3,2,116,0,0.0,0,0.1502320493740896,0
main_scaled,k-NN,3,2,118,1,1.0,1,0.1502320493740896,1
main_scaled,k-NN,3,2,123,0,0.0,0,0.1502320493740896,0
main_scaled,k-NN,3,2,124,0,0.0,0,0.1502320493740896,0
main_scaled,k-NN,3,2,128,0,0.4116714184541845,0,0.1502320493740896,1
main_scaled,k-NN,3,2,129,1,1.0,1,0.1502320493740896,1
main_scaled,k-NN,3,2,130,0,0.0,0,0.1502320493740896,0
main_scaled,k-NN,3,2,135,1,0.0,0,0.1502320493740896,0
main_scaled,k-NN,3,2,140,0,0.0,0,0.1502320493740896,0
main_scaled,k-NN,3,2,148,0,0.1367240221198158,0,0.1502320493740896,0
main_scaled,k-NN,3,2,151,0,0.1262155743638202,0,0.1502320493740896,0
main_scaled,k-NN,3,2,154,0,0.0,0,0.1502320493740896,0
main_scaled,k-NN,3,2,159,0,0.0,0,0.1502320493740896,0
main_scaled,k-NN,3,2,161,1,1.0,1,0.1502320493740896,1
main_scaled,k-NN,3,2,162,1,1.0,1,0.1502320493740896,1
main_scaled,k-NN,3,2,164,1,1.0,1,0.1502320493740896,1
main_scaled,k-NN,3,2,176,0,0.0,0,0.1502320493740896,0
main_scaled,k-NN,3,2,192,0,0.0,0,0.1502320493740896,0
main_scaled,k-NN,3,2,200,0,0.0,0,0.1502320493740896,0
main_scaled,k-NN,3,2,201,1,1.0,1,0.1502320493740896,1
main_scaled,k-NN,3,2,202,1,1.0,1,0.1502320493740896,1
main_scaled,k-NN,3,2,203,1,1.0,1,0.1502320493740896,1
main_scaled,k-NN,3,2,212,1,1.0,1,0.1502320493740896,1
main_scaled,k-NN,3,2,215,1,0.6684556324969864,1,0.1502320493740896,1
main_scaled,k-NN,3,2,219,1,1.0,1,0.1502320493740896,1
main_scaled,k-NN,3,2,224,0,0.0,0,0.1502320493740896,0
main_scaled,k-NN,3,2,228,0,0.0,0,0.1502320493740896,0
main_scaled,k-NN,3,2,229,1,1.0,1,0.1502320493740896,1
main_scaled,k-NN,3,2,237,1,1.0,1,0.1502320493740896,1
main_scaled,k-NN,3,2,247,0,0.12862984207330838,0,0.1502320493740896,0
main_scaled,k-NN,3,2,251,0,0.0,0,0.1502320493740896,0
main_scaled,k-NN,3,2,259,1,1.0,1,0.1502320493740896,1
main_scaled,k-NN,3,2,260,1,1.0,1,0.1502320493740896,1
main_scaled,k-NN,3,2,264,1,1.0,1,0.1502320493740896,1
main_scaled,k-NN,3,2,272,1,1.0,1,0.1502320493740896,1
main_scaled,k-NN,3,2,274,1,1.0,1,0.1502320493740896,1
main_scaled,k-NN,3,2,289,0,0.0,0,0.1502320493740896,0
main_scaled,k-NN,3,2,291,0,0.0,0,0.1502320493740896,0
main_scaled,k-NN,3,2,292,0,0.0,0,0.1502320493740896,0
main_scaled,k-NN,3,2,318,0,0.0,0,0.1502320493740896,0
main_scaled,k-NN,3,2,322,0,0.0,0,0.1502320493740896,0
main_scaled,k-NN,3,2,325,0,0.0,0,0.1502320493740896,0
main_scaled,k-NN,3,2,326,0,0.0,0,0.1502320493740896,0
main_scaled,k-NN,3,2,327,0,0.0,0,0.1502320493740896,0
main_scaled,k-NN,3,2,341,0,0.0,0,0.1502320493740896,0
main_scaled,k-NN,3,2,345,0,0.0,0,0.1502320493740896,0
main_scaled,k-NN,3,2,347,0,0.13809347839673194,0,0.1502320493740896,0
main_scaled,k-NN,3,2,358,0,0.0,0,0.1502320493740896,0
main_scaled,k-NN,3,2,368,1,1.0,1,0.1502320493740896,1
main_scaled,k-NN,3,2,369,1,1.0,1,0.1502320493740896,1
main_scaled,k-NN,3,2,371,0,0.0,0,0.1502320493740896,0
main_scaled,k-NN,3,2,374,0,0.0,0,0.1502320493740896,0
main_scaled,k-NN,3,2,381,0,0.0,0,0.1502320493740896,0
main_scaled,k-NN,3,2,384,0,0.0,0,0.1502320493740896,0
main_scaled,k-NN,3,2,387,0,0.0,0,0.1502320493740896,0
main_scaled,k-NN,3,2,399,0,0.0,0,0.1502320493740896,0
main_scaled,k-NN,3,2,416,0,0.0,0,0.1502320493740896,0
main_scaled,k-NN,3,2,417,1,1.0,1,0.1502320493740896,1
main_scaled,k-NN,3,2,421,0,0.40345893606854283,0,0.1502320493740896,1
main_scaled,k-NN,3,2,432,1,1.0,1,0.1502320493740896,1
main_scaled,k-NN,3,2,438,0,0.0,0,0.1502320493740896,0
main_scaled,k-NN,3,2,440,0,0.0,0,0.1502320493740896,0
main_scaled,k-NN,3,2,449,1,1.0,1,0.1502320493740896,1
main_scaled,k-NN,3,2,455,0,0.0,0,0.1502320493740896,0
main_scaled,k-NN,3,2,461,1,1.0,1,0.1502320493740896,1
main_scaled,k-NN,3,2,469,0,0.13833777899380115,0,0.1502320493740896,0
main_scaled,k-NN,3,2,472,0,0.0,0,0.1502320493740896,0
main_scaled,k-NN,3,2,473,0,0.0,0,0.1502320493740896,0
main_scaled,k-NN,3,2,479,1,1.0,1,0.1502320493740896,1
main_scaled,k-NN,3,2,482,0,0.0,0,0.1502320493740896,0
main_scaled,k-NN,3,2,486,0,0.14464559453792286,0,0.1502320493740896,0
main_scaled,k-NN,3,2,488,0,0.0,0,0.1502320493740896,0
main_scaled,k-NN,3,2,489,1,0.5575352070518984,1,0.1502320493740896,1
main_scaled,k-NN,3,2,495,0,0.1390521069652519,0,0.1502320493740896,0
main_scaled,k-NN,3,2,496,0,0.42540229260065554,0,0.1502320493740896,1
main_scaled,k-NN,3,2,506,0,0.0,0,0.1502320493740896,0
main_scaled,k-NN,3,2,508,0,0.0,0,0.1502320493740896,0
main_scaled,k-NN,3,2,510,0,0.0,0,0.1502320493740896,0
main_scaled,k-NN,3,2,513,0,0.0,0,0.1502320493740896,0
main_scaled,k-NN,3,2,515,0,0.0,0,0.1502320493740896,0
main_scaled,k-NN,3,2,517,1,1.0,1,0.1502320493740896,1
main_scaled,k-NN,3,2,518,0,0.13886466473939252,0,0.1502320493740896,0
main_scaled,k-NN,3,2,520,0,0.0,0,0.1502320493740896,0
main_scaled,k-NN,3,2,522,0,0.0,0,0.1502320493740896,0
main_scaled,k-NN,3,2,538,0,0.0,0,0.1502320493740896,0
main_scaled,k-NN,3,2,540,0,0.0,0,0.1502320493740896,0
main_scaled,k-NN,3,2,542,0,0.0,0,0.1502320493740896,0
main_scaled,k-NN,3,2,561,0,0.0,0,0.1502320493740896,0
main_scaled,k-NN,3,2,565,1,1.0,1,0.1502320493740896,1
main_scaled,k-NN,3,2,566,1,0.4457845522349213,0,0.1502320493740896,1
main_scaled,k-NN,3,3,0,1,1.0,1,0.18255724112485794,1
main_scaled,k-NN,3,3,16,1,0.8141433704346236,1,0.18255724112485794,1
main_scaled,k-NN,3,3,18,1,1.0,1,0.18255724112485794,1
main_scaled,k-NN,3,3,23,1,1.0,1,0.18255724112485794,1
main_scaled,k-NN,3,3,47,1,0.9305308764534223,1,0.18255724112485794,1
main_scaled,k-NN,3,3,52,0,0.0,0,0.18255724112485794,0
main_scaled,k-NN,3,3,55,0,0.0,0,0.18255724112485794,0
main_scaled,k-NN,3,3,56,1,1.0,1,0.18255724112485794,1
main_scaled,k-NN,3,3,59,0,0.0,0,0.18255724112485794,0
main_scaled,k-NN,3,3,74,0,0.0,0,0.18255724112485794,0
main_scaled,k-NN,3,3,86,1,0.48946210751431135,0,0.18255724112485794,1
main_scaled,k-NN,3,3,88,0,0.0635215566336749,0,0.18255724112485794,0
main_scaled,k-NN,3,3,90,0,0.11836083788001399,0,0.18255724112485794,0
main_scaled,k-NN,3,3,94,1,0.8777310924816234,1,0.18255724112485794,1
main_scaled,k-NN,3,3,99,1,0.27701103491385515,0,0.18255724112485794,1
main_scaled,k-NN,3,3,112,0,0.26788001423713365,0,0.18255724112485794,1
main_scaled,k-NN,3,3,119,1,0.8106655759140574,1,0.18255724112485794,1
main_scaled,k-NN,3,3,120,0,0.0,0,0.18255724112485794,0
main_scaled,k-NN,3,3,121,1,1.0,1,0.18255724112485794,1
main_scaled,k-NN,3,3,126,1,0.6232237372319092,1,0.18255724112485794,1
main_scaled,k-NN,3,3,134,1,1.0,1,0.18255724112485794,1
main_scaled,k-NN,3,3,136,0,0.10688819506043823,0,0.18255724112485794,0
main_scaled,k-NN,3,3,138,1,0.8107085035217012,1,0.18255724112485794,1
main_scaled,k-NN,3,3,139,0,0.0,0,0.18255724112485794,0
main_scaled,k-NN,3,3,156,1,1.0,1,0.18255724112485794,1
main_scaled,k-NN,3,3,157,0,0.4016770625393358,0,0.18255724112485794,1
main_scaled,k-NN,3,3,166,0,0.0,0,0.18255724112485794,0
main_scaled,k-NN,3,3,170,0,0.0,0,0.18255724112485794,0
main_scaled,k-NN,3,3,171,1,0.43139150592376485,0,0.18255724112485794,1
main_scaled,k-NN,3,3,174,0,0.0,0,0.18255724112485794,0
main_scaled,k-NN,3,3,175,0,0.0,0,0.18255724112485794,0
main_scaled,k-NN,3,3,178,0,0.0,0,0.18255724112485794,0
main_scaled,k-NN,3,3,185,0,0.0,0,0.18255724112485794,0
main_scaled,k-NN,3,3,190,1,0.8718233461299723,1,0.18255724112485794,1
main_scaled,k-NN,3,3,193,1,0.8700016506088831,1,0.18255724112485794,1
main_scaled,k-NN,3,3,194,1,0.7406261213873224,1,0.18255724112485794,1
main_scaled,k-NN,3,3,195,0,0.0,0,0.18255724112485794,0
main_scaled,k-NN,3,3,197,1,0.7602367747214621,1,0.18255724112485794,1
main_scaled,k-NN,3,3,198,1,1.0,1,0.18255724112485794,1
main_scaled,k-NN,3,3,205,1,0.26968064872561137,0,0.18255724112485794,1
main_scaled,k-NN,3,3,209,0,0.0,0,0.18255724112485794,0
main_scaled,k-NN,3,3,210,1,1.0,1,0.18255724112485794,1
main_scaled,k-NN,3,3,211,0,0.0,0,0.18255724112485794,0
main_scaled,k-NN,3,3,216,0,0.0,0,0.18255724112485794,0
main_scaled,k-NN,3,3,218,1,1.0,1,0.18255724112485794,1
main_scaled,k-NN,3,3,236,1,1.0,1,0.18255724112485794,1
main_scaled,k-NN,3,3,239,1,1.0,1,0.18255724112485794,1
main_scaled,k-NN,3,3,241,0,0.0,0,0.18255724112485794,0
main_scaled,k-NN,3,3,245,0,0.0,0,0.18255724112485794,0
main_scaled,k-NN,3,3,249,0,0.0,0,0.18255724112485794,0
main_scaled,k-NN,3,3,252,1,1.0,1,0.18255724112485794,1
main_scaled,k-NN,3,3,255,1,0.18255724112485794,0,0.18255724112485794,1
main_scaled,k-NN,3,3,261,1,0.5130267997080836,1,0.18255724112485794,1
main_scaled,k-NN,3,3,267,0,0.0,0,0.18255724112485794,0
main_scaled,k-NN,3,3,269,0,0.0,0,0.18255724112485794,0
main_scaled,k-NN,3,3,278,0,0.0,0,0.18255724112485794,0
main_scaled,k-NN,3,3,284,0,0.0,0,0.18255724112485794,0
main_scaled,k-NN,3,3,285,0,0.0,0,0.18255724112485794,0
main_scaled,k-NN,3,3,300,1,1.0,1,0.18255724112485794,1
main_scaled,k-NN,3,3,304,0,0.0,0,0.18255724112485794,0
main_scaled,k-NN,3,3,308,0,0.0,0,0.18255724112485794,0
main_scaled,k-NN,3,3,312,0,0.0,0,0.18255724112485794,0
main_scaled,k-NN,3,3,316,0,0.0,0,0.18255724112485794,0
main_scaled,k-NN,3,3,319,0,0.0,0,0.18255724112485794,0
main_scaled,k-NN,3,3,323,1,1.0,1,0.18255724112485794,1
main_scaled,k-NN,3,3,324,0,0.0,0,0.18255724112485794,0
main_scaled,k-NN,3,3,328,1,1.0,1,0.18255724112485794,1
main_scaled,k-NN,3,3,330,1,0.792466615409952,1,0.18255724112485794,1
main_scaled,k-NN,3,3,333,0,0.0,0,0.18255724112485794,0
main_scaled,k-NN,3,3,346,0,0.0,0,0.18255724112485794,0
main_scaled,k-NN,3,3,361,0,0.0,0,0.18255724112485794,0
main_scaled,k-NN,3,3,364,0,0.0,0,0.18255724112485794,0
main_scaled,k-NN,3,3,367,0,0.0,0,0.18255724112485794,0
main_scaled,k-NN,3,3,373,1,1.0,1,0.18255724112485794,1
main_scaled,k-NN,3,3,375,0,0.06489658534696775,0,0.18255724112485794,0
main_scaled,k-NN,3,3,376,0,0.17514747690714957,0,0.18255724112485794,0
main_scaled,k-NN,3,3,377,0,0.05737918676510253,0,0.18255724112485794,0
main_scaled,k-NN,3,3,378,0,0.0,0,0.18255724112485794,0
main_scaled,k-NN,3,3,393,1,1.0,1,0.18255724112485794,1
main_scaled,k-NN,3,3,395,0,0.0,0,0.18255724112485794,0
main_scaled,k-NN,3,3,401,0,0.0,0,0.18255724112485794,0
main_scaled,k-NN,3,3,402,0,0.0,0,0.18255724112485794,0
main_scaled,k-NN,3,3,404,0,0.0,0,0.18255724112485794,0
main_scaled,k-NN,3,3,405,0,0.05928049797702405,0,0.18255724112485794,0
main_scaled,k-NN,3,3,406,0,0.0,0,0.18255724112485794,0
main_scaled,k-NN,3,3,408,1,1.0,1,0.18255724112485794,1
main_scaled,k-NN,3,3,411,0,0.0,0,0.18255724112485794,0
main_scaled,k-NN,3,3,415,0,0.0,0,0.18255724112485794,0
main_scaled,k-NN,3,3,425,0,0.0,0,0.18255724112485794,0
main_scaled,k-NN,3,3,426,0,0.0,0,0.18255724112485794,0
main_scaled,k-NN,3,3,435,1,0.7474134393631859,1,0.18255724112485794,1
main_scaled,k-NN,3,3,459,0,0.0,0,0.18255724112485794,0
main_scaled,k-NN,3,3,474,0,0.0654661802986124,0,0.18255724112485794,0
main_scaled,k-NN,3,3,475,0,0.0,0,0.18255724112485794,0
main_scaled,k-NN,3,3,483,0,0.0,0,0.18255724112485794,0
main_scaled,k-NN,3,3,487,1,1.0,1,0.18255724112485794,1
main_scaled,k-NN,3,3,493,0,0.0,0,0.18255724112485794,0
main_scaled,k-NN,3,3,497,0,0.0,0,0.18255724112485794,0
main_scaled,k-NN,3,3,498,1,1.0,1,0.18255724112485794,1
main_scaled,k-NN,3,3,500,0,0.14599680517862282,0,0.18255724112485794,0
main_scaled,k-NN,3,3,509,1,1.0,1,0.18255724112485794,1
main_scaled,k-NN,3,3,525,0,0.0,0,0.18255724112485794,0
main_scaled,k-NN,3,3,530,0,0.06669125327476517,0,0.18255724112485794,0
main_scaled,k-NN,3,3,532,0,0.0,0,0.18255724112485794,0
main_scaled,k-NN,3,3,533,1,1.0,1,0.18255724112485794,1
main_scaled,k-NN,3,3,534,0,0.0,0,0.18255724112485794,0
main_scaled,k-NN,3,3,543,0,0.10962457077962619,0,0.18255724112485794,0
main_scaled,k-NN,3,3,546,0,0.0,0,0.18255724112485794,0
main_scaled,k-NN,3,3,549,0,0.0,0,0.18255724112485794,0
main_scaled,k-NN,3,3,551,0,0.0,0,0.18255724112485794,0
main_scaled,k-NN,3,3,553,0,0.0,0,0.18255724112485794,0
main_scaled,k-NN,3,3,555,0,0.11877061060347285,0,0.18255724112485794,0
main_scaled,k-NN,3,3,567,1,1.0,1,0.18255724112485794,1
main_scaled,k-NN,3,3,568,0,0.0,0,0.18255724112485794,0
main_scaled,k-NN,3,4,2,1,1.0,1,0.28064303765629384,1
main_scaled,k-NN,3,4,7,1,1.0,1,0.28064303765629384,1
main_scaled,k-NN,3,4,13,1,0.6303166139155097,1,0.28064303765629384,1
main_scaled,k-NN,3,4,17,1,1.0,1,0.28064303765629384,1
main_scaled,k-NN,3,4,19,0,0.0,0,0.28064303765629384,0
main_scaled,k-NN,3,4,20,0,0.0,0,0.28064303765629384,0
main_scaled,k-NN,3,4,21,0,0.0,0,0.28064303765629384,0
main_scaled,k-NN,3,4,22,1,1.0,1,0.28064303765629384,1
main_scaled,k-NN,3,4,28,1,1.0,1,0.28064303765629384,1
main_scaled,k-NN,3,4,37,0,0.0,0,0.28064303765629384,0
main_scaled,k-NN,3,4,39,1,0.720462569198957,1,0.28064303765629384,1
main_scaled,k-NN,3,4,44,1,0.8275387226737928,1,0.28064303765629384,1
main_scaled,k-NN,3,4,46,0,0.0,0,0.28064303765629384,0
main_scaled,k-NN,3,4,48,0,0.0,0,0.28064303765629384,0
main_scaled,k-NN,3,4,58,0,0.0,0,0.28064303765629384,0
main_scaled,k-NN,3,4,63,0,0.0,0,0.28064303765629384,0
main_scaled,k-NN,3,4,68,0,0.26816489506838553,0,0.28064303765629384,0
main_scaled,k-NN,3,4,72,1,1.0,1,0.28064303765629384,1
main_scaled,k-NN,3,4,82,1,1.0,1,0.28064303765629384,1
main_scaled,k-NN,3,4,87,1,1.0,1,0.28064303765629384,1
main_scaled,k-NN,3,4,95,1,1.0,1,0.28064303765629384,1
main_scaled,k-NN,3,4,97,0,0.0,0,0.28064303765629384,0
main_scaled,k-NN,3,4,98,0,0.0,0,0.28064303765629384,0
main_scaled,k-NN,3,4,103,0,0.0,0,0.28064303765629384,0
main_scaled,k-NN,3,4,113,0,0.0,0,0.28064303765629384,0
main_scaled,k-NN,3,4,127,1,0.8790997232519391,1,0.28064303765629384,1
main_scaled,k-NN,3,4,132,1,0.8643208791160646,1,0.28064303765629384,1
main_scaled,k-NN,3,4,141,1,1.0,1,0.28064303765629384,1
main_scaled,k-NN,3,4,143,0,0.0,0,0.28064303765629384,0
main_scaled,k-NN,3,4,147,0,0.0,0,0.28064303765629384,0
main_scaled,k-NN,3,4,150,0,0.0,0,0.28064303765629384,0
main_scaled,k-NN,3,4,152,0,0.26329683723335057,0,0.28064303765629384,0
main_scaled,k-NN,3,4,153,0,0.0,0,0.28064303765629384,0
main_scaled,k-NN,3,4,155,0,0.0,0,0.28064303765629384,0
main_scaled,k-NN,3,4,160,0,0.0,0,0.28064303765629384,0
main_scaled,k-NN,3,4,165,0,0.0,0,0.28064303765629384,0
main_scaled,k-NN,3,4,173,0,0.0,0,0.28064303765629384,0
main_scaled,k-NN,3,4,182,1,0.8641479226111872,1,0.28064303765629384,1
main_scaled,k-NN,3,4,184,1,0.5800908582965041,1,0.28064303765629384,1
main_scaled,k-NN,3,4,186,1,0.8719816151327987,1,0.28064303765629384,1
main_scaled,k-NN,3,4,187,0,0.0,0,0.28064303765629384,0
main_scaled,k-NN,3,4,213,1,0.28064303765629384,0,0.28064303765629384,1
main_scaled,k-NN,3,4,214,1,0.7227755314747492,1,0.28064303765629384,1
main_scaled,k-NN,3,4,217,0,0.0,0,0.28064303765629384,0
main_scaled,k-NN,3,4,221,0,0.13498610502873465,0,0.28064303765629384,0
main_scaled,k-NN,3,4,232,0,0.0,0,0.28064303765629384,0
main_scaled,k-NN,3,4,235,0,0.14791761260004316,0,0.28064303765629384,0
main_scaled,k-NN,3,4,238,0,0.13759181408524498,0,0.28064303765629384,0
main_scaled,k-NN,3,4,240,0,0.0,0,0.28064303765629384,0
main_scaled,k-NN,3,4,246,0,0.0,0,0.28064303765629384,0
main_scaled,k-NN,3,4,254,1,1.0,1,0.28064303765629384,1
main_scaled,k-NN,3,4,256,1,1.0,1,0.28064303765629384,1
main_scaled,k-NN,3,4,257,1,1.0,1,0.28064303765629384,1
main_scaled,k-NN,3,4,262,1,1.0,1,0.28064303765629384,1
main_scaled,k-NN,3,4,265,1,1.0,1,0.28064303765629384,1
main_scaled,k-NN,3,4,266,0,0.0,0,0.28064303765629384,0
main_scaled,k-NN,3,4,271,0,0.0,0,0.28064303765629384,0
main_scaled,k-NN,3,4,273,0,0.0,0,0.28064303765629384,0
main_scaled,k-NN,3,4,275,0,0.0,0,0.28064303765629384,0
main_scaled,k-NN,3,4,277,1,0.5612982750092256,1,0.28064303765629384,1
main_scaled,k-NN,3,4,279,0,0.0,0,0.28064303765629384,0
main_scaled,k-NN,3,4,282,1,1.0,1,0.28064303765629384,1
main_scaled,k-NN,3,4,286,0,0.0,0,0.28064303765629384,0
main_scaled,k-NN,3,4,290,0,0.13053445801206695,0,0.28064303765629384,0
main_scaled,k-NN,3,4,297,1,0.0,0,0.28064303765629384,0
main_scaled,k-NN,3,4,315,0,0.0,0,0.28064303765629384,0
main_scaled,k-NN,3,4,320,0,0.0,0,0.28064303765629384,0
main_scaled,k-NN,3,4,321,1,1.0,1,0.28064303765629384,1
main_scaled,k-NN,3,4,335,1,1.0,1,0.28064303765629384,1
main_scaled,k-NN,3,4,336,0,0.0,0,0.28064303765629384,0
main_scaled,k-NN,3,4,339,1,1.0,1,0.28064303765629384,1
main_scaled,k-NN,3,4,342,0,0.0,0,0.28064303765629384,0
main_scaled,k-NN,3,4,343,1,1.0,1,0.28064303765629384,1
main_scaled,k-NN,3,4,344,0,0.0,0,0.28064303765629384,0
main_scaled,k-NN,3,4,360,0,0.0,0,0.28064303765629384,0
main_scaled,k-NN,3,4,365,1,1.0,1,0.28064303765629384,1
main_scaled,k-NN,3,4,372,1,1.0,1,0.28064303765629384,1
main_scaled,k-NN,3,4,382,0,0.0,0,0.28064303765629384,0
main_scaled,k-NN,3,4,419,0,0.0,0,0.28064303765629384,0
main_scaled,k-NN,3,4,430,1,1.0,1,0.28064303765629384,1
main_scaled,k-NN,3,4,433,1,1.0,1,0.28064303765629384,1
main_scaled,k-NN,3,4,434,0,0.0,0,0.28064303765629384,0
main_scaled,k-NN,3,4,436,0,0.0,0,0.28064303765629384,0
main_scaled,k-NN,3,4,439,0,0.0,0,0.28064303765629384,0
main_scaled,k-NN,3,4,443,0,0.0,0,0.28064303765629384,0
main_scaled,k-NN,3,4,446,1,1.0,1,0.28064303765629384,1
main_scaled,k-NN,3,4,447,0,0.0,0,0.28064303765629384,0
main_scaled,k-NN,3,4,452,0,0.13372398272001645,0,0.28064303765629384,0
main_scaled,k-NN,3,4,453,0,0.0,0,0.28064303765629384,0
main_scaled,k-NN,3,4,457,0,0.12241896283748319,0,0.28064303765629384,0
main_scaled,k-NN,3,4,465,0,0.12151464849130451,0,0.28064303765629384,0
main_scaled,k-NN,3,4,466,0,0.0,0,0.28064303765629384,0
main_scaled,k-NN,3,4,480,0,0.0,0,0.28064303765629384,0
main_scaled,k-NN,3,4,481,0,0.130586914144009,0,0.28064303765629384,0
main_scaled,k-NN,3,4,484,0,0.1448214898229517,0,0.28064303765629384,0
main_scaled,k-NN,3,4,485,0,0.14460650014441748,0,0.28064303765629384,0
main_scaled,k-NN,3,4,499,1,1.0,1,0.28064303765629384,1
main_scaled,k-NN,3,4,501,1,0.8702950428021948,1,0.28064303765629384,1
main_scaled,k-NN,3,4,504,0,0.29583988324601634,0,0.28064303765629384,1
main_scaled,k-NN,3,4,505,0,0.13150989318539977,0,0.28064303765629384,0
main_scaled,k-NN,3,4,507,0,0.0,0,0.28064303765629384,0
main_scaled,k-NN,3,4,512,1,1.0,1,0.28064303765629384,1
main_scaled,k-NN,3,4,516,1,1.0,1,0.28064303765629384,1
main_scaled,k-NN,3,4,519,0,0.0,0,0.28064303765629384,0
main_scaled,k-NN,3,4,523,0,0.0,0,0.28064303765629384,0
main_scaled,k-NN,3,4,527,0,0.0,0,0.28064303765629384,0
main_scaled,k-NN,3,4,528,0,0.0,0,0.28064303765629384,0
main_scaled,k-NN,3,4,531,0,0.0,0,0.28064303765629384,0
main_scaled,k-NN,3,4,539,0,0.0,0,0.28064303765629384,0
main_scaled,k-NN,3,4,541,0,0.4484843321763903,0,0.28064303765629384,1
main_scaled,k-NN,3,4,545,0,0.0,0,0.28064303765629384,0
main_scaled,k-NN,3,4,547,0,0.0,0,0.28064303765629384,0
main_scaled,k-NN,3,4,556,0,0.0,0,0.28064303765629384,0
main_scaled,k-NN,3,4,564,1,1.0,1,0.28064303765629384,1
main_scaled,k-NN,3,5,8,1,1.0,1,0.43770711593748207,1
main_scaled,k-NN,3,5,9,1,1.0,1,0.43770711593748207,1
main_scaled,k-NN,3,5,12,1,1.0,1,0.43770711593748207,1
main_scaled,k-NN,3,5,15,1,1.0,1,0.43770711593748207,1
main_scaled,k-NN,3,5,24,1,1.0,1,0.43770711593748207,1
main_scaled,k-NN,3,5,25,1,1.0,1,0.43770711593748207,1
main_scaled,k-NN,3,5,29,1,1.0,1,0.43770711593748207,1
main_scaled,k-NN,3,5,31,1,1.0,1,0.43770711593748207,1
main_scaled,k-NN,3,5,33,1,1.0,1,0.43770711593748207,1
main_scaled,k-NN,3,5,34,1,1.0,1,0.43770711593748207,1
main_scaled,k-NN,3,5,35,1,1.0,1,0.43770711593748207,1
main_scaled,k-NN,3,5,36,1,0.8433125330679594,1,0.43770711593748207,1
main_scaled,k-NN,3,5,41,1,0.43770711593748207,0,0.43770711593748207,1
main_scaled,k-NN,3,5,45,1,1.0,1,0.43770711593748207,1
main_scaled,k-NN,3,5,49,0,0.27844969998847674,0,0.43770711593748207,0
main_scaled,k-NN,3,5,50,0,0.0,0,0.43770711593748207,0
main_scaled,k-NN,3,5,54,1,0.873519749155262,1,0.43770711593748207,1
main_scaled,k-NN,3,5,64,1,1.0,1,0.43770711593748207,1
main_scaled,k-NN,3,5,66,0,0.0,0,0.43770711593748207,0
main_scaled,k-NN,3,5,76,0,0.0,0,0.43770711593748207,0
main_scaled,k-NN,3,5,85,1,1.0,1,0.43770711593748207,1
main_scaled,k-NN,3,5,89,0,0.17305761195099628,0,0.43770711593748207,0
main_scaled,k-NN,3,5,102,0,0.0,0,0.43770711593748207,0
main_scaled,k-NN,3,5,105,1,1.0,1,0.43770711593748207,1
main_scaled,k-NN,3,5,106,0,0.0,0,0.43770711593748207,0
main_scaled,k-NN,3,5,109,0,0.16309696133825172,0,0.43770711593748207,0
main_scaled,k-NN,3,5,117,1,0.8790184709351121,1,0.43770711593748207,1
main_scaled,k-NN,3,5,125,0,0.0,0,0.43770711593748207,0
main_scaled,k-NN,3,5,131,1,1.0,1,0.43770711593748207,1
main_scaled,k-NN,3,5,133,0,0.0,0,0.43770711593748207,0
main_scaled,k-NN,3,5,137,0,0.0,0,0.43770711593748207,0
main_scaled,k-NN,3,5,146,1,0.8736374621113775,1,0.43770711593748207,1
main_scaled,k-NN,3,5,167,1,0.8781806873377127,1,0.43770711593748207,1
main_scaled,k-NN,3,5,168,1,1.0,1,0.43770711593748207,1
main_scaled,k-NN,3,5,169,0,0.0,0,0.43770711593748207,0
main_scaled,k-NN,3,5,172,1,0.7073717198283225,1,0.43770711593748207,1
main_scaled,k-NN,3,5,179,0,0.0,0,0.43770711593748207,0
main_scaled,k-NN,3,5,183,0,0.0,0,0.43770711593748207,0
main_scaled,k-NN,3,5,189,0,0.0,0,0.43770711593748207,0
main_scaled,k-NN,3,5,196,1,0.6965392772047488,1,0.43770711593748207,1
main_scaled,k-NN,3,5,199,1,1.0,1,0.43770711593748207,1
main_scaled,k-NN,3,5,204,0,0.1313875596701074,0,0.43770711593748207,0
main_scaled,k-NN,3,5,207,1,0.7380834387661201,1,0.43770711593748207,1
main_scaled,k-NN,3,5,208,0,0.5842718205409496,1,0.43770711593748207,1
main_scaled,k-NN,3,5,226,0,0.0,0,0.43770711593748207,0
main_scaled,k-NN,3,5,227,0,0.0,0,0.43770711593748207,0
main_scaled,k-NN,3,5,230,1,1.0,1,0.43770711593748207,1
main_scaled,k-NN,3,5,231,0,0.13082939203797828,0,0.43770711593748207,0
main_scaled,k-NN,3,5,234,0,0.0,0,0.43770711593748207,0
main_scaled,k-NN,3,5,242,0,0.28823042260698784,0,0.43770711593748207,0
main_scaled,k-NN,3,5,244,1,1.0,1,0.43770711593748207,1
main_scaled,k-NN,3,5,253,1,1.0,1,0.43770711593748207,1
main_scaled,k-NN,3,5,268,0,0.0,0,0.43770711593748207,0
main_scaled,k-NN,3,5,270,0,0.0,0,0.43770711593748207,0
main_scaled,k-NN,3,5,276,0,0.0,0,0.43770711593748207,0
main_scaled,k-NN,3,5,280,1,1.0,1,0.43770711593748207,1
main_scaled,k-NN,3,5,281,0,0.0,0,0.43770711593748207,0
main_scaled,k-NN,3,5,283,1,1.0,1,0.43770711593748207,1
main_scaled,k-NN,3,5,287,0,0.0,0,0.43770711593748207,0
main_scaled,k-NN,3,5,293,0,0.0,0,0.43770711593748207,0
main_scaled,k-NN,3,5,299,0,0.0,0,0.43770711593748207,0
main_scaled,k-NN,3,5,301,0,0.0,0,0.43770711593748207,0
main_scaled,k-NN,3,5,302,1,1.0,1,0.43770711593748207,1
main_scaled,k-NN,3,5,305,0,0.0,0,0.43770711593748207,0
main_scaled,k-NN,3,5,307,0,0.0,0,0.43770711593748207,0
main_scaled,k-NN,3,5,311,0,0.0,0,0.43770711593748207,0
main_scaled,k-NN,3,5,313,0,0.0,0,0.43770711593748207,0
main_scaled,k-NN,3,5,314,0,0.0,0,0.43770711593748207,0
main_scaled,k-NN,3,5,329,1,0.5651652525162087,1,0.43770711593748207,1
main_scaled,k-NN,3,5,334,0,0.0,0,0.43770711593748207,0
main_scaled,k-NN,3,5,338,0,0.0,0,0.43770711593748207,0
main_scaled,k-NN,3,5,340,0,0.28509313253187635,0,0.43770711593748207,0
main_scaled,k-NN,3,5,348,0,0.0,0,0.43770711593748207,0
main_scaled,k-NN,3,5,349,0,0.0,0,0.43770711593748207,0
main_scaled,k-NN,3,5,351,1,0.8727459673131741,1,0.43770711593748207,1
main_scaled,k-NN,3,5,353,1,1.0,1,0.43770711593748207,1
main_scaled,k-NN,3,5,354,0,0.0,0,0.43770711593748207,0
main_scaled,k-NN,3,5,355,0,0.12686922816613494,0,0.43770711593748207,0
main_scaled,k-NN,3,5,356,0,0.12533554287523938,0,0.43770711593748207,0
main_scaled,k-NN,3,5,363,0,0.42709047266162353,0,0.43770711593748207,0
main_scaled,k-NN,3,5,383,0,0.1310443280077395,0,0.43770711593748207,0
main_scaled,k-NN,3,5,385,1,0.5730917529140459,1,0.43770711593748207,1
main_scaled,k-NN,3,5,388,0,0.0,0,0.43770711593748207,0
main_scaled,k-NN,3,5,389,1,1.0,1,0.43770711593748207,1
main_scaled,k-NN,3,5,390,0,0.0,0,0.43770711593748207,0
main_scaled,k-NN,3,5,392,1,1.0,1,0.43770711593748207,1
main_scaled,k-NN,3,5,394,0,0.0,0,0.43770711593748207,0
main_scaled,k-NN,3,5,396,0,0.2821813827356368,0,0.43770711593748207,0
main_scaled,k-NN,3,5,407,0,0.0,0,0.43770711593748207,0
main_scaled,k-NN,3,5,409,0,0.0,0,0.43770711593748207,0
main_scaled,k-NN,3,5,420,0,0.0,0,0.43770711593748207,0
main_scaled,k-NN,3,5,427,0,0.0,0,0.43770711593748207,0
main_scaled,k-NN,3,5,428,0,0.0,0,0.43770711593748207,0
main_scaled,k-NN,3,5,431,0,0.0,0,0.43770711593748207,0
main_scaled,k-NN,3,5,441,1,1.0,1,0.43770711593748207,1
main_scaled,k-NN,3,5,442,0,0.0,0,0.43770711593748207,0
main_scaled,k-NN,3,5,450,0,0.0,0,0.43770711593748207,0
main_scaled,k-NN,3,5,463,0,0.0,0,0.43770711593748207,0
main_scaled,k-NN,3,5,470,0,0.0,0,0.43770711593748207,0
main_scaled,k-NN,3,5,471,0,0.0,0,0.43770711593748207,0
main_scaled,k-NN,3,5,477,0,0.0,0,0.43770711593748207,0
main_scaled,k-NN,3,5,490,0,0.14605697710710042,0,0.43770711593748207,0
main_scaled,k-NN,3,5,491,0,0.0,0,0.43770711593748207,0
main_scaled,k-NN,3,5,494,0,0.0,0,0.43770711593748207,0
main_scaled,k-NN,3,5,502,0,0.0,0,0.43770711593748207,0
main_scaled,k-NN,3,5,511,0,0.0,0,0.43770711593748207,0
main_scaled,k-NN,3,5,521,1,1.0,1,0.43770711593748207,1
main_scaled,k-NN,3,5,524,0,0.0,0,0.43770711593748207,0
main_scaled,k-NN,3,5,526,0,0.42397649296486767,0,0.43770711593748207,0
main_scaled,k-NN,3,5,529,0,0.0,0,0.43770711593748207,0
main_scaled,k-NN,3,5,557,0,0.0,0,0.43770711593748207,0
main_scaled,k-NN,3,5,558,0,0.0,0,0.43770711593748207,0
main_scaled,k-NN,3,5,562,1,1.0,1,0.43770711593748207,1
main_scaled,Random Forest,1,1,5,1,0.675,1,0.375,1
main_scaled,Random Forest,1,1,18,1,1.0,1,0.375,1
main_scaled,Random Forest,1,1,26,1,0.9875,1,0.375,1
main_scaled,Random Forest,1,1,29,1,0.925,1,0.375,1
main_scaled,Random Forest,1,1,34,1,1.0,1,0.375,1
main_scaled,Random Forest,1,1,36,1,0.7625,1,0.375,1
main_scaled,Random Forest,1,1,39,1,0.6625,1,0.375,1
main_scaled,Random Forest,1,1,40,1,0.025,0,0.375,0
main_scaled,Random Forest,1,1,50,0,0.0,0,0.375,0
main_scaled,Random Forest,1,1,52,0,0.0,0,0.375,0
main_scaled,Random Forest,1,1,56,1,1.0,1,0.375,1
main_scaled,Random Forest,1,1,64,1,0.9625,1,0.375,1
main_scaled,Random Forest,1,1,65,1,0.9125,1,0.375,1
main_scaled,Random Forest,1,1,70,1,1.0,1,0.375,1
main_scaled,Random Forest,1,1,71,0,0.0125,0,0.375,0
main_scaled,Random Forest,1,1,76,0,0.0125,0,0.375,0
main_scaled,Random Forest,1,1,86,1,0.225,0,0.375,0
main_scaled,Random Forest,1,1,94,1,0.9875,1,0.375,1
main_scaled,Random Forest,1,1,100,1,0.575,1,0.375,1
main_scaled,Random Forest,1,1,101,0,0.0,0,0.375,0
main_scaled,Random Forest,1,1,104,0,0.0,0,0.375,0
main_scaled,Random Forest,1,1,110,0,0.0,0,0.375,0
main_scaled,Random Forest,1,1,115,0,0.0,0,0.375,0
main_scaled,Random Forest,1,1,121,1,1.0,1,0.375,1
main_scaled,Random Forest,1,1,131,1,1.0,1,0.375,1
main_scaled,Random Forest,1,1,133,0,0.525,1,0.375,1
main_scaled,Random Forest,1,1,137,0,0.0,0,0.375,0
main_scaled,Random Forest,1,1,145,0,0.0,0,0.375,0
main_scaled,Random Forest,1,1,156,1,1.0,1,0.375,1
main_scaled,Random Forest,1,1,170,0,0.05,0,0.375,0
main_scaled,Random Forest,1,1,172,1,0.9,1,0.375,1
main_scaled,Random Forest,1,1,173,0,0.0125,0,0.375,0
main_scaled,Random Forest,1,1,182,1,0.9875,1,0.375,1
main_scaled,Random Forest,1,1,184,1,0.7,1,0.375,1
main_scaled,Random Forest,1,1,186,1,0.9,1,0.375,1
main_scaled,Random Forest,1,1,191,0,0.325,0,0.375,0
main_scaled,Random Forest,1,1,203,1,1.0,1,0.375,1
main_scaled,Random Forest,1,1,207,1,0.8375,1,0.375,1
main_scaled,Random Forest,1,1,208,0,0.2875,0,0.375,0
main_scaled,Random Forest,1,1,212,1,0.9625,1,0.375,1
main_scaled,Random Forest,1,1,214,1,0.9625,1,0.375,1
main_scaled,Random Forest,1,1,227,0,0.25,0,0.375,0
main_scaled,Random Forest,1,1,231,0,0.0375,0,0.375,0
main_scaled,Random Forest,1,1,234,0,0.0,0,0.375,0
main_scaled,Random Forest,1,1,241,0,0.0,0,0.375,0
main_scaled,Random Forest,1,1,246,0,0.025,0,0.375,0
main_scaled,Random Forest,1,1,248,0,0.05,0,0.375,0
main_scaled,Random Forest,1,1,251,0,0.0,0,0.375,0
main_scaled,Random Forest,1,1,252,1,1.0,1,0.375,1
main_scaled,Random Forest,1,1,255,1,0.35,0,0.375,0
main_scaled,Random Forest,1,1,258,1,1.0,1,0.375,1
main_scaled,Random Forest,1,1,266,0,0.0,0,0.375,0
main_scaled,Random Forest,1,1,293,0,0.0,0,0.375,0
main_scaled,Random Forest,1,1,305,0,0.0,0,0.375,0
main_scaled,Random Forest,1,1,306,0,0.0125,0,0.375,0
main_scaled,Random Forest,1,1,317,1,1.0,1,0.375,1
main_scaled,Random Forest,1,1,319,0,0.0,0,0.375,0
main_scaled,Random Forest,1,1,326,0,0.0,0,0.375,0
main_scaled,Random Forest,1,1,328,1,1.0,1,0.375,1
main_scaled,Random Forest,1,1,329,1,0.8875,1,0.375,1
main_scaled,Random Forest,1,1,330,1,0.925,1,0.375,1
main_scaled,Random Forest,1,1,334,0,0.0,0,0.375,0
main_scaled,Random Forest,1,1,338,0,0.0,0,0.375,0
main_scaled,Random Forest,1,1,341,0,0.0375,0,0.375,0
main_scaled,Random Forest,1,1,342,0,0.0,0,0.375,0
main_scaled,Random Forest,1,1,343,1,1.0,1,0.375,1
main_scaled,Random Forest,1,1,365,1,1.0,1,0.375,1
main_scaled,Random Forest,1,1,370,1,1.0,1,0.375,1
main_scaled,Random Forest,1,1,372,1,0.9375,1,0.375,1
main_scaled,Random Forest,1,1,375,0,0.3875,0,0.375,1
main_scaled,Random Forest,1,1,376,0,0.2125,0,0.375,0
main_scaled,Random Forest,1,1,388,0,0.0125,0,0.375,0
main_scaled,Random Forest,1,1,392,1,1.0,1,0.375,1
main_scaled,Random Forest,1,1,395,0,0.0125,0,0.375,0
main_scaled,Random Forest,1,1,397,0,0.0,0,0.375,0
main_scaled,Random Forest,1,1,401,0,0.0,0,0.375,0
main_scaled,Random Forest,1,1,403,0,0.0,0,0.375,0
main_scaled,Random Forest,1,1,407,0,0.05,0,0.375,0
main_scaled,Random Forest,1,1,413,0,0.25,0,0.375,0
main_scaled,Random Forest,1,1,417,1,1.0,1,0.375,1
main_scaled,Random Forest,1,1,420,0,0.0,0,0.375,0
main_scaled,Random Forest,1,1,428,0,0.0,0,0.375,0
main_scaled,Random Forest,1,1,430,1,0.9625,1,0.375,1
main_scaled,Random Forest,1,1,435,1,0.8875,1,0.375,1
main_scaled,Random Forest,1,1,437,0,0.025,0,0.375,0
main_scaled,Random Forest,1,1,440,0,0.25,0,0.375,0
main_scaled,Random Forest,1,1,450,0,0.0,0,0.375,0
main_scaled,Random Forest,1,1,456,0,0.1,0,0.375,0
main_scaled,Random Forest,1,1,464,0,0.0125,0,0.375,0
main_scaled,Random Forest,1,1,465,0,0.35,0,0.375,0
main_scaled,Random Forest,1,1,466,0,0.15,0,0.375,0
main_scaled,Random Forest,1,1,467,0,0.0,0,0.375,0
main_scaled,Random Forest,1,1,469,0,0.2,0,0.375,0
main_scaled,Random Forest,1,1,472,0,0.375,0,0.375,1
main_scaled,Random Forest,1,1,477,0,0.0,0,0.375,0
main_scaled,Random Forest,1,1,482,0,0.1,0,0.375,0
main_scaled,Random Forest,1,1,486,0,0.0625,0,0.375,0
main_scaled,Random Forest,1,1,488,0,0.025,0,0.375,0
main_scaled,Random Forest,1,1,490,0,0.0125,0,0.375,0
main_scaled,Random Forest,1,1,501,1,0.775,1,0.375,1
main_scaled,Random Forest,1,1,511,0,0.025,0,0.375,0
main_scaled,Random Forest,1,1,519,0,0.0125,0,0.375,0
main_scaled,Random Forest,1,1,523,0,0.025,0,0.375,0
main_scaled,Random Forest,1,1,526,0,0.1625,0,0.375,0
main_scaled,Random Forest,1,1,528,0,0.0375,0,0.375,0
main_scaled,Random Forest,1,1,529,0,0.0,0,0.375,0
main_scaled,Random Forest,1,1,535,1,1.0,1,0.375,1
main_scaled,Random Forest,1,1,542,0,0.0625,0,0.375,0
main_scaled,Random Forest,1,1,549,0,0.0,0,0.375,0
main_scaled,Random Forest,1,1,552,0,0.025,0,0.375,0
main_scaled,Random Forest,1,1,554,0,0.0875,0,0.375,0
main_scaled,Random Forest,1,1,555,0,0.1625,0,0.375,0
main_scaled,Random Forest,1,1,558,0,0.1375,0,0.375,0
main_scaled,Random Forest,1,1,568,0,0.0125,0,0.375,0
main_scaled,Random Forest,1,2,14,1,0.85,1,0.2875,1
main_scaled,Random Forest,1,2,31,1,0.85,1,0.2875,1
main_scaled,Random Forest,1,2,32,1,1.0,1,0.2875,1
main_scaled,Random Forest,1,2,33,1,1.0,1,0.2875,1
main_scaled,Random Forest,1,2,37,0,0.0125,0,0.2875,0
main_scaled,Random Forest,1,2,41,1,0.36428571428571427,0,0.2875,1
main_scaled,Random Forest,1,2,44,1,0.46294642857142854,0,0.2875,1
main_scaled,Random Forest,1,2,51,0,0.0,0,0.2875,0
main_scaled,Random Forest,1,2,68,0,0.2875,0,0.2875,1
main_scaled,Random Forest,1,2,75,1,0.9875,1,0.2875,1
main_scaled,Random Forest,1,2,91,1,0.5386043233082707,1,0.2875,1
main_scaled,Random Forest,1,2,93,0,0.0125,0,0.2875,0
main_scaled,Random Forest,1,2,103,0,0.0,0,0.2875,0
main_scaled,Random Forest,1,2,107,0,0.012804878048780489,0,0.2875,0
main_scaled,Random Forest,1,2,117,1,0.9875,1,0.2875,1
main_scaled,Random Forest,1,2,126,1,0.31222222222222223,0,0.2875,1
main_scaled,Random Forest,1,2,130,0,0.0003048780487804878,0,0.2875,0
main_scaled,Random Forest,1,2,132,1,0.975,1,0.2875,1
main_scaled,Random Forest,1,2,140,0,0.0003048780487804878,0,0.2875,0
main_scaled,Random Forest,1,2,142,0,0.0125,0,0.2875,0
main_scaled,Random Forest,1,2,144,0,0.0,0,0.2875,0
main_scaled,Random Forest,1,2,146,1,0.5625,1,0.2875,1
main_scaled,Random Forest,1,2,149,0,0.020833333333333332,0,0.2875,0
main_scaled,Random Forest,1,2,150,0,0.03780487804878049,0,0.2875,0
main_scaled,Random Forest,1,2,152,0,0.3,0,0.2875,1
main_scaled,Random Forest,1,2,153,0,0.0003048780487804878,0,0.2875,0
main_scaled,Random Forest,1,2,158,0,0.0,0,0.2875,0
main_scaled,Random Forest,1,2,159,0,0.0,0,0.2875,0
main_scaled,Random Forest,1,2,180,1,1.0,1,0.2875,1
main_scaled,Random Forest,1,2,181,1,1.0,1,0.2875,1
main_scaled,Random Forest,1,2,185,0,0.0003048780487804878,0,0.2875,0
main_scaled,Random Forest,1,2,187,0,0.0125,0,0.2875,0
main_scaled,Random Forest,1,2,188,0,0.0003048780487804878,0,0.2875,0
main_scaled,Random Forest,1,2,190,1,0.8125,1,0.2875,1
main_scaled,Random Forest,1,2,202,1,1.0,1,0.2875,1
main_scaled,Random Forest,1,2,206,0,0.0003048780487804878,0,0.2875,0
main_scaled,Random Forest,1,2,211,0,0.0125,0,0.2875,0
main_scaled,Random Forest,1,2,216,0,0.0003048780487804878,0,0.2875,0
main_scaled,Random Forest,1,2,230,1,1.0,1,0.2875,1
main_scaled,Random Forest,1,2,243,0,0.1,0,0.2875,0
main_scaled,Random Forest,1,2,245,0,0.02530487804878049,0,0.2875,0
main_scaled,Random Forest,1,2,256,1,1.0,1,0.2875,1
main_scaled,Random Forest,1,2,261,1,0.7625,1,0.2875,1
main_scaled,Random Forest,1,2,268,0,0.0003048780487804878,0,0.2875,0
main_scaled,Random Forest,1,2,270,0,0.0,0,0.2875,0
main_scaled,Random Forest,1,2,272,1,1.0,1,0.2875,1
main_scaled,Random Forest,1,2,275,0,0.2,0,0.2875,0
main_scaled,Random Forest,1,2,276,0,0.0,0,0.2875,0
main_scaled,Random Forest,1,2,281,0,0.07530487804878049,0,0.2875,0
main_scaled,Random Forest,1,2,283,1,1.0,1,0.2875,1
main_scaled,Random Forest,1,2,288,0,0.03780487804878049,0,0.2875,0
main_scaled,Random Forest,1,2,289,0,0.0003048780487804878,0,0.2875,0
main_scaled,Random Forest,1,2,292,0,0.02467987804878049,0,0.2875,0
main_scaled,Random Forest,1,2,296,0,0.0,0,0.2875,0
main_scaled,Random Forest,1,2,301,0,0.0,0,0.2875,0
main_scaled,Random Forest,1,2,302,1,1.0,1,0.2875,1
main_scaled,Random Forest,1,2,304,0,0.0,0,0.2875,0
main_scaled,Random Forest,1,2,323,1,1.0,1,0.2875,1
main_scaled,Random Forest,1,2,324,0,0.0,0,0.2875,0
main_scaled,Random Forest,1,2,325,0,0.0,0,0.2875,0
main_scaled,Random Forest,1,2,337,1,1.0,1,0.2875,1
main_scaled,Random Forest,1,2,344,0,0.0,0,0.2875,0
main_scaled,Random Forest,1,2,348,0,0.0003048780487804878,0,0.2875,0
main_scaled,Random Forest,1,2,351,1,0.95,1,0.2875,1
main_scaled,Random Forest,1,2,357,0,0.0,0,0.2875,0
main_scaled,Random Forest,1,2,360,0,0.05,0,0.2875,0
main_scaled,Random Forest,1,2,366,1,1.0,1,0.2875,1
main_scaled,Random Forest,1,2,368,1,1.0,1,0.2875,1
main_scaled,Random Forest,1,2,378,0,0.000962772785622593,0,0.2875,0
main_scaled,Random Forest,1,2,383,0,0.07708333333333334,0,0.2875,0
main_scaled,Random Forest,1,2,384,0,0.0125,0,0.2875,0
main_scaled,Random Forest,1,2,385,1,0.3699287280701754,0,0.2875,1
main_scaled,Random Forest,1,2,390,0,0.0003048780487804878,0,0.2875,0
main_scaled,Random Forest,1,2,393,1,1.0,1,0.2875,1
main_scaled,Random Forest,1,2,394,0,0.0003048780487804878,0,0.2875,0
main_scaled,Random Forest,1,2,396,0,0.2,0,0.2875,0
main_scaled,Random Forest,1,2,402,0,0.0003048780487804878,0,0.2875,0
main_scaled,Random Forest,1,2,408,1,1.0,1,0.2875,1
main_scaled,Random Forest,1,2,423,0,0.125,0,0.2875,0
main_scaled,Random Forest,1,2,425,0,0.0,0,0.2875,0
main_scaled,Random Forest,1,2,427,0,0.012804878048780489,0,0.2875,0
main_scaled,Random Forest,1,2,429,0,0.0125,0,0.2875,0
main_scaled,Random Forest,1,2,432,1,1.0,1,0.2875,1
main_scaled,Random Forest,1,2,445,0,0.03958333333333333,0,0.2875,0
main_scaled,Random Forest,1,2,452,0,0.014285714285714285,0,0.2875,0
main_scaled,Random Forest,1,2,461,1,1.0,1,0.2875,1
main_scaled,Random Forest,1,2,462,0,0.065625,0,0.2875,0
main_scaled,Random Forest,1,2,468,1,0.9875,1,0.2875,1
main_scaled,Random Forest,1,2,473,0,0.0625,0,0.2875,0
main_scaled,Random Forest,1,2,478,0,0.0003048780487804878,0,0.2875,0
main_scaled,Random Forest,1,2,487,1,1.0,1,0.2875,1
main_scaled,Random Forest,1,2,489,1,0.7125,1,0.2875,1
main_scaled,Random Forest,1,2,491,0,0.625,1,0.2875,1
main_scaled,Random Forest,1,2,492,1,0.9875,1,0.2875,1
main_scaled,Random Forest,1,2,497,0,0.0003048780487804878,0,0.2875,0
main_scaled,Random Forest,1,2,503,1,1.0,1,0.2875,1
main_scaled,Random Forest,1,2,509,1,0.975,1,0.2875,1
main_scaled,Random Forest,1,2,514,1,0.5506578947368421,1,0.2875,1
main_scaled,Random Forest,1,2,515,0,0.06280487804878049,0,0.2875,0
main_scaled,Random Forest,1,2,517,1,1.0,1,0.2875,1
main_scaled,Random Forest,1,2,524,0,0.0,0,0.2875,0
main_scaled,Random Forest,1,2,525,0,0.012804878048780489,0,0.2875,0
main_scaled,Random Forest,1,2,532,0,0.05400641025641025,0,0.2875,0
main_scaled,Random Forest,1,2,537,0,0.11458333333333334,0,0.2875,0
main_scaled,Random Forest,1,2,538,0,0.0003048780487804878,0,0.2875,0
main_scaled,Random Forest,1,2,544,0,0.0,0,0.2875,0
main_scaled,Random Forest,1,2,545,0,0.020833333333333332,0,0.2875,0
main_scaled,Random Forest,1,2,546,0,0.0,0,0.2875,0
main_scaled,Random Forest,1,2,548,0,0.0125,0,0.2875,0
main_scaled,Random Forest,1,2,551,0,0.0003048780487804878,0,0.2875,0
main_scaled,Random Forest,1,2,561,0,0.015625,0,0.2875,0
main_scaled,Random Forest,1,2,562,1,0.9375,1,0.2875,1
main_scaled,Random Forest,1,2,563,1,1.0,1,0.2875,1
main_scaled,Random Forest,1,2,565,1,0.9875,1,0.2875,1
main_scaled,Random Forest,1,3,2,1,1.0,1,0.65,1
main_scaled,Random Forest,1,3,6,1,1.0,1,0.65,1
main_scaled,Random Forest,1,3,13,1,0.7125,1,0.65,1
main_scaled,Random Forest,1,3,21,0,0.0,0,0.65,0
main_scaled,Random Forest,1,3,23,1,0.975,1,0.65,1
main_scaled,Random Forest,1,3,25,1,0.975,1,0.65,1
main_scaled,Random Forest,1,3,27,1,1.0,1,0.65,1
main_scaled,Random Forest,1,3,30,1,1.0,1,0.65,1
main_scaled,Random Forest,1,3,38,1,0.075,0,0.65,0
main_scaled,Random Forest,1,3,45,1,1.0,1,0.65,1
main_scaled,Random Forest,1,3,48,0,0.0,0,0.65,0
main_scaled,Random Forest,1,3,49,0,0.025,0,0.65,0
main_scaled,Random Forest,1,3,53,1,0.9625,1,0.65,1
main_scaled,Random Forest,1,3,62,1,1.0,1,0.65,1
main_scaled,Random Forest,1,3,67,0,0.0,0,0.65,0
main_scaled,Random Forest,1,3,72,1,1.0,1,0.65,1
main_scaled,Random Forest,1,3,73,1,0.2375,0,0.65,0
main_scaled,Random Forest,1,3,74,0,0.0,0,0.65,0
main_scaled,Random Forest,1,3,77,1,0.95,1,0.65,1
main_scaled,Random Forest,1,3,78,1,1.0,1,0.65,1
main_scaled,Random Forest,1,3,95,1,1.0,1,0.65,1
main_scaled,Random Forest,1,3,97,0,0.0,0,0.65,0
main_scaled,Random Forest,1,3,99,1,0.65,1,0.65,1
main_scaled,Random Forest,1,3,102,0,0.0,0,0.65,0
main_scaled,Random Forest,1,3,106,0,0.0,0,0.65,0
main_scaled,Random Forest,1,3,112,0,0.6125,1,0.65,0
main_scaled,Random Forest,1,3,118,1,1.0,1,0.65,1
main_scaled,Random Forest,1,3,123,0,0.15,0,0.65,0
main_scaled,Random Forest,1,3,129,1,1.0,1,0.65,1
main_scaled,Random Forest,1,3,135,1,0.0,0,0.65,0
main_scaled,Random Forest,1,3,138,1,0.9375,1,0.65,1
main_scaled,Random Forest,1,3,139,0,0.0125,0,0.65,0
main_scaled,Random Forest,1,3,155,0,0.0,0,0.65,0
main_scaled,Random Forest,1,3,161,1,0.875,1,0.65,1
main_scaled,Random Forest,1,3,162,1,1.0,1,0.65,1
main_scaled,Random Forest,1,3,169,0,0.0125,0,0.65,0
main_scaled,Random Forest,1,3,175,0,0.0,0,0.65,0
main_scaled,Random Forest,1,3,198,1,1.0,1,0.65,1
main_scaled,Random Forest,1,3,201,1,0.9875,1,0.65,1
main_scaled,Random Forest,1,3,209,0,0.4125,0,0.65,0
main_scaled,Random Forest,1,3,215,1,0.7875,1,0.65,1
main_scaled,Random Forest,1,3,217,0,0.0,0,0.65,0
main_scaled,Random Forest,1,3,225,0,0.225,0,0.65,0
main_scaled,Random Forest,1,3,226,0,0.0,0,0.65,0
main_scaled,Random Forest,1,3,228,0,0.0625,0,0.65,0
main_scaled,Random Forest,1,3,232,0,0.0125,0,0.65,0
main_scaled,Random Forest,1,3,238,0,0.25,0,0.65,0
main_scaled,Random Forest,1,3,244,1,1.0,1,0.65,1
main_scaled,Random Forest,1,3,253,1,1.0,1,0.65,1
main_scaled,Random Forest,1,3,267,0,0.0,0,0.65,0
main_scaled,Random Forest,1,3,271,0,0.0,0,0.65,0
main_scaled,Random Forest,1,3,273,0,0.0,0,0.65,0
main_scaled,Random Forest,1,3,274,1,0.875,1,0.65,1
main_scaled,Random Forest,1,3,278,0,0.0375,0,0.65,0
main_scaled,Random Forest,1,3,284,0,0.05,0,0.65,0
main_scaled,Random Forest,1,3,286,0,0.0,0,0.65,0
main_scaled,Random Forest,1,3,291,0,0.2625,0,0.65,0
main_scaled,Random Forest,1,3,294,0,0.0,0,0.65,0
main_scaled,Random Forest,1,3,297,1,0.025,0,0.65,0
main_scaled,Random Forest,1,3,298,0,0.1125,0,0.65,0
main_scaled,Random Forest,1,3,299,0,0.0,0,0.65,0
main_scaled,Random Forest,1,3,303,0,0.0,0,0.65,0
main_scaled,Random Forest,1,3,307,0,0.0,0,0.65,0
main_scaled,Random Forest,1,3,309,0,0.0,0,0.65,0
main_scaled,Random Forest,1,3,312,0,0.0,0,0.65,0
main_scaled,Random Forest,1,3,313,0,0.0,0,0.65,0
main_scaled,Random Forest,1,3,327,0,0.0,0,0.65,0
main_scaled,Random Forest,1,3,349,0,0.0,0,0.65,0
main_scaled,Random Forest,1,3,350,0,0.0,0,0.65,0
main_scaled,Random Forest,1,3,352,1,1.0,1,0.65,1
main_scaled,Random Forest,1,3,353,1,0.9875,1,0.65,1
main_scaled,Random Forest,1,3,354,0,0.0,0,0.65,0
main_scaled,Random Forest,1,3,355,0,0.0125,0,0.65,0
main_scaled,Random Forest,1,3,356,0,0.1375,0,0.65,0
main_scaled,Random Forest,1,3,362,0,0.0,0,0.65,0
main_scaled,Random Forest,1,3,371,0,0.125,0,0.65,0
main_scaled,Random Forest,1,3,373,1,0.9875,1,0.65,1
main_scaled,Random Forest,1,3,377,0,0.0,0,0.65,0
main_scaled,Random Forest,1,3,387,0,0.0,0,0.65,0
main_scaled,Random Forest,1,3,389,1,1.0,1,0.65,1
main_scaled,Random Forest,1,3,405,0,0.0,0,0.65,0
main_scaled,Random Forest,1,3,406,0,0.525,1,0.65,0
main_scaled,Random Forest,1,3,409,0,0.0125,0,0.65,0
main_scaled,Random Forest,1,3,416,0,0.0,0,0.65,0
main_scaled,Random Forest,1,3,418,0,0.0,0,0.65,0
main_scaled,Random Forest,1,3,424,0,0.0125,0,0.65,0
main_scaled,Random Forest,1,3,426,0,0.0,0,0.65,0
main_scaled,Random Forest,1,3,433,1,1.0,1,0.65,1
main_scaled,Random Forest,1,3,436,0,0.0,0,0.65,0
main_scaled,Random Forest,1,3,441,1,0.975,1,0.65,1
main_scaled,Random Forest,1,3,442,0,0.0,0,0.65,0
main_scaled,Random Forest,1,3,446,1,1.0,1,0.65,1
main_scaled,Random Forest,1,3,448,0,0.1,0,0.65,0
main_scaled,Random Forest,1,3,453,0,0.075,0,0.65,0
main_scaled,Random Forest,1,3,454,0,0.0,0,0.65,0
main_scaled,Random Forest,1,3,460,1,0.9875,1,0.65,1
main_scaled,Random Forest,1,3,463,0,0.0,0,0.65,0
main_scaled,Random Forest,1,3,470,0,0.0,0,0.65,0
main_scaled,Random Forest,1,3,476,0,0.275,0,0.65,0
main_scaled,Random Forest,1,3,483,0,0.05,0,0.65,0
main_scaled,Random Forest,1,3,485,0,0.125,0,0.65,0
main_scaled,Random Forest,1,3,493,0,0.0,0,0.65,0
main_scaled,Random Forest,1,3,494,0,0.0,0,0.65,0
main_scaled,Random Forest,1,3,498,1,1.0,1,0.65,1
main_scaled,Random Forest,1,3,499,1,1.0,1,0.65,1
main_scaled,Random Forest,1,3,500,0,0.2125,0,0.65,0
main_scaled,Random Forest,1,3,502,0,0.0,0,0.65,0
main_scaled,Random Forest,1,3,507,0,0.0,0,0.65,0
main_scaled,Random Forest,1,3,512,1,0.975,1,0.65,1
main_scaled,Random Forest,1,3,530,0,0.0,0,0.65,0
main_scaled,Random Forest,1,3,540,0,0.0,0,0.65,0
main_scaled,Random Forest,1,3,543,0,0.025,0,0.65,0
main_scaled,Random Forest,1,3,553,0,0.0,0,0.65,0
main_scaled,Random Forest,1,3,566,1,0.925,1,0.65,1
main_scaled,Random Forest,1,4,0,1,0.9666666666666667,1,0.6333333333333333,1
main_scaled,Random Forest,1,4,4,1,0.9666666666666667,1,0.6333333333333333,1
main_scaled,Random Forest,1,4,7,1,0.9666666666666667,1,0.6333333333333333,1
main_scaled,Random Forest,1,4,8,1,0.9,1,0.6333333333333333,1
main_scaled,Random Forest,1,4,9,1,0.8333333333333334,1,0.6333333333333333,1
main_scaled,Random Forest,1,4,16,1,0.9,1,0.6333333333333333,1
main_scaled,Random Forest,1,4,19,0,0.1,0,0.6333333333333333,0
main_scaled,Random Forest,1,4,20,0,0.0,0,0.6333333333333333,0
main_scaled,Random Forest,1,4,24,1,1.0,1,0.6333333333333333,1
main_scaled,Random Forest,1,4,42,1,1.0,1,0.6333333333333333,1
main_scaled,Random Forest,1,4,43,1,0.8666666666666667,1,0.6333333333333333,1
main_scaled,Random Forest,1,4,47,1,0.9666666666666667,1,0.6333333333333333,1
main_scaled,Random Forest,1,4,54,1,0.6333333333333333,1,0.6333333333333333,1
main_scaled,Random Forest,1,4,58,0,0.0,0,0.6333333333333333,0
main_scaled,Random Forest,1,4,59,0,0.0,0,0.6333333333333333,0
main_scaled,Random Forest,1,4,60,0,0.06666666666666667,0,0.6333333333333333,0
main_scaled,Random Forest,1,4,61,0,0.0,0,0.6333333333333333,0
main_scaled,Random Forest,1,4,66,0,0.0,0,0.6333333333333333,0
main_scaled,Random Forest,1,4,79,0,0.0,0,0.6333333333333333,0
main_scaled,Random Forest,1,4,80,0,0.0,0,0.6333333333333333,0
main_scaled,Random Forest,1,4,87,1,1.0,1,0.6333333333333333,1
main_scaled,Random Forest,1,4,89,0,0.6,1,0.6333333333333333,0
main_scaled,Random Forest,1,4,90,0,0.06666666666666667,0,0.6333333333333333,0
main_scaled,Random Forest,1,4,96,0,0.0,0,0.6333333333333333,0
main_scaled,Random Forest,1,4,105,1,0.9,1,0.6333333333333333,1
main_scaled,Random Forest,1,4,109,0,0.0,0,0.6333333333333333,0
main_scaled,Random Forest,1,4,114,0,0.0,0,0.6333333333333333,0
main_scaled,Random Forest,1,4,116,0,0.03333333333333333,0,0.6333333333333333,0
main_scaled,Random Forest,1,4,125,0,0.0,0,0.6333333333333333,0
main_scaled,Random Forest,1,4,128,0,0.6666666666666666,1,0.6333333333333333,1
main_scaled,Random Forest,1,4,136,0,0.0,0,0.6333333333333333,0
main_scaled,Random Forest,1,4,141,1,1.0,1,0.6333333333333333,1
main_scaled,Random Forest,1,4,143,0,0.03333333333333333,0,0.6333333333333333,0
main_scaled,Random Forest,1,4,147,0,0.23333333333333334,0,0.6333333333333333,0
main_scaled,Random Forest,1,4,148,0,0.5666666666666667,1,0.6333333333333333,0
main_scaled,Random Forest,1,4,151,0,0.03333333333333333,0,0.6333333333333333,0
main_scaled,Random Forest,1,4,154,0,0.06666666666666667,0,0.6333333333333333,0
main_scaled,Random Forest,1,4,157,0,0.6,1,0.6333333333333333,0
main_scaled,Random Forest,1,4,160,0,0.0,0,0.6333333333333333,0
main_scaled,Random Forest,1,4,165,0,0.03333333333333333,0,0.6333333333333333,0
main_scaled,Random Forest,1,4,166,0,0.0,0,0.6333333333333333,0
main_scaled,Random Forest,1,4,167,1,1.0,1,0.6333333333333333,1
main_scaled,Random Forest,1,4,168,1,0.9666666666666667,1,0.6333333333333333,1
main_scaled,Random Forest,1,4,177,1,1.0,1,0.6333333333333333,1
main_scaled,Random Forest,1,4,178,0,0.0,0,0.6333333333333333,0
main_scaled,Random Forest,1,4,189,0,0.0,0,0.6333333333333333,0
main_scaled,Random Forest,1,4,192,0,0.03333333333333333,0,0.6333333333333333,0
main_scaled,Random Forest,1,4,196,1,0.9666666666666667,1,0.6333333333333333,1
main_scaled,Random Forest,1,4,200,0,0.03333333333333333,0,0.6333333333333333,0
main_scaled,Random Forest,1,4,204,0,0.13333333333333333,0,0.6333333333333333,0
main_scaled,Random Forest,1,4,205,1,0.6,1,0.6333333333333333,0
main_scaled,Random Forest,1,4,210,1,0.9666666666666667,1,0.6333333333333333,1
main_scaled,Random Forest,1,4,213,1,0.9333333333333333,1,0.6333333333333333,1
main_scaled,Random Forest,1,4,220,0,0.0,0,0.6333333333333333,0
main_scaled,Random Forest,1,4,229,1,0.7666666666666667,1,0.6333333333333333,1
main_scaled,Random Forest,1,4,235,0,0.0,0,0.6333333333333333,0
main_scaled,Random Forest,1,4,237,1,1.0,1,0.6333333333333333,1
main_scaled,Random Forest,1,4,239,1,1.0,1,0.6333333333333333,1
main_scaled,Random Forest,1,4,240,0,0.03333333333333333,0,0.6333333333333333,0
main_scaled,Random Forest,1,4,250,1,1.0,1,0.6333333333333333,1
main_scaled,Random Forest,1,4,257,1,1.0,1,0.6333333333333333,1
main_scaled,Random Forest,1,4,260,1,1.0,1,0.6333333333333333,1
main_scaled,Random Forest,1,4,262,1,1.0,1,0.6333333333333333,1
main_scaled,Random Forest,1,4,263,1,0.6666666666666666,1,0.6333333333333333,1
main_scaled,Random Forest,1,4,265,1,1.0,1,0.6333333333333333,1
main_scaled,Random Forest,1,4,277,1,0.8,1,0.6333333333333333,1
main_scaled,Random Forest,1,4,279,0,0.0,0,0.6333333333333333,0
main_scaled,Random Forest,1,4,282,1,1.0,1,0.6333333333333333,1
main_scaled,Random Forest,1,4,285,0,0.0,0,0.6333333333333333,0
main_scaled,Random Forest,1,4,290,0,0.43333333333333335,0,0.6333333333333333,0
main_scaled,Random Forest,1,4,300,1,1.0,1,0.6333333333333333,1
main_scaled,Random Forest,1,4,310,0,0.06666666666666667,0,0.6333333333333333,0
main_scaled,Random Forest,1,4,311,0,0.1,0,0.6333333333333333,0
main_scaled,Random Forest,1,4,315,0,0.0,0,0.6333333333333333,0
main_scaled,Random Forest,1,4,316,0,0.0,0,0.6333333333333333,0
main_scaled,Random Forest,1,4,321,1,0.9666666666666667,1,0.6333333333333333,1
main_scaled,Random Forest,1,4,322,0,0.0,0,0.6333333333333333,0
main_scaled,Random Forest,1,4,332,0,0.0,0,0.6333333333333333,0
main_scaled,Random Forest,1,4,335,1,1.0,1,0.6333333333333333,1
main_scaled,Random Forest,1,4,347,0,0.13333333333333333,0,0.6333333333333333,0
main_scaled,Random Forest,1,4,359,0,0.0,0,0.6333333333333333,0
main_scaled,Random Forest,1,4,361,0,0.0,0,0.6333333333333333,0
main_scaled,Random Forest,1,4,364,0,0.0,0,0.6333333333333333,0
main_scaled,Random Forest,1,4,367,0,0.0,0,0.6333333333333333,0
main_scaled,Random Forest,1,4,379,1,0.6,1,0.6333333333333333,0
main_scaled,Random Forest,1,4,382,0,0.0,0,0.6333333333333333,0
main_scaled,Random Forest,1,4,386,0,0.0,0,0.6333333333333333,0
main_scaled,Random Forest,1,4,391,0,0.0,0,0.6333333333333333,0
main_scaled,Random Forest,1,4,399,0,0.0,0,0.6333333333333333,0
main_scaled,Random Forest,1,4,414,1,0.6,1,0.6333333333333333,0
main_scaled,Random Forest,1,4,419,0,0.0,0,0.6333333333333333,0
main_scaled,Random Forest,1,4,421,0,0.6666666666666666,1,0.6333333333333333,1
main_scaled,Random Forest,1,4,422,0,0.03333333333333333,0,0.6333333333333333,0
main_scaled,Random Forest,1,4,434,0,0.0,0,0.6333333333333333,0
main_scaled,Random Forest,1,4,438,0,0.03333333333333333,0,0.6333333333333333,0
main_scaled,Random Forest,1,4,439,0,0.0,0,0.6333333333333333,0
main_scaled,Random Forest,1,4,449,1,1.0,1,0.6333333333333333,1
main_scaled,Random Forest,1,4,455,0,0.06666666666666667,0,0.6333333333333333,0
main_scaled,Random Forest,1,4,457,0,0.0,0,0.6333333333333333,0
main_scaled,Random Forest,1,4,475,0,0.0,0,0.6333333333333333,0
main_scaled,Random Forest,1,4,480,0,0.0,0,0.6333333333333333,0
main_scaled,Random Forest,1,4,496,0,0.13333333333333333,0,0.6333333333333333,0
main_scaled,Random Forest,1,4,504,0,0.1,0,0.6333333333333333,0
main_scaled,Random Forest,1,4,506,0,0.0,0,0.6333333333333333,0
main_scaled,Random Forest,1,4,508,0,0.16666666666666666,0,0.6333333333333333,0
main_scaled,Random Forest,1,4,513,0,0.23333333333333334,0,0.6333333333333333,0
main_scaled,Random Forest,1,4,516,1,1.0,1,0.6333333333333333,1
main_scaled,Random Forest,1,4,531,0,0.0,0,0.6333333333333333,0
main_scaled,Random Forest,1,4,533,1,1.0,1,0.6333333333333333,1
main_scaled,Random Forest,1,4,547,0,0.0,0,0.6333333333333333,0
main_scaled,Random Forest,1,4,550,0,0.0,0,0.6333333333333333,0
main_scaled,Random Forest,1,4,560,0,0.03333333333333333,0,0.6333333333333333,0
main_scaled,Random Forest,1,4,564,1,1.0,1,0.6333333333333333,1
main_scaled,Random Forest,1,4,567,1,1.0,1,0.6333333333333333,1
main_scaled,Random Forest,1,5,1,1,0.9125,1,0.5125,1
main_scaled,Random Forest,1,5,3,1,0.775,1,0.5125,1
main_scaled,Random Forest,1,5,10,1,0.75,1,0.5125,1
main_scaled,Random Forest,1,5,11,1,1.0,1,0.5125,1
main_scaled,Random Forest,1,5,12,1,0.9125,1,0.5125,1
main_scaled,Random Forest,1,5,15,1,1.0,1,0.5125,1
main_scaled,Random Forest,1,5,17,1,1.0,1,0.5125,1
main_scaled,Random Forest,1,5,22,1,0.9625,1,0.5125,1
main_scaled,Random Forest,1,5,28,1,1.0,1,0.5125,1
main_scaled,Random Forest,1,5,35,1,1.0,1,0.5125,1
main_scaled,Random Forest,1,5,46,0,0.0,0,0.5125,0
main_scaled,Random Forest,1,5,55,0,0.0,0,0.5125,0
main_scaled,Random Forest,1,5,57,1,0.975,1,0.5125,1
main_scaled,Random Forest,1,5,63,0,0.0,0,0.5125,0
main_scaled,Random Forest,1,5,69,0,0.0125,0,0.5125,0
main_scaled,Random Forest,1,5,81,0,0.575,1,0.5125,1
main_scaled,Random Forest,1,5,82,1,1.0,1,0.5125,1
main_scaled,Random Forest,1,5,83,1,0.9875,1,0.5125,1
main_scaled,Random Forest,1,5,84,0,0.0,0,0.5125,0
main_scaled,Random Forest,1,5,85,1,1.0,1,0.5125,1
main_scaled,Random Forest,1,5,88,0,0.0,0,0.5125,0
main_scaled,Random Forest,1,5,92,0,0.2,0,0.5125,0
main_scaled,Random Forest,1,5,98,0,0.0,0,0.5125,0
main_scaled,Random Forest,1,5,108,1,0.9875,1,0.5125,1
main_scaled,Random Forest,1,5,111,0,0.0875,0,0.5125,0
main_scaled,Random Forest,1,5,113,0,0.0,0,0.5125,0
main_scaled,Random Forest,1,5,119,1,0.9125,1,0.5125,1
main_scaled,Random Forest,1,5,120,0,0.0125,0,0.5125,0
main_scaled,Random Forest,1,5,122,1,0.9875,1,0.5125,1
main_scaled,Random Forest,1,5,124,0,0.0,0,0.5125,0
main_scaled,Random Forest,1,5,127,1,0.9,1,0.5125,1
main_scaled,Random Forest,1,5,134,1,1.0,1,0.5125,1
main_scaled,Random Forest,1,5,163,0,0.025,0,0.5125,0
main_scaled,Random Forest,1,5,164,1,0.9875,1,0.5125,1
main_scaled,Random Forest,1,5,171,1,0.775,1,0.5125,1
main_scaled,Random Forest,1,5,174,0,0.0125,0,0.5125,0
main_scaled,Random Forest,1,5,176,0,0.0,0,0.5125,0
main_scaled,Random Forest,1,5,179,0,0.025,0,0.5125,0
main_scaled,Random Forest,1,5,183,0,0.0,0,0.5125,0
main_scaled,Random Forest,1,5,193,1,0.6,1,0.5125,1
main_scaled,Random Forest,1,5,194,1,0.825,1,0.5125,1
main_scaled,Random Forest,1,5,195,0,0.0,0,0.5125,0
main_scaled,Random Forest,1,5,197,1,0.7875,1,0.5125,1
main_scaled,Random Forest,1,5,199,1,0.8875,1,0.5125,1
main_scaled,Random Forest,1,5,218,1,1.0,1,0.5125,1
main_scaled,Random Forest,1,5,219,1,0.9875,1,0.5125,1
main_scaled,Random Forest,1,5,221,0,0.0,0,0.5125,0
main_scaled,Random Forest,1,5,222,0,0.0,0,0.5125,0
main_scaled,Random Forest,1,5,223,1,1.0,1,0.5125,1
main_scaled,Random Forest,1,5,224,0,0.0125,0,0.5125,0
main_scaled,Random Forest,1,5,233,1,1.0,1,0.5125,1
main_scaled,Random Forest,1,5,236,1,1.0,1,0.5125,1
main_scaled,Random Forest,1,5,242,0,0.025,0,0.5125,0
main_scaled,Random Forest,1,5,247,0,0.225,0,0.5125,0
main_scaled,Random Forest,1,5,249,0,0.0,0,0.5125,0
main_scaled,Random Forest,1,5,254,1,1.0,1,0.5125,1
main_scaled,Random Forest,1,5,259,1,0.975,1,0.5125,1
main_scaled,Random Forest,1,5,264,1,0.9875,1,0.5125,1
main_scaled,Random Forest,1,5,269,0,0.0,0,0.5125,0
main_scaled,Random Forest,1,5,280,1,1.0,1,0.5125,1
main_scaled,Random Forest,1,5,287,0,0.0,0,0.5125,0
main_scaled,Random Forest,1,5,295,0,0.0,0,0.5125,0
main_scaled,Random Forest,1,5,308,0,0.025,0,0.5125,0
main_scaled,Random Forest,1,5,314,0,0.0,0,0.5125,0
main_scaled,Random Forest,1,5,318,0,0.0625,0,0.5125,0
main_scaled,Random Forest,1,5,320,0,0.0,0,0.5125,0
main_scaled,Random Forest,1,5,331,0,0.0125,0,0.5125,0
main_scaled,Random Forest,1,5,333,0,0.0,0,0.5125,0
main_scaled,Random Forest,1,5,336,0,0.0,0,0.5125,0
main_scaled,Random Forest,1,5,339,1,1.0,1,0.5125,1
main_scaled,Random Forest,1,5,340,0,0.3625,0,0.5125,0
main_scaled,Random Forest,1,5,345,0,0.0,0,0.5125,0
main_scaled,Random Forest,1,5,346,0,0.0,0,0.5125,0
main_scaled,Random Forest,1,5,358,0,0.0125,0,0.5125,0
main_scaled,Random Forest,1,5,363,0,0.6875,1,0.5125,1
main_scaled,Random Forest,1,5,369,1,1.0,1,0.5125,1
main_scaled,Random Forest,1,5,374,0,0.0,0,0.5125,0
main_scaled,Random Forest,1,5,380,0,0.05,0,0.5125,0
main_scaled,Random Forest,1,5,381,0,0.0,0,0.5125,0
main_scaled,Random Forest,1,5,398,0,0.025,0,0.5125,0
main_scaled,Random Forest,1,5,400,1,1.0,1,0.5125,1
main_scaled,Random Forest,1,5,404,0,0.0,0,0.5125,0
main_scaled,Random Forest,1,5,410,0,0.0625,0,0.5125,0
main_scaled,Random Forest,1,5,411,0,0.0,0,0.5125,0
main_scaled,Random Forest,1,5,412,0,0.0,0,0.5125,0
main_scaled,Random Forest,1,5,415,0,0.0,0,0.5125,0
main_scaled,Random Forest,1,5,431,0,0.0125,0,0.5125,0
main_scaled,Random Forest,1,5,443,0,0.0,0,0.5125,0
main_scaled,Random Forest,1,5,444,1,0.9875,1,0.5125,1
main_scaled,Random Forest,1,5,447,0,0.125,0,0.5125,0
main_scaled,Random Forest,1,5,451,1,0.9875,1,0.5125,1
main_scaled,Random Forest,1,5,458,0,0.0125,0,0.5125,0
main_scaled,Random Forest,1,5,459,0,0.0,0,0.5125,0
main_scaled,Random Forest,1,5,471,0,0.1875,0,0.5125,0
main_scaled,Random Forest,1,5,474,0,0.0125,0,0.5125,0
main_scaled,Random Forest,1,5,479,1,1.0,1,0.5125,1
main_scaled,Random Forest,1,5,481,0,0.075,0,0.5125,0
main_scaled,Random Forest,1,5,484,0,0.575,1,0.5125,1
main_scaled,Random Forest,1,5,495,0,0.15,0,0.5125,0
main_scaled,Random Forest,1,5,505,0,0.2125,0,0.5125,0
main_scaled,Random Forest,1,5,510,0,0.0,0,0.5125,0
main_scaled,Random Forest,1,5,518,0,0.0625,0,0.5125,0
main_scaled,Random Forest,1,5,520,0,0.0125,0,0.5125,0
main_scaled,Random Forest,1,5,521,1,1.0,1,0.5125,1
main_scaled,Random Forest,1,5,522,0,0.0,0,0.5125,0
main_scaled,Random Forest,1,5,527,0,0.0125,0,0.5125,0
main_scaled,Random Forest,1,5,534,0,0.0,0,0.5125,0
main_scaled,Random Forest,1,5,536,1,0.5125,1,0.5125,1
main_scaled,Random Forest,1,5,539,0,0.025,0,0.5125,0
main_scaled,Random Forest,1,5,541,0,0.325,0,0.5125,0
main_scaled,Random Forest,1,5,556,0,0.0125,0,0.5125,0
main_scaled,Random Forest,1,5,557,0,0.0375,0,0.5125,0
main_scaled,Random Forest,1,5,559,0,0.1375,0,0.5125,0
main_scaled,Random Forest,2,1,2,1,1.0,1,0.5125,1
main_scaled,Random Forest,2,1,10,1,0.75,1,0.5125,1
main_scaled,Random Forest,2,1,16,1,0.8875,1,0.5125,1
main_scaled,Random Forest,2,1,40,1,0.012704918032786885,0,0.5125,0
main_scaled,Random Forest,2,1,57,1,0.9625,1,0.5125,1
main_scaled,Random Forest,2,1,59,0,0.0,0,0.5125,0
main_scaled,Random Forest,2,1,60,0,0.0125,0,0.5125,0
main_scaled,Random Forest,2,1,62,1,0.975,1,0.5125,1
main_scaled,Random Forest,2,1,63,0,0.0,0,0.5125,0
main_scaled,Random Forest,2,1,67,0,0.0,0,0.5125,0
main_scaled,Random Forest,2,1,69,0,0.0,0,0.5125,0
main_scaled,Random Forest,2,1,74,0,0.0,0,0.5125,0
main_scaled,Random Forest,2,1,76,0,0.03888888888888889,0,0.5125,0
main_scaled,Random Forest,2,1,82,1,1.0,1,0.5125,1
main_scaled,Random Forest,2,1,83,1,1.0,1,0.5125,1
main_scaled,Random Forest,2,1,85,1,1.0,1,0.5125,1
main_scaled,Random Forest,2,1,88,0,0.012704918032786885,0,0.5125,0
main_scaled,Random Forest,2,1,95,1,1.0,1,0.5125,1
main_scaled,Random Forest,2,1,98,0,0.0,0,0.5125,0
main_scaled,Random Forest,2,1,99,1,0.5638888888888889,1,0.5125,1
main_scaled,Random Forest,2,1,101,0,0.0,0,0.5125,0
main_scaled,Random Forest,2,1,105,1,0.6875,1,0.5125,1
main_scaled,Random Forest,2,1,109,0,0.012704918032786885,0,0.5125,0
main_scaled,Random Forest,2,1,120,0,0.0,0,0.5125,0
main_scaled,Random Forest,2,1,121,1,1.0,1,0.5125,1
main_scaled,Random Forest,2,1,122,1,1.0,1,0.5125,1
main_scaled,Random Forest,2,1,131,1,1.0,1,0.5125,1
main_scaled,Random Forest,2,1,132,1,0.9625,1,0.5125,1
main_scaled,Random Forest,2,1,135,1,0.00020491803278688525,0,0.5125,0
main_scaled,Random Forest,2,1,136,0,0.0875,0,0.5125,0
main_scaled,Random Forest,2,1,137,0,0.0,0,0.5125,0
main_scaled,Random Forest,2,1,139,0,0.0,0,0.5125,0
main_scaled,Random Forest,2,1,143,0,0.0,0,0.5125,0
main_scaled,Random Forest,2,1,146,1,0.5125,1,0.5125,1
main_scaled,Random Forest,2,1,153,0,0.0,0,0.5125,0
main_scaled,Random Forest,2,1,159,0,0.0,0,0.5125,0
main_scaled,Random Forest,2,1,160,0,0.025,0,0.5125,0
main_scaled,Random Forest,2,1,163,0,0.00020491803278688525,0,0.5125,0
main_scaled,Random Forest,2,1,166,0,0.0,0,0.5125,0
main_scaled,Random Forest,2,1,184,1,0.7002049180327868,1,0.5125,1
main_scaled,Random Forest,2,1,189,0,0.0,0,0.5125,0
main_scaled,Random Forest,2,1,195,0,0.0,0,0.5125,0
main_scaled,Random Forest,2,1,199,1,0.9,1,0.5125,1
main_scaled,Random Forest,2,1,209,0,0.425,0,0.5125,0
main_scaled,Random Forest,2,1,214,1,0.9,1,0.5125,1
main_scaled,Random Forest,2,1,232,0,0.050204918032786885,0,0.5125,0
main_scaled,Random Forest,2,1,239,1,1.0,1,0.5125,1
main_scaled,Random Forest,2,1,241,0,0.0,0,0.5125,0
main_scaled,Random Forest,2,1,248,0,0.0125,0,0.5125,0
main_scaled,Random Forest,2,1,250,1,1.0,1,0.5125,1
main_scaled,Random Forest,2,1,252,1,1.0,1,0.5125,1
main_scaled,Random Forest,2,1,253,1,1.0,1,0.5125,1
main_scaled,Random Forest,2,1,254,1,1.0,1,0.5125,1
main_scaled,Random Forest,2,1,255,1,0.3375,0,0.5125,0
main_scaled,Random Forest,2,1,257,1,0.9625,1,0.5125,1
main_scaled,Random Forest,2,1,259,1,1.0,1,0.5125,1
main_scaled,Random Forest,2,1,260,1,1.0,1,0.5125,1
main_scaled,Random Forest,2,1,261,1,0.7625,1,0.5125,1
main_scaled,Random Forest,2,1,266,0,0.025,0,0.5125,0
main_scaled,Random Forest,2,1,281,0,0.0875,0,0.5125,0
main_scaled,Random Forest,2,1,282,1,1.0,1,0.5125,1
main_scaled,Random Forest,2,1,295,0,0.0125,0,0.5125,0
main_scaled,Random Forest,2,1,296,0,0.0,0,0.5125,0
main_scaled,Random Forest,2,1,310,0,0.0,0,0.5125,0
main_scaled,Random Forest,2,1,315,0,0.0,0,0.5125,0
main_scaled,Random Forest,2,1,316,0,0.0,0,0.5125,0
main_scaled,Random Forest,2,1,321,1,0.9375,1,0.5125,1
main_scaled,Random Forest,2,1,324,0,0.0,0,0.5125,0
main_scaled,Random Forest,2,1,325,0,0.0,0,0.5125,0
main_scaled,Random Forest,2,1,330,1,0.9875,1,0.5125,1
main_scaled,Random Forest,2,1,335,1,1.0,1,0.5125,1
main_scaled,Random Forest,2,1,340,0,0.259375,0,0.5125,0
main_scaled,Random Forest,2,1,352,1,1.0,1,0.5125,1
main_scaled,Random Forest,2,1,356,0,0.1,0,0.5125,0
main_scaled,Random Forest,2,1,357,0,0.0,0,0.5125,0
main_scaled,Random Forest,2,1,358,0,0.0625,0,0.5125,0
main_scaled,Random Forest,2,1,359,0,0.025,0,0.5125,0
main_scaled,Random Forest,2,1,363,0,0.6875,1,0.5125,1
main_scaled,Random Forest,2,1,367,0,0.0,0,0.5125,0
main_scaled,Random Forest,2,1,368,1,0.975,1,0.5125,1
main_scaled,Random Forest,2,1,374,0,0.0,0,0.5125,0
main_scaled,Random Forest,2,1,383,0,0.0375,0,0.5125,0
main_scaled,Random Forest,2,1,384,0,0.0015625,0,0.5125,0
main_scaled,Random Forest,2,1,386,0,0.0,0,0.5125,0
main_scaled,Random Forest,2,1,387,0,0.0,0,0.5125,0
main_scaled,Random Forest,2,1,388,0,0.0,0,0.5125,0
main_scaled,Random Forest,2,1,393,1,1.0,1,0.5125,1
main_scaled,Random Forest,2,1,394,0,0.0,0,0.5125,0
main_scaled,Random Forest,2,1,399,0,0.0,0,0.5125,0
main_scaled,Random Forest,2,1,406,0,0.675,1,0.5125,1
main_scaled,Random Forest,2,1,417,1,1.0,1,0.5125,1
main_scaled,Random Forest,2,1,418,0,0.0,0,0.5125,0
main_scaled,Random Forest,2,1,420,0,0.0,0,0.5125,0
main_scaled,Random Forest,2,1,421,0,0.4875,0,0.5125,0
main_scaled,Random Forest,2,1,430,1,0.8625,1,0.5125,1
main_scaled,Random Forest,2,1,434,0,0.0125,0,0.5125,0
main_scaled,Random Forest,2,1,446,1,1.0,1,0.5125,1
main_scaled,Random Forest,2,1,452,0,0.00020491803278688525,0,0.5125,0
main_scaled,Random Forest,2,1,455,0,0.050204918032786885,0,0.5125,0
main_scaled,Random Forest,2,1,456,0,0.026767418032786882,0,0.5125,0
main_scaled,Random Forest,2,1,474,0,0.05,0,0.5125,0
main_scaled,Random Forest,2,1,475,0,0.0015625,0,0.5125,0
main_scaled,Random Forest,2,1,478,0,0.0,0,0.5125,0
main_scaled,Random Forest,2,1,480,0,0.0,0,0.5125,0
main_scaled,Random Forest,2,1,486,0,0.075,0,0.5125,0
main_scaled,Random Forest,2,1,491,0,0.575,1,0.5125,1
main_scaled,Random Forest,2,1,496,0,0.2,0,0.5125,0
main_scaled,Random Forest,2,1,506,0,0.0125,0,0.5125,0
main_scaled,Random Forest,2,1,511,0,0.0375,0,0.5125,0
main_scaled,Random Forest,2,1,528,0,0.07638888888888888,0,0.5125,0
main_scaled,Random Forest,2,1,529,0,0.0,0,0.5125,0
main_scaled,Random Forest,2,1,530,0,0.0,0,0.5125,0
main_scaled,Random Forest,2,1,535,1,1.0,1,0.5125,1
main_scaled,Random Forest,2,1,562,1,0.9875,1,0.5125,1
main_scaled,Random Forest,2,2,6,1,1.0,1,0.4,1
main_scaled,Random Forest,2,2,12,1,0.9,1,0.4,1
main_scaled,Random Forest,2,2,19,0,0.03333333333333333,0,0.4,0
main_scaled,Random Forest,2,2,24,1,1.0,1,0.4,1
main_scaled,Random Forest,2,2,29,1,0.8333333333333334,1,0.4,1
main_scaled,Random Forest,2,2,30,1,1.0,1,0.4,1
main_scaled,Random Forest,2,2,35,1,1.0,1,0.4,1
main_scaled,Random Forest,2,2,36,1,0.7666666666666667,1,0.4,1
main_scaled,Random Forest,2,2,43,1,0.8666666666666667,1,0.4,1
main_scaled,Random Forest,2,2,50,0,0.03333333333333333,0,0.4,0
main_scaled,Random Forest,2,2,55,0,0.0,0,0.4,0
main_scaled,Random Forest,2,2,56,1,1.0,1,0.4,1
main_scaled,Random Forest,2,2,68,0,0.43333333333333335,0,0.4,1
main_scaled,Random Forest,2,2,78,1,1.0,1,0.4,1
main_scaled,Random Forest,2,2,80,0,0.0,0,0.4,0
main_scaled,Random Forest,2,2,86,1,0.36666666666666664,0,0.4,0
main_scaled,Random Forest,2,2,87,1,1.0,1,0.4,1
main_scaled,Random Forest,2,2,93,0,0.0,0,0.4,0
main_scaled,Random Forest,2,2,97,0,0.0,0,0.4,0
main_scaled,Random Forest,2,2,100,1,0.736111111111111,1,0.4,1
main_scaled,Random Forest,2,2,127,1,0.9,1,0.4,1
main_scaled,Random Forest,2,2,134,1,0.9666666666666667,1,0.4,1
main_scaled,Random Forest,2,2,140,0,0.0,0,0.4,0
main_scaled,Random Forest,2,2,141,1,0.9,1,0.4,1
main_scaled,Random Forest,2,2,144,0,0.0,0,0.4,0
main_scaled,Random Forest,2,2,147,0,0.13333333333333333,0,0.4,0
main_scaled,Random Forest,2,2,148,0,0.7666666666666667,1,0.4,1
main_scaled,Random Forest,2,2,151,0,0.03333333333333333,0,0.4,0
main_scaled,Random Forest,2,2,152,0,0.4666666666666667,0,0.4,1
main_scaled,Random Forest,2,2,154,0,0.1,0,0.4,0
main_scaled,Random Forest,2,2,158,0,0.0,0,0.4,0
main_scaled,Random Forest,2,2,165,0,0.03333333333333333,0,0.4,0
main_scaled,Random Forest,2,2,187,0,0.0,0,0.4,0
main_scaled,Random Forest,2,2,193,1,0.6333333333333333,1,0.4,1
main_scaled,Random Forest,2,2,197,1,0.7,1,0.4,1
main_scaled,Random Forest,2,2,198,1,1.0,1,0.4,1
main_scaled,Random Forest,2,2,200,0,0.06666666666666667,0,0.4,0
main_scaled,Random Forest,2,2,203,1,1.0,1,0.4,1
main_scaled,Random Forest,2,2,204,0,0.03333333333333333,0,0.4,0
main_scaled,Random Forest,2,2,207,1,0.9,1,0.4,1
main_scaled,Random Forest,2,2,208,0,0.2361111111111111,0,0.4,0
main_scaled,Random Forest,2,2,210,1,1.0,1,0.4,1
main_scaled,Random Forest,2,2,213,1,0.8666666666666667,1,0.4,1
main_scaled,Random Forest,2,2,229,1,0.9,1,0.4,1
main_scaled,Random Forest,2,2,230,1,1.0,1,0.4,1
main_scaled,Random Forest,2,2,240,0,0.0,0,0.4,0
main_scaled,Random Forest,2,2,245,0,0.0,0,0.4,0
main_scaled,Random Forest,2,2,249,0,0.0,0,0.4,0
main_scaled,Random Forest,2,2,258,1,1.0,1,0.4,1
main_scaled,Random Forest,2,2,268,0,0.0,0,0.4,0
main_scaled,Random Forest,2,2,271,0,0.0,0,0.4,0
main_scaled,Random Forest,2,2,274,1,0.8666666666666667,1,0.4,1
main_scaled,Random Forest,2,2,280,1,1.0,1,0.4,1
main_scaled,Random Forest,2,2,284,0,0.1,0,0.4,0
main_scaled,Random Forest,2,2,290,0,0.3,0,0.4,0
main_scaled,Random Forest,2,2,291,0,0.36666666666666664,0,0.4,0
main_scaled,Random Forest,2,2,293,0,0.0,0,0.4,0
main_scaled,Random Forest,2,2,298,0,0.1,0,0.4,0
main_scaled,Random Forest,2,2,301,0,0.0,0,0.4,0
main_scaled,Random Forest,2,2,309,0,0.0,0,0.4,0
main_scaled,Random Forest,2,2,311,0,0.03333333333333333,0,0.4,0
main_scaled,Random Forest,2,2,313,0,0.0,0,0.4,0
main_scaled,Random Forest,2,2,314,0,0.0,0,0.4,0
main_scaled,Random Forest,2,2,318,0,0.1,0,0.4,0
main_scaled,Random Forest,2,2,323,1,1.0,1,0.4,1
main_scaled,Random Forest,2,2,331,0,0.0,0,0.4,0
main_scaled,Random Forest,2,2,336,0,0.0,0,0.4,0
main_scaled,Random Forest,2,2,343,1,1.0,1,0.4,1
main_scaled,Random Forest,2,2,348,0,0.0,0,0.4,0
main_scaled,Random Forest,2,2,351,1,1.0,1,0.4,1
main_scaled,Random Forest,2,2,354,0,0.0,0,0.4,0
main_scaled,Random Forest,2,2,361,0,0.0,0,0.4,0
main_scaled,Random Forest,2,2,365,1,1.0,1,0.4,1
main_scaled,Random Forest,2,2,366,1,1.0,1,0.4,1
main_scaled,Random Forest,2,2,372,1,0.9333333333333333,1,0.4,1
main_scaled,Random Forest,2,2,379,1,0.7666666666666667,1,0.4,1
main_scaled,Random Forest,2,2,380,0,0.06666666666666667,0,0.4,0
main_scaled,Random Forest,2,2,395,0,0.0,0,0.4,0
main_scaled,Random Forest,2,2,398,0,0.0,0,0.4,0
main_scaled,Random Forest,2,2,404,0,0.0,0,0.4,0
main_scaled,Random Forest,2,2,408,1,1.0,1,0.4,1
main_scaled,Random Forest,2,2,412,0,0.0,0,0.4,0
main_scaled,Random Forest,2,2,414,1,0.4,0,0.4,1
main_scaled,Random Forest,2,2,415,0,0.0,0,0.4,0
main_scaled,Random Forest,2,2,416,0,0.03333333333333333,0,0.4,0
main_scaled,Random Forest,2,2,429,0,0.0,0,0.4,0
main_scaled,Random Forest,2,2,431,0,0.0,0,0.4,0
main_scaled,Random Forest,2,2,439,0,0.0,0,0.4,0
main_scaled,Random Forest,2,2,448,0,0.13333333333333333,0,0.4,0
main_scaled,Random Forest,2,2,454,0,0.0,0,0.4,0
main_scaled,Random Forest,2,2,457,0,0.03333333333333333,0,0.4,0
main_scaled,Random Forest,2,2,465,0,0.26666666666666666,0,0.4,0
main_scaled,Random Forest,2,2,466,0,0.2,0,0.4,0
main_scaled,Random Forest,2,2,471,0,0.16666666666666666,0,0.4,0
main_scaled,Random Forest,2,2,476,0,0.2,0,0.4,0
main_scaled,Random Forest,2,2,479,1,0.9666666666666667,1,0.4,1
main_scaled,Random Forest,2,2,490,0,0.03333333333333333,0,0.4,0
main_scaled,Random Forest,2,2,498,1,1.0,1,0.4,1
main_scaled,Random Forest,2,2,501,1,0.8,1,0.4,1
main_scaled,Random Forest,2,2,504,0,0.1,0,0.4,0
main_scaled,Random Forest,2,2,508,0,0.23333333333333334,0,0.4,0
main_scaled,Random Forest,2,2,517,1,1.0,1,0.4,1
main_scaled,Random Forest,2,2,518,0,0.1,0,0.4,0
main_scaled,Random Forest,2,2,520,0,0.03333333333333333,0,0.4,0
main_scaled,Random Forest,2,2,522,0,0.0,0,0.4,0
main_scaled,Random Forest,2,2,523,0,0.06666666666666667,0,0.4,0
main_scaled,Random Forest,2,2,526,0,0.26666666666666666,0,0.4,0
main_scaled,Random Forest,2,2,538,0,0.0,0,0.4,0
main_scaled,Random Forest,2,2,555,0,0.09087301587301587,0,0.4,0
main_scaled,Random Forest,2,2,557,0,0.03333333333333333,0,0.4,0
main_scaled,Random Forest,2,2,558,0,0.19365079365079366,0,0.4,0
main_scaled,Random Forest,2,2,560,0,0.25,0,0.4,0
main_scaled,Random Forest,2,2,563,1,1.0,1,0.4,1
main_scaled,Random Forest,2,2,566,1,0.9333333333333333,1,0.4,1
main_scaled,Random Forest,2,3,0,1,0.9875,1,0.3875,1
main_scaled,Random Forest,2,3,3,1,0.8375,1,0.3875,1
main_scaled,Random Forest,2,3,5,1,0.875,1,0.3875,1
main_scaled,Random Forest,2,3,14,1,0.9,1,0.3875,1
main_scaled,Random Forest,2,3,17,1,1.0,1,0.3875,1
main_scaled,Random Forest,2,3,21,0,0.0,0,0.3875,0
main_scaled,Random Forest,2,3,26,1,0.9875,1,0.3875,1
main_scaled,Random Forest,2,3,37,0,0.0375,0,0.3875,0
main_scaled,Random Forest,2,3,38,1,0.3875,0,0.3875,1
main_scaled,Random Forest,2,3,39,1,0.625,1,0.3875,1
main_scaled,Random Forest,2,3,49,0,0.11500706214689264,0,0.3875,0
main_scaled,Random Forest,2,3,51,0,0.0,0,0.3875,0
main_scaled,Random Forest,2,3,54,1,0.7772094430992735,1,0.3875,1
main_scaled,Random Forest,2,3,61,0,0.0,0,0.3875,0
main_scaled,Random Forest,2,3,72,1,1.0,1,0.3875,1
main_scaled,Random Forest,2,3,73,1,0.1504237288135593,0,0.3875,0
main_scaled,Random Forest,2,3,81,0,0.5375,1,0.3875,1
main_scaled,Random Forest,2,3,84,0,0.000423728813559322,0,0.3875,0
main_scaled,Random Forest,2,3,89,0,0.4375,0,0.3875,1
main_scaled,Random Forest,2,3,91,1,0.6541666666666667,1,0.3875,1
main_scaled,Random Forest,2,3,102,0,0.0020833333333333333,0,0.3875,0
main_scaled,Random Forest,2,3,107,0,0.0,0,0.3875,0
main_scaled,Random Forest,2,3,111,0,0.0625,0,0.3875,0
main_scaled,Random Forest,2,3,113,0,0.0,0,0.3875,0
main_scaled,Random Forest,2,3,117,1,0.975,1,0.3875,1
main_scaled,Random Forest,2,3,118,1,1.0,1,0.3875,1
main_scaled,Random Forest,2,3,123,0,0.1504237288135593,0,0.3875,0
main_scaled,Random Forest,2,3,138,1,0.9375,1,0.3875,1
main_scaled,Random Forest,2,3,150,0,0.0125,0,0.3875,0
main_scaled,Random Forest,2,3,162,1,1.0,1,0.3875,1
main_scaled,Random Forest,2,3,164,1,1.0,1,0.3875,1
main_scaled,Random Forest,2,3,167,1,0.9625,1,0.3875,1
main_scaled,Random Forest,2,3,168,1,1.0,1,0.3875,1
main_scaled,Random Forest,2,3,174,0,0.0125,0,0.3875,0
main_scaled,Random Forest,2,3,181,1,1.0,1,0.3875,1
main_scaled,Random Forest,2,3,183,0,0.0125,0,0.3875,0
main_scaled,Random Forest,2,3,186,1,0.7375,1,0.3875,1
main_scaled,Random Forest,2,3,188,0,0.0125,0,0.3875,0
main_scaled,Random Forest,2,3,190,1,0.8125,1,0.3875,1
main_scaled,Random Forest,2,3,192,0,0.05,0,0.3875,0
main_scaled,Random Forest,2,3,194,1,0.8,1,0.3875,1
main_scaled,Random Forest,2,3,196,1,0.85,1,0.3875,1
main_scaled,Random Forest,2,3,201,1,1.0,1,0.3875,1
main_scaled,Random Forest,2,3,202,1,1.0,1,0.3875,1
main_scaled,Random Forest,2,3,211,0,0.0,0,0.3875,0
main_scaled,Random Forest,2,3,212,1,0.9625,1,0.3875,1
main_scaled,Random Forest,2,3,218,1,1.0,1,0.3875,1
main_scaled,Random Forest,2,3,224,0,0.015625,0,0.3875,0
main_scaled,Random Forest,2,3,226,0,0.0,0,0.3875,0
main_scaled,Random Forest,2,3,231,0,0.0125,0,0.3875,0
main_scaled,Random Forest,2,3,234,0,0.0,0,0.3875,0
main_scaled,Random Forest,2,3,235,0,0.0125,0,0.3875,0
main_scaled,Random Forest,2,3,238,0,0.3375,0,0.3875,0
main_scaled,Random Forest,2,3,243,0,0.1,0,0.3875,0
main_scaled,Random Forest,2,3,251,0,0.0,0,0.3875,0
main_scaled,Random Forest,2,3,267,0,0.025,0,0.3875,0
main_scaled,Random Forest,2,3,269,0,0.000423728813559322,0,0.3875,0
main_scaled,Random Forest,2,3,270,0,0.0125,0,0.3875,0
main_scaled,Random Forest,2,3,279,0,0.0125,0,0.3875,0
main_scaled,Random Forest,2,3,283,1,0.9875,1,0.3875,1
main_scaled,Random Forest,2,3,285,0,0.0,0,0.3875,0
main_scaled,Random Forest,2,3,289,0,0.0,0,0.3875,0
main_scaled,Random Forest,2,3,292,0,0.000423728813559322,0,0.3875,0
main_scaled,Random Forest,2,3,294,0,0.0125,0,0.3875,0
main_scaled,Random Forest,2,3,305,0,0.0,0,0.3875,0
main_scaled,Random Forest,2,3,312,0,0.0,0,0.3875,0
main_scaled,Random Forest,2,3,322,0,0.0375,0,0.3875,0
main_scaled,Random Forest,2,3,326,0,0.003125,0,0.3875,0
main_scaled,Random Forest,2,3,329,1,0.85,1,0.3875,1
main_scaled,Random Forest,2,3,339,1,1.0,1,0.3875,1
main_scaled,Random Forest,2,3,344,0,0.0,0,0.3875,0
main_scaled,Random Forest,2,3,349,0,0.0,0,0.3875,0
main_scaled,Random Forest,2,3,369,1,1.0,1,0.3875,1
main_scaled,Random Forest,2,3,378,0,0.02542372881355932,0,0.3875,0
main_scaled,Random Forest,2,3,389,1,0.9875,1,0.3875,1
main_scaled,Random Forest,2,3,390,0,0.0,0,0.3875,0
main_scaled,Random Forest,2,3,391,0,0.0125,0,0.3875,0
main_scaled,Random Forest,2,3,392,1,1.0,1,0.3875,1
main_scaled,Random Forest,2,3,402,0,0.0,0,0.3875,0
main_scaled,Random Forest,2,3,403,0,0.0375,0,0.3875,0
main_scaled,Random Forest,2,3,409,0,0.0125,0,0.3875,0
main_scaled,Random Forest,2,3,411,0,0.0,0,0.3875,0
main_scaled,Random Forest,2,3,419,0,0.0,0,0.3875,0
main_scaled,Random Forest,2,3,422,0,0.000423728813559322,0,0.3875,0
main_scaled,Random Forest,2,3,442,0,0.0125,0,0.3875,0
main_scaled,Random Forest,2,3,443,0,0.0,0,0.3875,0
main_scaled,Random Forest,2,3,445,0,0.03888888888888889,0,0.3875,0
main_scaled,Random Forest,2,3,449,1,0.9875,1,0.3875,1
main_scaled,Random Forest,2,3,461,1,1.0,1,0.3875,1
main_scaled,Random Forest,2,3,464,0,0.0,0,0.3875,0
main_scaled,Random Forest,2,3,468,1,1.0,1,0.3875,1
main_scaled,Random Forest,2,3,482,0,0.05,0,0.3875,0
main_scaled,Random Forest,2,3,484,0,0.6125,1,0.3875,1
main_scaled,Random Forest,2,3,487,1,1.0,1,0.3875,1
main_scaled,Random Forest,2,3,494,0,0.0,0,0.3875,0
main_scaled,Random Forest,2,3,502,0,0.0,0,0.3875,0
main_scaled,Random Forest,2,3,514,1,0.5379237288135593,1,0.3875,1
main_scaled,Random Forest,2,3,515,0,0.0,0,0.3875,0
main_scaled,Random Forest,2,3,519,0,0.0,0,0.3875,0
main_scaled,Random Forest,2,3,521,1,1.0,1,0.3875,1
main_scaled,Random Forest,2,3,531,0,0.000423728813559322,0,0.3875,0
main_scaled,Random Forest,2,3,532,0,0.025,0,0.3875,0
main_scaled,Random Forest,2,3,533,1,0.9875,1,0.3875,1
main_scaled,Random Forest,2,3,534,0,0.000423728813559322,0,0.3875,0
main_scaled,Random Forest,2,3,539,0,0.09201388888888888,0,0.3875,0
main_scaled,Random Forest,2,3,540,0,0.0,0,0.3875,0
main_scaled,Random Forest,2,3,542,0,0.16354166666666664,0,0.3875,0
main_scaled,Random Forest,2,3,544,0,0.0,0,0.3875,0
main_scaled,Random Forest,2,3,545,0,0.0125,0,0.3875,0
main_scaled,Random Forest,2,3,549,0,0.0125,0,0.3875,0
main_scaled,Random Forest,2,3,550,0,0.0,0,0.3875,0
main_scaled,Random Forest,2,3,552,0,0.025,0,0.3875,0
main_scaled,Random Forest,2,3,556,0,0.0125,0,0.3875,0
main_scaled,Random Forest,2,3,564,1,0.9875,1,0.3875,1
main_scaled,Random Forest,2,4,8,1,0.9,1,0.4755113636363637,1
main_scaled,Random Forest,2,4,9,1,0.8625,1,0.4755113636363637,1
main_scaled,Random Forest,2,4,11,1,1.0,1,0.4755113636363637,1
main_scaled,Random Forest,2,4,15,1,0.975,1,0.4755113636363637,1
main_scaled,Random Forest,2,4,23,1,0.975,1,0.4755113636363637,1
main_scaled,Random Forest,2,4,25,1,1.0,1,0.4755113636363637,1
main_scaled,Random Forest,2,4,27,1,1.0,1,0.4755113636363637,1
main_scaled,Random Forest,2,4,31,1,0.9125,1,0.4755113636363637,1
main_scaled,Random Forest,2,4,33,1,1.0,1,0.4755113636363637,1
main_scaled,Random Forest,2,4,44,1,0.5594246031746032,1,0.4755113636363637,1
main_scaled,Random Forest,2,4,45,1,1.0,1,0.4755113636363637,1
main_scaled,Random Forest,2,4,46,0,0.0,0,0.4755113636363637,0
main_scaled,Random Forest,2,4,47,1,0.8136363636363637,1,0.4755113636363637,1
main_scaled,Random Forest,2,4,52,0,0.0,0,0.4755113636363637,0
main_scaled,Random Forest,2,4,65,1,0.9625,1,0.4755113636363637,1
main_scaled,Random Forest,2,4,66,0,0.0125,0,0.4755113636363637,0
main_scaled,Random Forest,2,4,75,1,1.0,1,0.4755113636363637,1
main_scaled,Random Forest,2,4,90,0,0.15317460317460316,0,0.4755113636363637,0
main_scaled,Random Forest,2,4,94,1,1.0,1,0.4755113636363637,1
main_scaled,Random Forest,2,4,96,0,0.0125,0,0.4755113636363637,0
main_scaled,Random Forest,2,4,103,0,0.0,0,0.4755113636363637,0
main_scaled,Random Forest,2,4,104,0,0.0125,0,0.4755113636363637,0
main_scaled,Random Forest,2,4,106,0,0.035544258373205746,0,0.4755113636363637,0
main_scaled,Random Forest,2,4,108,1,0.9875,1,0.4755113636363637,1
main_scaled,Random Forest,2,4,114,0,0.025,0,0.4755113636363637,0
main_scaled,Random Forest,2,4,115,0,0.0,0,0.4755113636363637,0
main_scaled,Random Forest,2,4,116,0,0.0,0,0.4755113636363637,0
main_scaled,Random Forest,2,4,119,1,0.8375,1,0.4755113636363637,1
main_scaled,Random Forest,2,4,124,0,0.0125,0,0.4755113636363637,0
main_scaled,Random Forest,2,4,126,1,0.5184523809523809,1,0.4755113636363637,1
main_scaled,Random Forest,2,4,128,0,0.525,1,0.4755113636363637,1
main_scaled,Random Forest,2,4,142,0,0.0,0,0.4755113636363637,0
main_scaled,Random Forest,2,4,157,0,0.7875,1,0.4755113636363637,1
main_scaled,Random Forest,2,4,170,0,0.0,0,0.4755113636363637,0
main_scaled,Random Forest,2,4,175,0,0.0,0,0.4755113636363637,0
main_scaled,Random Forest,2,4,176,0,0.02857456140350877,0,0.4755113636363637,0
main_scaled,Random Forest,2,4,178,0,0.03442460317460318,0,0.4755113636363637,0
main_scaled,Random Forest,2,4,191,0,0.4,0,0.4755113636363637,0
main_scaled,Random Forest,2,4,205,1,0.625,1,0.4755113636363637,1
main_scaled,Random Forest,2,4,215,1,0.6261363636363637,1,0.4755113636363637,1
main_scaled,Random Forest,2,4,216,0,0.02857456140350877,0,0.4755113636363637,0
main_scaled,Random Forest,2,4,221,0,0.014702380952380953,0,0.4755113636363637,0
main_scaled,Random Forest,2,4,225,0,0.375,0,0.4755113636363637,0
main_scaled,Random Forest,2,4,227,0,0.19965277777777776,0,0.4755113636363637,0
main_scaled,Random Forest,2,4,228,0,0.1140079365079365,0,0.4755113636363637,0
main_scaled,Random Forest,2,4,236,1,1.0,1,0.4755113636363637,1
main_scaled,Random Forest,2,4,237,1,1.0,1,0.4755113636363637,1
main_scaled,Random Forest,2,4,242,0,0.1522109250398724,0,0.4755113636363637,0
main_scaled,Random Forest,2,4,244,1,1.0,1,0.4755113636363637,1
main_scaled,Random Forest,2,4,246,0,0.05,0,0.4755113636363637,0
main_scaled,Random Forest,2,4,256,1,1.0,1,0.4755113636363637,1
main_scaled,Random Forest,2,4,272,1,1.0,1,0.4755113636363637,1
main_scaled,Random Forest,2,4,273,0,0.0125,0,0.4755113636363637,0
main_scaled,Random Forest,2,4,277,1,0.9125,1,0.4755113636363637,1
main_scaled,Random Forest,2,4,278,0,0.025,0,0.4755113636363637,0
main_scaled,Random Forest,2,4,286,0,0.05357456140350878,0,0.4755113636363637,0
main_scaled,Random Forest,2,4,288,0,0.05,0,0.4755113636363637,0
main_scaled,Random Forest,2,4,300,1,1.0,1,0.4755113636363637,1
main_scaled,Random Forest,2,4,308,0,0.0,0,0.4755113636363637,0
main_scaled,Random Forest,2,4,319,0,0.0,0,0.4755113636363637,0
main_scaled,Random Forest,2,4,320,0,0.0025,0,0.4755113636363637,0
main_scaled,Random Forest,2,4,332,0,0.0,0,0.4755113636363637,0
main_scaled,Random Forest,2,4,337,1,0.9875,1,0.4755113636363637,1
main_scaled,Random Forest,2,4,341,0,0.00041666666666666664,0,0.4755113636363637,0
main_scaled,Random Forest,2,4,346,0,0.0,0,0.4755113636363637,0
main_scaled,Random Forest,2,4,347,0,0.20277777777777778,0,0.4755113636363637,0
main_scaled,Random Forest,2,4,350,0,0.0,0,0.4755113636363637,0
main_scaled,Random Forest,2,4,364,0,0.0,0,0.4755113636363637,0
main_scaled,Random Forest,2,4,370,1,1.0,1,0.4755113636363637,1
main_scaled,Random Forest,2,4,371,0,0.1125,0,0.4755113636363637,0
main_scaled,Random Forest,2,4,377,0,0.054960317460317466,0,0.4755113636363637,0
main_scaled,Random Forest,2,4,382,0,0.040776942355889724,0,0.4755113636363637,0
main_scaled,Random Forest,2,4,397,0,0.0125,0,0.4755113636363637,0
main_scaled,Random Forest,2,4,401,0,0.0,0,0.4755113636363637,0
main_scaled,Random Forest,2,4,405,0,0.0,0,0.4755113636363637,0
main_scaled,Random Forest,2,4,423,0,0.12541666666666668,0,0.4755113636363637,0
main_scaled,Random Forest,2,4,426,0,0.012916666666666668,0,0.4755113636363637,0
main_scaled,Random Forest,2,4,433,1,1.0,1,0.4755113636363637,1
main_scaled,Random Forest,2,4,435,1,0.825,1,0.4755113636363637,1
main_scaled,Random Forest,2,4,437,0,0.0375,0,0.4755113636363637,0
main_scaled,Random Forest,2,4,438,0,0.0125,0,0.4755113636363637,0
main_scaled,Random Forest,2,4,440,0,0.19107456140350876,0,0.4755113636363637,0
main_scaled,Random Forest,2,4,441,1,0.9875,1,0.4755113636363637,1
main_scaled,Random Forest,2,4,450,0,0.0028602756892230573,0,0.4755113636363637,0
main_scaled,Random Forest,2,4,451,1,1.0,1,0.4755113636363637,1
main_scaled,Random Forest,2,4,453,0,0.0875,0,0.4755113636363637,0
main_scaled,Random Forest,2,4,458,0,0.028174603174603175,0,0.4755113636363637,0
main_scaled,Random Forest,2,4,460,1,1.0,1,0.4755113636363637,1
main_scaled,Random Forest,2,4,467,0,0.0125,0,0.4755113636363637,0
main_scaled,Random Forest,2,4,470,0,0.0,0,0.4755113636363637,0
main_scaled,Random Forest,2,4,472,0,0.2125,0,0.4755113636363637,0
main_scaled,Random Forest,2,4,473,0,0.0125,0,0.4755113636363637,0
main_scaled,Random Forest,2,4,477,0,0.025,0,0.4755113636363637,0
main_scaled,Random Forest,2,4,481,0,0.075,0,0.4755113636363637,0
main_scaled,Random Forest,2,4,483,0,0.0375,0,0.4755113636363637,0
main_scaled,Random Forest,2,4,489,1,0.7625,1,0.4755113636363637,1
main_scaled,Random Forest,2,4,492,1,0.9875,1,0.4755113636363637,1
main_scaled,Random Forest,2,4,495,0,0.125,0,0.4755113636363637,0
main_scaled,Random Forest,2,4,503,1,1.0,1,0.4755113636363637,1
main_scaled,Random Forest,2,4,505,0,0.20041666666666663,0,0.4755113636363637,0
main_scaled,Random Forest,2,4,512,1,0.9386363636363637,1,0.4755113636363637,1
main_scaled,Random Forest,2,4,513,0,0.1625,0,0.4755113636363637,0
main_scaled,Random Forest,2,4,516,1,1.0,1,0.4755113636363637,1
main_scaled,Random Forest,2,4,524,0,0.0,0,0.4755113636363637,0
main_scaled,Random Forest,2,4,527,0,0.0125,0,0.4755113636363637,0
main_scaled,Random Forest,2,4,536,1,0.4755113636363637,0,0.4755113636363637,1
main_scaled,Random Forest,2,4,541,0,0.45808080808080814,0,0.4755113636363637,0
main_scaled,Random Forest,2,4,543,0,0.048660714285714286,0,0.4755113636363637,0
main_scaled,Random Forest,2,4,547,0,0.0,0,0.4755113636363637,0
main_scaled,Random Forest,2,4,551,0,0.0125,0,0.4755113636363637,0
main_scaled,Random Forest,2,4,561,0,0.020535714285714286,0,0.4755113636363637,0
main_scaled,Random Forest,2,4,565,1,1.0,1,0.4755113636363637,1
main_scaled,Random Forest,2,4,567,1,1.0,1,0.4755113636363637,1
main_scaled,Random Forest,2,4,568,0,0.008035714285714285,0,0.4755113636363637,0
main_scaled,Random Forest,2,5,1,1,0.975,1,0.375,1
main_scaled,Random Forest,2,5,4,1,0.8375,1,0.375,1
main_scaled,Random Forest,2,5,7,1,0.9,1,0.375,1
main_scaled,Random Forest,2,5,13,1,0.6625,1,0.375,1
main_scaled,Random Forest,2,5,18,1,1.0,1,0.375,1
main_scaled,Random Forest,2,5,20,0,0.0125,0,0.375,0
main_scaled,Random Forest,2,5,22,1,0.8,1,0.375,1
main_scaled,Random Forest,2,5,28,1,1.0,1,0.375,1
main_scaled,Random Forest,2,5,32,1,1.0,1,0.375,1
main_scaled,Random Forest,2,5,34,1,1.0,1,0.375,1
main_scaled,Random Forest,2,5,41,1,0.375,0,0.375,1
main_scaled,Random Forest,2,5,42,1,1.0,1,0.375,1
main_scaled,Random Forest,2,5,48,0,0.0,0,0.375,0
main_scaled,Random Forest,2,5,53,1,0.975,1,0.375,1
main_scaled,Random Forest,2,5,58,0,0.0,0,0.375,0
main_scaled,Random Forest,2,5,64,1,0.975,1,0.375,1
main_scaled,Random Forest,2,5,70,1,0.9875,1,0.375,1
main_scaled,Random Forest,2,5,71,0,0.0375,0,0.375,0
main_scaled,Random Forest,2,5,77,1,0.9625,1,0.375,1
main_scaled,Random Forest,2,5,79,0,0.0125,0,0.375,0
main_scaled,Random Forest,2,5,92,0,0.1125,0,0.375,0
main_scaled,Random Forest,2,5,110,0,0.0,0,0.375,0
main_scaled,Random Forest,2,5,112,0,0.6,1,0.375,1
main_scaled,Random Forest,2,5,125,0,0.0,0,0.375,0
main_scaled,Random Forest,2,5,129,1,1.0,1,0.375,1
main_scaled,Random Forest,2,5,130,0,0.0,0,0.375,0
main_scaled,Random Forest,2,5,133,0,0.3875,0,0.375,1
main_scaled,Random Forest,2,5,145,0,0.025,0,0.375,0
main_scaled,Random Forest,2,5,149,0,0.0375,0,0.375,0
main_scaled,Random Forest,2,5,155,0,0.0,0,0.375,0
main_scaled,Random Forest,2,5,156,1,1.0,1,0.375,1
main_scaled,Random Forest,2,5,161,1,0.875,1,0.375,1
main_scaled,Random Forest,2,5,169,0,0.0125,0,0.375,0
main_scaled,Random Forest,2,5,171,1,0.675,1,0.375,1
main_scaled,Random Forest,2,5,172,1,0.7625,1,0.375,1
main_scaled,Random Forest,2,5,173,0,0.0,0,0.375,0
main_scaled,Random Forest,2,5,177,1,1.0,1,0.375,1
main_scaled,Random Forest,2,5,179,0,0.0,0,0.375,0
main_scaled,Random Forest,2,5,180,1,1.0,1,0.375,1
main_scaled,Random Forest,2,5,182,1,0.9625,1,0.375,1
main_scaled,Random Forest,2,5,185,0,0.0,0,0.375,0
main_scaled,Random Forest,2,5,206,0,0.0,0,0.375,0
main_scaled,Random Forest,2,5,217,0,0.0125,0,0.375,0
main_scaled,Random Forest,2,5,219,1,0.975,1,0.375,1
main_scaled,Random Forest,2,5,220,0,0.0,0,0.375,0
main_scaled,Random Forest,2,5,222,0,0.0,0,0.375,0
main_scaled,Random Forest,2,5,223,1,0.9875,1,0.375,1
main_scaled,Random Forest,2,5,233,1,0.9875,1,0.375,1
main_scaled,Random Forest,2,5,247,0,0.275,0,0.375,0
main_scaled,Random Forest,2,5,262,1,0.9875,1,0.375,1
main_scaled,Random Forest,2,5,263,1,0.6,1,0.375,1
main_scaled,Random Forest,2,5,264,1,1.0,1,0.375,1
main_scaled,Random Forest,2,5,265,1,0.9875,1,0.375,1
main_scaled,Random Forest,2,5,275,0,0.0875,0,0.375,0
main_scaled,Random Forest,2,5,276,0,0.0,0,0.375,0
main_scaled,Random Forest,2,5,287,0,0.0,0,0.375,0
main_scaled,Random Forest,2,5,297,1,0.0125,0,0.375,0
main_scaled,Random Forest,2,5,299,0,0.0,0,0.375,0
main_scaled,Random Forest,2,5,302,1,1.0,1,0.375,1
main_scaled,Random Forest,2,5,303,0,0.0,0,0.375,0
main_scaled,Random Forest,2,5,304,0,0.0,0,0.375,0
main_scaled,Random Forest,2,5,306,0,0.0,0,0.375,0
main_scaled,Random Forest,2,5,307,0,0.0,0,0.375,0
main_scaled,Random Forest,2,5,317,1,0.9875,1,0.375,1
main_scaled,Random Forest,2,5,327,0,0.0,0,0.375,0
main_scaled,Random Forest,2,5,328,1,1.0,1,0.375,1
main_scaled,Random Forest,2,5,333,0,0.0,0,0.375,0
main_scaled,Random Forest,2,5,334,0,0.0,0,0.375,0
main_scaled,Random Forest,2,5,338,0,0.0,0,0.375,0
main_scaled,Random Forest,2,5,342,0,0.0,0,0.375,0
main_scaled,Random Forest,2,5,345,0,0.0,0,0.375,0
main_scaled,Random Forest,2,5,353,1,1.0,1,0.375,1
main_scaled,Random Forest,2,5,355,0,0.0125,0,0.375,0
main_scaled,Random Forest,2,5,360,0,0.0625,0,0.375,0
main_scaled,Random Forest,2,5,362,0,0.0,0,0.375,0
main_scaled,Random Forest,2,5,373,1,1.0,1,0.375,1
main_scaled,Random Forest,2,5,375,0,0.3375,0,0.375,0
main_scaled,Random Forest,2,5,376,0,0.2625,0,0.375,0
main_scaled,Random Forest,2,5,381,0,0.0,0,0.375,0
main_scaled,Random Forest,2,5,385,1,0.3375,0,0.375,0
main_scaled,Random Forest,2,5,396,0,0.3375,0,0.375,0
main_scaled,Random Forest,2,5,400,1,1.0,1,0.375,1
main_scaled,Random Forest,2,5,407,0,0.0375,0,0.375,0
main_scaled,Random Forest,2,5,410,0,0.05,0,0.375,0
main_scaled,Random Forest,2,5,413,0,0.25,0,0.375,0
main_scaled,Random Forest,2,5,424,0,0.0125,0,0.375,0
main_scaled,Random Forest,2,5,425,0,0.0,0,0.375,0
main_scaled,Random Forest,2,5,427,0,0.0125,0,0.375,0
main_scaled,Random Forest,2,5,428,0,0.0,0,0.375,0
main_scaled,Random Forest,2,5,432,1,1.0,1,0.375,1
main_scaled,Random Forest,2,5,436,0,0.0125,0,0.375,0
main_scaled,Random Forest,2,5,444,1,0.9875,1,0.375,1
main_scaled,Random Forest,2,5,447,0,0.075,0,0.375,0
main_scaled,Random Forest,2,5,459,0,0.0125,0,0.375,0
main_scaled,Random Forest,2,5,462,0,0.1125,0,0.375,0
main_scaled,Random Forest,2,5,463,0,0.0,0,0.375,0
main_scaled,Random Forest,2,5,469,0,0.275,0,0.375,0
main_scaled,Random Forest,2,5,485,0,0.25,0,0.375,0
main_scaled,Random Forest,2,5,488,0,0.0,0,0.375,0
main_scaled,Random Forest,2,5,493,0,0.0,0,0.375,0
main_scaled,Random Forest,2,5,497,0,0.0,0,0.375,0
main_scaled,Random Forest,2,5,499,1,1.0,1,0.375,1
main_scaled,Random Forest,2,5,500,0,0.3125,0,0.375,0
main_scaled,Random Forest,2,5,507,0,0.0,0,0.375,0
main_scaled,Random Forest,2,5,509,1,0.9875,1,0.375,1
main_scaled,Random Forest,2,5,510,0,0.0,0,0.375,0
main_scaled,Random Forest,2,5,525,0,0.0,0,0.375,0
main_scaled,Random Forest,2,5,537,0,0.1,0,0.375,0
main_scaled,Random Forest,2,5,546,0,0.0,0,0.375,0
main_scaled,Random Forest,2,5,548,0,0.025,0,0.375,0
main_scaled,Random Forest,2,5,553,0,0.0125,0,0.375,0
main_scaled,Random Forest,2,5,554,0,0.1125,0,0.375,0
main_scaled,Random Forest,2,5,559,0,0.075,0,0.375,0
main_scaled,Random Forest,3,1,1,1,0.9875,1,0.425,1
main_scaled,Random Forest,3,1,3,1,0.7125,1,0.425,1
main_scaled,Random Forest,3,1,4,1,0.925,1,0.425,1
main_scaled,Random Forest,3,1,5,1,0.8,1,0.425,1
main_scaled,Random Forest,3,1,10,1,0.7,1,0.425,1
main_scaled,Random Forest,3,1,30,1,1.0,1,0.425,1
main_scaled,Random Forest,3,1,42,1,0.975,1,0.425,1
main_scaled,Random Forest,3,1,43,1,0.9125,1,0.425,1
main_scaled,Random Forest,3,1,53,1,0.9875,1,0.425,1
main_scaled,Random Forest,3,1,57,1,0.9375,1,0.425,1
main_scaled,Random Forest,3,1,62,1,0.95,1,0.425,1
main_scaled,Random Forest,3,1,65,1,0.9375,1,0.425,1
main_scaled,Random Forest,3,1,70,1,0.9875,1,0.425,1
main_scaled,Random Forest,3,1,75,1,0.975,1,0.425,1
main_scaled,Random Forest,3,1,79,0,0.0125,0,0.425,0
main_scaled,Random Forest,3,1,81,0,0.575,1,0.425,1
main_scaled,Random Forest,3,1,83,1,0.9875,1,0.425,1
main_scaled,Random Forest,3,1,92,0,0.0875,0,0.425,0
main_scaled,Random Forest,3,1,93,0,0.0,0,0.425,0
main_scaled,Random Forest,3,1,101,0,0.0,0,0.425,0
main_scaled,Random Forest,3,1,108,1,0.95,1,0.425,1
main_scaled,Random Forest,3,1,110,0,0.0,0,0.425,0
main_scaled,Random Forest,3,1,111,0,0.075,0,0.425,0
main_scaled,Random Forest,3,1,114,0,0.0,0,0.425,0
main_scaled,Random Forest,3,1,115,0,0.0125,0,0.425,0
main_scaled,Random Forest,3,1,122,1,0.9625,1,0.425,1
main_scaled,Random Forest,3,1,142,0,0.0,0,0.425,0
main_scaled,Random Forest,3,1,144,0,0.0,0,0.425,0
main_scaled,Random Forest,3,1,145,0,0.0125,0,0.425,0
main_scaled,Random Forest,3,1,149,0,0.05,0,0.425,0
main_scaled,Random Forest,3,1,158,0,0.0,0,0.425,0
main_scaled,Random Forest,3,1,163,0,0.0125,0,0.425,0
main_scaled,Random Forest,3,1,177,1,1.0,1,0.425,1
main_scaled,Random Forest,3,1,180,1,1.0,1,0.425,1
main_scaled,Random Forest,3,1,181,1,1.0,1,0.425,1
main_scaled,Random Forest,3,1,188,0,0.0,0,0.425,0
main_scaled,Random Forest,3,1,191,0,0.45,0,0.425,1
main_scaled,Random Forest,3,1,206,0,0.0,0,0.425,0
main_scaled,Random Forest,3,1,220,0,0.0,0,0.425,0
main_scaled,Random Forest,3,1,222,0,0.0,0,0.425,0
main_scaled,Random Forest,3,1,223,1,1.0,1,0.425,1
main_scaled,Random Forest,3,1,225,0,0.15,0,0.425,0
main_scaled,Random Forest,3,1,233,1,0.9875,1,0.425,1
main_scaled,Random Forest,3,1,243,0,0.05,0,0.425,0
main_scaled,Random Forest,3,1,248,0,0.1625,0,0.425,0
main_scaled,Random Forest,3,1,250,1,1.0,1,0.425,1
main_scaled,Random Forest,3,1,258,1,1.0,1,0.425,1
main_scaled,Random Forest,3,1,263,1,0.4375,0,0.425,1
main_scaled,Random Forest,3,1,288,0,0.05,0,0.425,0
main_scaled,Random Forest,3,1,294,0,0.0,0,0.425,0
main_scaled,Random Forest,3,1,295,0,0.0,0,0.425,0
main_scaled,Random Forest,3,1,296,0,0.0,0,0.425,0
main_scaled,Random Forest,3,1,298,0,0.1,0,0.425,0
main_scaled,Random Forest,3,1,303,0,0.0,0,0.425,0
main_scaled,Random Forest,3,1,306,0,0.0,0,0.425,0
main_scaled,Random Forest,3,1,309,0,0.0125,0,0.425,0
main_scaled,Random Forest,3,1,310,0,0.0,0,0.425,0
main_scaled,Random Forest,3,1,317,1,1.0,1,0.425,1
main_scaled,Random Forest,3,1,331,0,0.0125,0,0.425,0
main_scaled,Random Forest,3,1,332,0,0.0,0,0.425,0
main_scaled,Random Forest,3,1,337,1,1.0,1,0.425,1
main_scaled,Random Forest,3,1,350,0,0.0,0,0.425,0
main_scaled,Random Forest,3,1,352,1,1.0,1,0.425,1
main_scaled,Random Forest,3,1,357,0,0.0,0,0.425,0
main_scaled,Random Forest,3,1,359,0,0.0,0,0.425,0
main_scaled,Random Forest,3,1,362,0,0.0,0,0.425,0
main_scaled,Random Forest,3,1,366,1,1.0,1,0.425,1
main_scaled,Random Forest,3,1,370,1,1.0,1,0.425,1
main_scaled,Random Forest,3,1,379,1,0.6,1,0.425,1
main_scaled,Random Forest,3,1,380,0,0.05,0,0.425,0
main_scaled,Random Forest,3,1,386,0,0.0,0,0.425,0
main_scaled,Random Forest,3,1,391,0,0.0,0,0.425,0
main_scaled,Random Forest,3,1,397,0,0.0,0,0.425,0
main_scaled,Random Forest,3,1,398,0,0.0,0,0.425,0
main_scaled,Random Forest,3,1,400,1,1.0,1,0.425,1
main_scaled,Random Forest,3,1,403,0,0.1,0,0.425,0
main_scaled,Random Forest,3,1,410,0,0.1125,0,0.425,0
main_scaled,Random Forest,3,1,412,0,0.0,0,0.425,0
main_scaled,Random Forest,3,1,413,0,0.2375,0,0.425,0
main_scaled,Random Forest,3,1,414,1,0.425,0,0.425,1
main_scaled,Random Forest,3,1,418,0,0.0,0,0.425,0
main_scaled,Random Forest,3,1,422,0,0.0125,0,0.425,0
main_scaled,Random Forest,3,1,423,0,0.1,0,0.425,0
main_scaled,Random Forest,3,1,424,0,0.375,0,0.425,0
main_scaled,Random Forest,3,1,429,0,0.0,0,0.425,0
main_scaled,Random Forest,3,1,437,0,0.0125,0,0.425,0
main_scaled,Random Forest,3,1,444,1,0.95,1,0.425,1
main_scaled,Random Forest,3,1,445,0,0.0125,0,0.425,0
main_scaled,Random Forest,3,1,448,0,0.1625,0,0.425,0
main_scaled,Random Forest,3,1,451,1,1.0,1,0.425,1
main_scaled,Random Forest,3,1,454,0,0.0,0,0.425,0
main_scaled,Random Forest,3,1,456,0,0.125,0,0.425,0
main_scaled,Random Forest,3,1,458,0,0.0125,0,0.425,0
main_scaled,Random Forest,3,1,460,1,1.0,1,0.425,1
main_scaled,Random Forest,3,1,462,0,0.05,0,0.425,0
main_scaled,Random Forest,3,1,464,0,0.0,0,0.425,0
main_scaled,Random Forest,3,1,467,0,0.0,0,0.425,0
main_scaled,Random Forest,3,1,468,1,0.975,1,0.425,1
main_scaled,Random Forest,3,1,476,0,0.2,0,0.425,0
main_scaled,Random Forest,3,1,478,0,0.0,0,0.425,0
main_scaled,Random Forest,3,1,492,1,1.0,1,0.425,1
main_scaled,Random Forest,3,1,503,1,1.0,1,0.425,1
main_scaled,Random Forest,3,1,514,1,0.575,1,0.425,1
main_scaled,Random Forest,3,1,535,1,1.0,1,0.425,1
main_scaled,Random Forest,3,1,536,1,0.475,0,0.425,1
main_scaled,Random Forest,3,1,537,0,0.15,0,0.425,0
main_scaled,Random Forest,3,1,544,0,0.0,0,0.425,0
main_scaled,Random Forest,3,1,548,0,0.0,0,0.425,0
main_scaled,Random Forest,3,1,550,0,0.0,0,0.425,0
main_scaled,Random Forest,3,1,552,0,0.0875,0,0.425,0
main_scaled,Random Forest,3,1,554,0,0.1125,0,0.425,0
main_scaled,Random Forest,3,1,559,0,0.2,0,0.425,0
main_scaled,Random Forest,3,1,560,0,0.0875,0,0.425,0
main_scaled,Random Forest,3,1,563,1,1.0,1,0.425,1
main_scaled,Random Forest,3,2,6,1,1.0,1,0.4375,1
main_scaled,Random Forest,3,2,11,1,1.0,1,0.4375,1
main_scaled,Random Forest,3,2,14,1,0.825,1,0.4375,1
main_scaled,Random Forest,3,2,26,1,1.0,1,0.4375,1
main_scaled,Random Forest,3,2,27,1,0.9875,1,0.4375,1
main_scaled,Random Forest,3,2,32,1,1.0,1,0.4375,1
main_scaled,Random Forest,3,2,38,1,0.4375,0,0.4375,1
main_scaled,Random Forest,3,2,40,1,0.05,0,0.4375,0
main_scaled,Random Forest,3,2,51,0,0.0,0,0.4375,0
main_scaled,Random Forest,3,2,60,0,0.0875,0,0.4375,0
main_scaled,Random Forest,3,2,61,0,0.0,0,0.4375,0
main_scaled,Random Forest,3,2,67,0,0.0,0,0.4375,0
main_scaled,Random Forest,3,2,69,0,0.0,0,0.4375,0
main_scaled,Random Forest,3,2,71,0,0.0,0,0.4375,0
main_scaled,Random Forest,3,2,73,1,0.2875,0,0.4375,0
main_scaled,Random Forest,3,2,77,1,1.0,1,0.4375,1
main_scaled,Random Forest,3,2,78,1,1.0,1,0.4375,1
main_scaled,Random Forest,3,2,80,0,0.0125,0,0.4375,0
main_scaled,Random Forest,3,2,84,0,0.0,0,0.4375,0
main_scaled,Random Forest,3,2,91,1,0.7,1,0.4375,1
main_scaled,Random Forest,3,2,96,0,0.0,0,0.4375,0
main_scaled,Random Forest,3,2,100,1,0.6375,1,0.4375,1
main_scaled,Random Forest,3,2,104,0,0.0,0,0.4375,0
main_scaled,Random Forest,3,2,107,0,0.0,0,0.4375,0
main_scaled,Random Forest,3,2,116,0,0.0,0,0.4375,0
main_scaled,Random Forest,3,2,118,1,1.0,1,0.4375,1
main_scaled,Random Forest,3,2,123,0,0.1625,0,0.4375,0
main_scaled,Random Forest,3,2,124,0,0.0,0,0.4375,0
main_scaled,Random Forest,3,2,128,0,0.5,1,0.4375,1
main_scaled,Random Forest,3,2,129,1,1.0,1,0.4375,1
main_scaled,Random Forest,3,2,130,0,0.0,0,0.4375,0
main_scaled,Random Forest,3,2,135,1,0.0,0,0.4375,0
main_scaled,Random Forest,3,2,140,0,0.0,0,0.4375,0
main_scaled,Random Forest,3,2,148,0,0.55,1,0.4375,1
main_scaled,Random Forest,3,2,151,0,0.1,0,0.4375,0
main_scaled,Random Forest,3,2,154,0,0.05,0,0.4375,0
main_scaled,Random Forest,3,2,159,0,0.0,0,0.4375,0
main_scaled,Random Forest,3,2,161,1,0.9375,1,0.4375,1
main_scaled,Random Forest,3,2,162,1,1.0,1,0.4375,1
main_scaled,Random Forest,3,2,164,1,1.0,1,0.4375,1
main_scaled,Random Forest,3,2,176,0,0.05,0,0.4375,0
main_scaled,Random Forest,3,2,192,0,0.05,0,0.4375,0
main_scaled,Random Forest,3,2,200,0,0.0,0,0.4375,0
main_scaled,Random Forest,3,2,201,1,0.9875,1,0.4375,1
main_scaled,Random Forest,3,2,202,1,1.0,1,0.4375,1
main_scaled,Random Forest,3,2,203,1,1.0,1,0.4375,1
main_scaled,Random Forest,3,2,212,1,0.975,1,0.4375,1
main_scaled,Random Forest,3,2,215,1,0.7875,1,0.4375,1
main_scaled,Random Forest,3,2,219,1,1.0,1,0.4375,1
main_scaled,Random Forest,3,2,224,0,0.0,0,0.4375,0
main_scaled,Random Forest,3,2,228,0,0.0625,0,0.4375,0
main_scaled,Random Forest,3,2,229,1,0.85,1,0.4375,1
main_scaled,Random Forest,3,2,237,1,1.0,1,0.4375,1
main_scaled,Random Forest,3,2,247,0,0.2625,0,0.4375,0
main_scaled,Random Forest,3,2,251,0,0.0,0,0.4375,0
main_scaled,Random Forest,3,2,259,1,0.975,1,0.4375,1
main_scaled,Random Forest,3,2,260,1,1.0,1,0.4375,1
main_scaled,Random Forest,3,2,264,1,0.975,1,0.4375,1
main_scaled,Random Forest,3,2,272,1,1.0,1,0.4375,1
main_scaled,Random Forest,3,2,274,1,0.8625,1,0.4375,1
main_scaled,Random Forest,3,2,289,0,0.0,0,0.4375,0
main_scaled,Random Forest,3,2,291,0,0.275,0,0.4375,0
main_scaled,Random Forest,3,2,292,0,0.0,0,0.4375,0
main_scaled,Random Forest,3,2,318,0,0.15,0,0.4375,0
main_scaled,Random Forest,3,2,322,0,0.0125,0,0.4375,0
main_scaled,Random Forest,3,2,325,0,0.0,0,0.4375,0
main_scaled,Random Forest,3,2,326,0,0.0,0,0.4375,0
main_scaled,Random Forest,3,2,327,0,0.0,0,0.4375,0
main_scaled,Random Forest,3,2,341,0,0.0125,0,0.4375,0
main_scaled,Random Forest,3,2,345,0,0.0,0,0.4375,0
main_scaled,Random Forest,3,2,347,0,0.3125,0,0.4375,0
main_scaled,Random Forest,3,2,358,0,0.0625,0,0.4375,0
main_scaled,Random Forest,3,2,368,1,1.0,1,0.4375,1
main_scaled,Random Forest,3,2,369,1,1.0,1,0.4375,1
main_scaled,Random Forest,3,2,371,0,0.075,0,0.4375,0
main_scaled,Random Forest,3,2,374,0,0.0,0,0.4375,0
main_scaled,Random Forest,3,2,381,0,0.0,0,0.4375,0
main_scaled,Random Forest,3,2,384,0,0.0,0,0.4375,0
main_scaled,Random Forest,3,2,387,0,0.0,0,0.4375,0
main_scaled,Random Forest,3,2,399,0,0.0,0,0.4375,0
main_scaled,Random Forest,3,2,416,0,0.0125,0,0.4375,0
main_scaled,Random Forest,3,2,417,1,1.0,1,0.4375,1
main_scaled,Random Forest,3,2,421,0,0.65,1,0.4375,1
main_scaled,Random Forest,3,2,432,1,1.0,1,0.4375,1
main_scaled,Random Forest,3,2,438,0,0.0125,0,0.4375,0
main_scaled,Random Forest,3,2,440,0,0.2625,0,0.4375,0
main_scaled,Random Forest,3,2,449,1,0.975,1,0.4375,1
main_scaled,Random Forest,3,2,455,0,0.025,0,0.4375,0
main_scaled,Random Forest,3,2,461,1,1.0,1,0.4375,1
main_scaled,Random Forest,3,2,469,0,0.3625,0,0.4375,0
main_scaled,Random Forest,3,2,472,0,0.325,0,0.4375,0
main_scaled,Random Forest,3,2,473,0,0.0375,0,0.4375,0
main_scaled,Random Forest,3,2,479,1,0.9875,1,0.4375,1
main_scaled,Random Forest,3,2,482,0,0.0375,0,0.4375,0
main_scaled,Random Forest,3,2,486,0,0.0625,0,0.4375,0
main_scaled,Random Forest,3,2,488,0,0.0,0,0.4375,0
main_scaled,Random Forest,3,2,489,1,0.5875,1,0.4375,1
main_scaled,Random Forest,3,2,495,0,0.1125,0,0.4375,0
main_scaled,Random Forest,3,2,496,0,0.15,0,0.4375,0
main_scaled,Random Forest,3,2,506,0,0.0125,0,0.4375,0
main_scaled,Random Forest,3,2,508,0,0.3,0,0.4375,0
main_scaled,Random Forest,3,2,510,0,0.0,0,0.4375,0
main_scaled,Random Forest,3,2,513,0,0.1125,0,0.4375,0
main_scaled,Random Forest,3,2,515,0,0.0,0,0.4375,0
main_scaled,Random Forest,3,2,517,1,0.975,1,0.4375,1
main_scaled,Random Forest,3,2,518,0,0.0625,0,0.4375,0
main_scaled,Random Forest,3,2,520,0,0.0625,0,0.4375,0
main_scaled,Random Forest,3,2,522,0,0.0,0,0.4375,0
main_scaled,Random Forest,3,2,538,0,0.0125,0,0.4375,0
main_scaled,Random Forest,3,2,540,0,0.0,0,0.4375,0
main_scaled,Random Forest,3,2,542,0,0.125,0,0.4375,0
main_scaled,Random Forest,3,2,561,0,0.0375,0,0.4375,0
main_scaled,Random Forest,3,2,565,1,0.9875,1,0.4375,1
main_scaled,Random Forest,3,2,566,1,0.9875,1,0.4375,1
main_scaled,Random Forest,3,3,0,1,0.8875,1,0.425,1
main_scaled,Random Forest,3,3,16,1,0.9125,1,0.425,1
main_scaled,Random Forest,3,3,18,1,1.0,1,0.425,1
main_scaled,Random Forest,3,3,23,1,1.0,1,0.425,1
main_scaled,Random Forest,3,3,47,1,0.9,1,0.425,1
main_scaled,Random Forest,3,3,52,0,0.0,0,0.425,0
main_scaled,Random Forest,3,3,55,0,0.0,0,0.425,0
main_scaled,Random Forest,3,3,56,1,1.0,1,0.425,1
main_scaled,Random Forest,3,3,59,0,0.0,0,0.425,0
main_scaled,Random Forest,3,3,74,0,0.0,0,0.425,0
main_scaled,Random Forest,3,3,86,1,0.2,0,0.425,0
main_scaled,Random Forest,3,3,88,0,0.0,0,0.425,0
main_scaled,Random Forest,3,3,90,0,0.075,0,0.425,0
main_scaled,Random Forest,3,3,94,1,0.9875,1,0.425,1
main_scaled,Random Forest,3,3,99,1,0.525,1,0.425,1
main_scaled,Random Forest,3,3,112,0,0.6625,1,0.425,1
main_scaled,Random Forest,3,3,119,1,0.925,1,0.425,1
main_scaled,Random Forest,3,3,120,0,0.0,0,0.425,0
main_scaled,Random Forest,3,3,121,1,1.0,1,0.425,1
main_scaled,Random Forest,3,3,126,1,0.5375,1,0.425,1
main_scaled,Random Forest,3,3,134,1,0.9875,1,0.425,1
main_scaled,Random Forest,3,3,136,0,0.0625,0,0.425,0
main_scaled,Random Forest,3,3,138,1,0.9625,1,0.425,1
main_scaled,Random Forest,3,3,139,0,0.0125,0,0.425,0
main_scaled,Random Forest,3,3,156,1,1.0,1,0.425,1
main_scaled,Random Forest,3,3,157,0,0.7,1,0.425,1
main_scaled,Random Forest,3,3,166,0,0.0,0,0.425,0
main_scaled,Random Forest,3,3,170,0,0.0,0,0.425,0
main_scaled,Random Forest,3,3,171,1,0.775,1,0.425,1
main_scaled,Random Forest,3,3,174,0,0.0,0,0.425,0
main_scaled,Random Forest,3,3,175,0,0.0,0,0.425,0
main_scaled,Random Forest,3,3,178,0,0.0125,0,0.425,0
main_scaled,Random Forest,3,3,185,0,0.0,0,0.425,0
main_scaled,Random Forest,3,3,190,1,0.9125,1,0.425,1
main_scaled,Random Forest,3,3,193,1,0.425,0,0.425,1
main_scaled,Random Forest,3,3,194,1,0.85,1,0.425,1
main_scaled,Random Forest,3,3,195,0,0.0125,0,0.425,0
main_scaled,Random Forest,3,3,197,1,0.8625,1,0.425,1
main_scaled,Random Forest,3,3,198,1,1.0,1,0.425,1
main_scaled,Random Forest,3,3,205,1,0.65,1,0.425,1
main_scaled,Random Forest,3,3,209,0,0.3875,0,0.425,0
main_scaled,Random Forest,3,3,210,1,1.0,1,0.425,1
main_scaled,Random Forest,3,3,211,0,0.0,0,0.425,0
main_scaled,Random Forest,3,3,216,0,0.0,0,0.425,0
main_scaled,Random Forest,3,3,218,1,1.0,1,0.425,1
main_scaled,Random Forest,3,3,236,1,1.0,1,0.425,1
main_scaled,Random Forest,3,3,239,1,1.0,1,0.425,1
main_scaled,Random Forest,3,3,241,0,0.0625,0,0.425,0
main_scaled,Random Forest,3,3,245,0,0.0125,0,0.425,0
main_scaled,Random Forest,3,3,249,0,0.0,0,0.425,0
main_scaled,Random Forest,3,3,252,1,1.0,1,0.425,1
main_scaled,Random Forest,3,3,255,1,0.275,0,0.425,0
main_scaled,Random Forest,3,3,261,1,0.8625,1,0.425,1
main_scaled,Random Forest,3,3,267,0,0.025,0,0.425,0
main_scaled,Random Forest,3,3,269,0,0.0,0,0.425,0
main_scaled,Random Forest,3,3,278,0,0.025,0,0.425,0
main_scaled,Random Forest,3,3,284,0,0.0125,0,0.425,0
main_scaled,Random Forest,3,3,285,0,0.0,0,0.425,0
main_scaled,Random Forest,3,3,300,1,1.0,1,0.425,1
main_scaled,Random Forest,3,3,304,0,0.0,0,0.425,0
main_scaled,Random Forest,3,3,308,0,0.05,0,0.425,0
main_scaled,Random Forest,3,3,312,0,0.0,0,0.425,0
main_scaled,Random Forest,3,3,316,0,0.0125,0,0.425,0
main_scaled,Random Forest,3,3,319,0,0.0375,0,0.425,0
main_scaled,Random Forest,3,3,323,1,1.0,1,0.425,1
main_scaled,Random Forest,3,3,324,0,0.0,0,0.425,0
main_scaled,Random Forest,3,3,328,1,1.0,1,0.425,1
main_scaled,Random Forest,3,3,330,1,0.9625,1,0.425,1
main_scaled,Random Forest,3,3,333,0,0.0,0,0.425,0
main_scaled,Random Forest,3,3,346,0,0.0125,0,0.425,0
main_scaled,Random Forest,3,3,361,0,0.0,0,0.425,0
main_scaled,Random Forest,3,3,364,0,0.0,0,0.425,0
main_scaled,Random Forest,3,3,367,0,0.0125,0,0.425,0
main_scaled,Random Forest,3,3,373,1,1.0,1,0.425,1
main_scaled,Random Forest,3,3,375,0,0.4,0,0.425,0
main_scaled,Random Forest,3,3,376,0,0.2625,0,0.425,0
main_scaled,Random Forest,3,3,377,0,0.1125,0,0.425,0
main_scaled,Random Forest,3,3,378,0,0.025,0,0.425,0
main_scaled,Random Forest,3,3,393,1,1.0,1,0.425,1
main_scaled,Random Forest,3,3,395,0,0.0,0,0.425,0
main_scaled,Random Forest,3,3,401,0,0.0,0,0.425,0
main_scaled,Random Forest,3,3,402,0,0.0,0,0.425,0
main_scaled,Random Forest,3,3,404,0,0.0,0,0.425,0
main_scaled,Random Forest,3,3,405,0,0.0,0,0.425,0
main_scaled,Random Forest,3,3,406,0,0.6,1,0.425,1
main_scaled,Random Forest,3,3,408,1,1.0,1,0.425,1
main_scaled,Random Forest,3,3,411,0,0.0,0,0.425,0
main_scaled,Random Forest,3,3,415,0,0.0,0,0.425,0
main_scaled,Random Forest,3,3,425,0,0.0,0,0.425,0
main_scaled,Random Forest,3,3,426,0,0.0125,0,0.425,0
main_scaled,Random Forest,3,3,435,1,0.8375,1,0.425,1
main_scaled,Random Forest,3,3,459,0,0.0125,0,0.425,0
main_scaled,Random Forest,3,3,474,0,0.0625,0,0.425,0
main_scaled,Random Forest,3,3,475,0,0.0125,0,0.425,0
main_scaled,Random Forest,3,3,483,0,0.0875,0,0.425,0
main_scaled,Random Forest,3,3,487,1,1.0,1,0.425,1
main_scaled,Random Forest,3,3,493,0,0.0,0,0.425,0
main_scaled,Random Forest,3,3,497,0,0.0125,0,0.425,0
main_scaled,Random Forest,3,3,498,1,1.0,1,0.425,1
main_scaled,Random Forest,3,3,500,0,0.225,0,0.425,0
main_scaled,Random Forest,3,3,509,1,0.975,1,0.425,1
main_scaled,Random Forest,3,3,525,0,0.0125,0,0.425,0
main_scaled,Random Forest,3,3,530,0,0.0,0,0.425,0
main_scaled,Random Forest,3,3,532,0,0.0,0,0.425,0
main_scaled,Random Forest,3,3,533,1,1.0,1,0.425,1
main_scaled,Random Forest,3,3,534,0,0.0,0,0.425,0
main_scaled,Random Forest,3,3,543,0,0.025,0,0.425,0
main_scaled,Random Forest,3,3,546,0,0.0,0,0.425,0
main_scaled,Random Forest,3,3,549,0,0.0125,0,0.425,0
main_scaled,Random Forest,3,3,551,0,0.0125,0,0.425,0
main_scaled,Random Forest,3,3,553,0,0.0,0,0.425,0
main_scaled,Random Forest,3,3,555,0,0.05,0,0.425,0
main_scaled,Random Forest,3,3,567,1,1.0,1,0.425,1
main_scaled,Random Forest,3,3,568,0,0.0,0,0.425,0
main_scaled,Random Forest,3,4,2,1,1.0,1,0.425,1
main_scaled,Random Forest,3,4,7,1,0.9375,1,0.425,1
main_scaled,Random Forest,3,4,13,1,0.7,1,0.425,1
main_scaled,Random Forest,3,4,17,1,1.0,1,0.425,1
main_scaled,Random Forest,3,4,19,0,0.05,0,0.425,0
main_scaled,Random Forest,3,4,20,0,0.0,0,0.425,0
main_scaled,Random Forest,3,4,21,0,0.0,0,0.425,0
main_scaled,Random Forest,3,4,22,1,0.9625,1,0.425,1
main_scaled,Random Forest,3,4,28,1,1.0,1,0.425,1
main_scaled,Random Forest,3,4,37,0,0.0125,0,0.425,0
main_scaled,Random Forest,3,4,39,1,0.675,1,0.425,1
main_scaled,Random Forest,3,4,44,1,0.425,0,0.425,1
main_scaled,Random Forest,3,4,46,0,0.0,0,0.425,0
main_scaled,Random Forest,3,4,48,0,0.025,0,0.425,0
main_scaled,Random Forest,3,4,58,0,0.0,0,0.425,0
main_scaled,Random Forest,3,4,63,0,0.0,0,0.425,0
main_scaled,Random Forest,3,4,68,0,0.2625,0,0.425,0
main_scaled,Random Forest,3,4,72,1,1.0,1,0.425,1
main_scaled,Random Forest,3,4,82,1,1.0,1,0.425,1
main_scaled,Random Forest,3,4,87,1,1.0,1,0.425,1
main_scaled,Random Forest,3,4,95,1,1.0,1,0.425,1
main_scaled,Random Forest,3,4,97,0,0.0,0,0.425,0
main_scaled,Random Forest,3,4,98,0,0.0125,0,0.425,0
main_scaled,Random Forest,3,4,103,0,0.0,0,0.425,0
main_scaled,Random Forest,3,4,113,0,0.0125,0,0.425,0
main_scaled,Random Forest,3,4,127,1,0.95,1,0.425,1
main_scaled,Random Forest,3,4,132,1,0.9625,1,0.425,1
main_scaled,Random Forest,3,4,141,1,0.875,1,0.425,1
main_scaled,Random Forest,3,4,143,0,0.0125,0,0.425,0
main_scaled,Random Forest,3,4,147,0,0.175,0,0.425,0
main_scaled,Random Forest,3,4,150,0,0.0125,0,0.425,0
main_scaled,Random Forest,3,4,152,0,0.35,0,0.425,0
main_scaled,Random Forest,3,4,153,0,0.0,0,0.425,0
main_scaled,Random Forest,3,4,155,0,0.0,0,0.425,0
main_scaled,Random Forest,3,4,160,0,0.0375,0,0.425,0
main_scaled,Random Forest,3,4,165,0,0.025,0,0.425,0
main_scaled,Random Forest,3,4,173,0,0.0,0,0.425,0
main_scaled,Random Forest,3,4,182,1,0.925,1,0.425,1
main_scaled,Random Forest,3,4,184,1,0.675,1,0.425,1
main_scaled,Random Forest,3,4,186,1,0.825,1,0.425,1
main_scaled,Random Forest,3,4,187,0,0.025,0,0.425,0
main_scaled,Random Forest,3,4,213,1,0.8125,1,0.425,1
main_scaled,Random Forest,3,4,214,1,0.9875,1,0.425,1
main_scaled,Random Forest,3,4,217,0,0.0,0,0.425,0
main_scaled,Random Forest,3,4,221,0,0.0,0,0.425,0
main_scaled,Random Forest,3,4,232,0,0.025,0,0.425,0
main_scaled,Random Forest,3,4,235,0,0.025,0,0.425,0
main_scaled,Random Forest,3,4,238,0,0.3625,0,0.425,0
main_scaled,Random Forest,3,4,240,0,0.0125,0,0.425,0
main_scaled,Random Forest,3,4,246,0,0.0375,0,0.425,0
main_scaled,Random Forest,3,4,254,1,1.0,1,0.425,1
main_scaled,Random Forest,3,4,256,1,1.0,1,0.425,1
main_scaled,Random Forest,3,4,257,1,0.9875,1,0.425,1
main_scaled,Random Forest,3,4,262,1,0.9875,1,0.425,1
main_scaled,Random Forest,3,4,265,1,1.0,1,0.425,1
main_scaled,Random Forest,3,4,266,0,0.0,0,0.425,0
main_scaled,Random Forest,3,4,271,0,0.025,0,0.425,0
main_scaled,Random Forest,3,4,273,0,0.0,0,0.425,0
main_scaled,Random Forest,3,4,275,0,0.075,0,0.425,0
main_scaled,Random Forest,3,4,277,1,0.8625,1,0.425,1
main_scaled,Random Forest,3,4,279,0,0.0,0,0.425,0
main_scaled,Random Forest,3,4,282,1,1.0,1,0.425,1
main_scaled,Random Forest,3,4,286,0,0.0375,0,0.425,0
main_scaled,Random Forest,3,4,290,0,0.225,0,0.425,0
main_scaled,Random Forest,3,4,297,1,0.0625,0,0.425,0
main_scaled,Random Forest,3,4,315,0,0.0,0,0.425,0
main_scaled,Random Forest,3,4,320,0,0.0,0,0.425,0
main_scaled,Random Forest,3,4,321,1,0.925,1,0.425,1
main_scaled,Random Forest,3,4,335,1,1.0,1,0.425,1
main_scaled,Random Forest,3,4,336,0,0.0,0,0.425,0
main_scaled,Random Forest,3,4,339,1,1.0,1,0.425,1
main_scaled,Random Forest,3,4,342,0,0.0125,0,0.425,0
main_scaled,Random Forest,3,4,343,1,1.0,1,0.425,1
main_scaled,Random Forest,3,4,344,0,0.0,0,0.425,0
main_scaled,Random Forest,3,4,360,0,0.075,0,0.425,0
main_scaled,Random Forest,3,4,365,1,1.0,1,0.425,1
main_scaled,Random Forest,3,4,372,1,0.9625,1,0.425,1
main_scaled,Random Forest,3,4,382,0,0.0,0,0.425,0
main_scaled,Random Forest,3,4,419,0,0.0,0,0.425,0
main_scaled,Random Forest,3,4,430,1,0.9375,1,0.425,1
main_scaled,Random Forest,3,4,433,1,1.0,1,0.425,1
main_scaled,Random Forest,3,4,434,0,0.0125,0,0.425,0
main_scaled,Random Forest,3,4,436,0,0.0,0,0.425,0
main_scaled,Random Forest,3,4,439,0,0.0,0,0.425,0
main_scaled,Random Forest,3,4,443,0,0.0,0,0.425,0
main_scaled,Random Forest,3,4,446,1,1.0,1,0.425,1
main_scaled,Random Forest,3,4,447,0,0.05,0,0.425,0
main_scaled,Random Forest,3,4,452,0,0.0,0,0.425,0
main_scaled,Random Forest,3,4,453,0,0.05,0,0.425,0
main_scaled,Random Forest,3,4,457,0,0.025,0,0.425,0
main_scaled,Random Forest,3,4,465,0,0.4375,0,0.425,1
main_scaled,Random Forest,3,4,466,0,0.1875,0,0.425,0
main_scaled,Random Forest,3,4,480,0,0.0,0,0.425,0
main_scaled,Random Forest,3,4,481,0,0.1125,0,0.425,0
main_scaled,Random Forest,3,4,484,0,0.5125,1,0.425,1
main_scaled,Random Forest,3,4,485,0,0.1625,0,0.425,0
main_scaled,Random Forest,3,4,499,1,1.0,1,0.425,1
main_scaled,Random Forest,3,4,501,1,0.925,1,0.425,1
main_scaled,Random Forest,3,4,504,0,0.1375,0,0.425,0
main_scaled,Random Forest,3,4,505,0,0.2375,0,0.425,0
main_scaled,Random Forest,3,4,507,0,0.025,0,0.425,0
main_scaled,Random Forest,3,4,512,1,0.9125,1,0.425,1
main_scaled,Random Forest,3,4,516,1,1.0,1,0.425,1
main_scaled,Random Forest,3,4,519,0,0.0125,0,0.425,0
main_scaled,Random Forest,3,4,523,0,0.0375,0,0.425,0
main_scaled,Random Forest,3,4,527,0,0.0125,0,0.425,0
main_scaled,Random Forest,3,4,528,0,0.15,0,0.425,0
main_scaled,Random Forest,3,4,531,0,0.0125,0,0.425,0
main_scaled,Random Forest,3,4,539,0,0.025,0,0.425,0
main_scaled,Random Forest,3,4,541,0,0.5,1,0.425,1
main_scaled,Random Forest,3,4,545,0,0.0375,0,0.425,0
main_scaled,Random Forest,3,4,547,0,0.0,0,0.425,0
main_scaled,Random Forest,3,4,556,0,0.0,0,0.425,0
main_scaled,Random Forest,3,4,564,1,1.0,1,0.425,1
main_scaled,Random Forest,3,5,8,1,0.9375,1,0.375,1
main_scaled,Random Forest,3,5,9,1,0.8,1,0.375,1
main_scaled,Random Forest,3,5,12,1,0.925,1,0.375,1
main_scaled,Random Forest,3,5,15,1,0.9875,1,0.375,1
main_scaled,Random Forest,3,5,24,1,1.0,1,0.375,1
main_scaled,Random Forest,3,5,25,1,0.9875,1,0.375,1
main_scaled,Random Forest,3,5,29,1,0.8875,1,0.375,1
main_scaled,Random Forest,3,5,31,1,0.8875,1,0.375,1
main_scaled,Random Forest,3,5,33,1,1.0,1,0.375,1
main_scaled,Random Forest,3,5,34,1,1.0,1,0.375,1
main_scaled,Random Forest,3,5,35,1,1.0,1,0.375,1
main_scaled,Random Forest,3,5,36,1,0.8375,1,0.375,1
main_scaled,Random Forest,3,5,41,1,0.4,0,0.375,1
main_scaled,Random Forest,3,5,45,1,1.0,1,0.375,1
main_scaled,Random Forest,3,5,49,0,0.075,0,0.375,0
main_scaled,Random Forest,3,5,50,0,0.0,0,0.375,0
main_scaled,Random Forest,3,5,54,1,0.95,1,0.375,1
main_scaled,Random Forest,3,5,64,1,0.975,1,0.375,1
main_scaled,Random Forest,3,5,66,0,0.0,0,0.375,0
main_scaled,Random Forest,3,5,76,0,0.0375,0,0.375,0
main_scaled,Random Forest,3,5,85,1,1.0,1,0.375,1
main_scaled,Random Forest,3,5,89,0,0.35,0,0.375,0
main_scaled,Random Forest,3,5,102,0,0.0,0,0.375,0
main_scaled,Random Forest,3,5,105,1,0.825,1,0.375,1
main_scaled,Random Forest,3,5,106,0,0.0125,0,0.375,0
main_scaled,Random Forest,3,5,109,0,0.0,0,0.375,0
main_scaled,Random Forest,3,5,117,1,0.9625,1,0.375,1
main_scaled,Random Forest,3,5,125,0,0.0,0,0.375,0
main_scaled,Random Forest,3,5,131,1,1.0,1,0.375,1
main_scaled,Random Forest,3,5,133,0,0.475,0,0.375,1
main_scaled,Random Forest,3,5,137,0,0.0,0,0.375,0
main_scaled,Random Forest,3,5,146,1,0.525,1,0.375,1
main_scaled,Random Forest,3,5,167,1,0.975,1,0.375,1
main_scaled,Random Forest,3,5,168,1,1.0,1,0.375,1
main_scaled,Random Forest,3,5,169,0,0.05,0,0.375,0
main_scaled,Random Forest,3,5,172,1,0.8875,1,0.375,1
main_scaled,Random Forest,3,5,179,0,0.0125,0,0.375,0
main_scaled,Random Forest,3,5,183,0,0.0,0,0.375,0
main_scaled,Random Forest,3,5,189,0,0.0,0,0.375,0
main_scaled,Random Forest,3,5,196,1,0.85,1,0.375,1
main_scaled,Random Forest,3,5,199,1,0.9,1,0.375,1
main_scaled,Random Forest,3,5,204,0,0.0,0,0.375,0
main_scaled,Random Forest,3,5,207,1,0.8,1,0.375,1
main_scaled,Random Forest,3,5,208,0,0.2875,0,0.375,0
main_scaled,Random Forest,3,5,226,0,0.0,0,0.375,0
main_scaled,Random Forest,3,5,227,0,0.225,0,0.375,0
main_scaled,Random Forest,3,5,230,1,1.0,1,0.375,1
main_scaled,Random Forest,3,5,231,0,0.025,0,0.375,0
main_scaled,Random Forest,3,5,234,0,0.0,0,0.375,0
main_scaled,Random Forest,3,5,242,0,0.0875,0,0.375,0
main_scaled,Random Forest,3,5,244,1,1.0,1,0.375,1
main_scaled,Random Forest,3,5,253,1,1.0,1,0.375,1
main_scaled,Random Forest,3,5,268,0,0.0,0,0.375,0
main_scaled,Random Forest,3,5,270,0,0.0125,0,0.375,0
main_scaled,Random Forest,3,5,276,0,0.0,0,0.375,0
main_scaled,Random Forest,3,5,280,1,1.0,1,0.375,1
main_scaled,Random Forest,3,5,281,0,0.0375,0,0.375,0
main_scaled,Random Forest,3,5,283,1,1.0,1,0.375,1
main_scaled,Random Forest,3,5,287,0,0.0,0,0.375,0
main_scaled,Random Forest,3,5,293,0,0.0,0,0.375,0
main_scaled,Random Forest,3,5,299,0,0.0,0,0.375,0
main_scaled,Random Forest,3,5,301,0,0.0,0,0.375,0
main_scaled,Random Forest,3,5,302,1,1.0,1,0.375,1
main_scaled,Random Forest,3,5,305,0,0.0,0,0.375,0
main_scaled,Random Forest,3,5,307,0,0.0,0,0.375,0
main_scaled,Random Forest,3,5,311,0,0.0875,0,0.375,0
main_scaled,Random Forest,3,5,313,0,0.0,0,0.375,0
main_scaled,Random Forest,3,5,314,0,0.0125,0,0.375,0
main_scaled,Random Forest,3,5,329,1,0.875,1,0.375,1
main_scaled,Random Forest,3,5,334,0,0.0,0,0.375,0
main_scaled,Random Forest,3,5,338,0,0.0,0,0.375,0
main_scaled,Random Forest,3,5,340,0,0.3375,0,0.375,0
main_scaled,Random Forest,3,5,348,0,0.0,0,0.375,0
main_scaled,Random Forest,3,5,349,0,0.0,0,0.375,0
main_scaled,Random Forest,3,5,351,1,0.9875,1,0.375,1
main_scaled,Random Forest,3,5,353,1,0.975,1,0.375,1
main_scaled,Random Forest,3,5,354,0,0.0,0,0.375,0
main_scaled,Random Forest,3,5,355,0,0.0125,0,0.375,0
main_scaled,Random Forest,3,5,356,0,0.1125,0,0.375,0
main_scaled,Random Forest,3,5,363,0,0.7625,1,0.375,1
main_scaled,Random Forest,3,5,383,0,0.0375,0,0.375,0
main_scaled,Random Forest,3,5,385,1,0.375,0,0.375,1
main_scaled,Random Forest,3,5,388,0,0.0,0,0.375,0
main_scaled,Random Forest,3,5,389,1,1.0,1,0.375,1
main_scaled,Random Forest,3,5,390,0,0.0,0,0.375,0
main_scaled,Random Forest,3,5,392,1,1.0,1,0.375,1
main_scaled,Random Forest,3,5,394,0,0.0125,0,0.375,0
main_scaled,Random Forest,3,5,396,0,0.2875,0,0.375,0
main_scaled,Random Forest,3,5,407,0,0.0875,0,0.375,0
main_scaled,Random Forest,3,5,409,0,0.025,0,0.375,0
main_scaled,Random Forest,3,5,420,0,0.0,0,0.375,0
main_scaled,Random Forest,3,5,427,0,0.0,0,0.375,0
main_scaled,Random Forest,3,5,428,0,0.0,0,0.375,0
main_scaled,Random Forest,3,5,431,0,0.0,0,0.375,0
main_scaled,Random Forest,3,5,441,1,1.0,1,0.375,1
main_scaled,Random Forest,3,5,442,0,0.0,0,0.375,0
main_scaled,Random Forest,3,5,450,0,0.0,0,0.375,0
main_scaled,Random Forest,3,5,463,0,0.0,0,0.375,0
main_scaled,Random Forest,3,5,470,0,0.0,0,0.375,0
main_scaled,Random Forest,3,5,471,0,0.175,0,0.375,0
main_scaled,Random Forest,3,5,477,0,0.0375,0,0.375,0
main_scaled,Random Forest,3,5,490,0,0.0125,0,0.375,0
main_scaled,Random Forest,3,5,491,0,0.6125,1,0.375,1
main_scaled,Random Forest,3,5,494,0,0.025,0,0.375,0
main_scaled,Random Forest,3,5,502,0,0.0,0,0.375,0
main_scaled,Random Forest,3,5,511,0,0.0,0,0.375,0
main_scaled,Random Forest,3,5,521,1,1.0,1,0.375,1
main_scaled,Random Forest,3,5,524,0,0.0125,0,0.375,0
main_scaled,Random Forest,3,5,526,0,0.175,0,0.375,0
main_scaled,Random Forest,3,5,529,0,0.0,0,0.375,0
main_scaled,Random Forest,3,5,557,0,0.0375,0,0.375,0
main_scaled,Random Forest,3,5,558,0,0.1125,0,0.375,0
main_scaled,Random Forest,3,5,562,1,0.975,1,0.375,1
main_scaled,RBF SVM,1,1,5,1,0.8804103609604726,1,0.3592986300193825,1
main_scaled,RBF SVM,1,1,18,1,0.9999999999814438,1,0.3592986300193825,1
main_scaled,RBF SVM,1,1,26,1,0.9999926484106808,1,0.3592986300193825,1
main_scaled,RBF SVM,1,1,29,1,0.9006257058315724,1,0.3592986300193825,1
main_scaled,RBF SVM,1,1,34,1,0.9999856856143376,1,0.3592986300193825,1
main_scaled,RBF SVM,1,1,36,1,0.9674931085114575,1,0.3592986300193825,1
main_scaled,RBF SVM,1,1,39,1,0.8693355482395245,1,0.3592986300193825,1
main_scaled,RBF SVM,1,1,40,1,0.1687353551955125,0,0.3592986300193825,0
main_scaled,RBF SVM,1,1,50,0,0.003845336771788008,0,0.3592986300193825,0
main_scaled,RBF SVM,1,1,52,0,0.0019417184882578773,0,0.3592986300193825,0
main_scaled,RBF SVM,1,1,56,1,0.9999999994719563,1,0.3592986300193825,1
main_scaled,RBF SVM,1,1,64,1,0.9954042115472754,1,0.3592986300193825,1
main_scaled,RBF SVM,1,1,65,1,0.9950201093279395,1,0.3592986300193825,1
main_scaled,RBF SVM,1,1,70,1,0.9999999494735405,1,0.3592986300193825,1
main_scaled,RBF SVM,1,1,71,0,0.001384447213616841,0,0.3592986300193825,0
main_scaled,RBF SVM,1,1,76,0,0.0011394463412707839,0,0.3592986300193825,0
main_scaled,RBF SVM,1,1,86,1,0.8767242373682252,1,0.3592986300193825,1
main_scaled,RBF SVM,1,1,94,1,0.9949162083531762,1,0.3592986300193825,1
main_scaled,RBF SVM,1,1,100,1,0.9309736444730663,1,0.3592986300193825,1
main_scaled,RBF SVM,1,1,101,0,0.000154447689785212,0,0.3592986300193825,0
main_scaled,RBF SVM,1,1,104,0,0.00036549942221948483,0,0.3592986300193825,0
main_scaled,RBF SVM,1,1,110,0,0.000609848278222354,0,0.3592986300193825,0
main_scaled,RBF SVM,1,1,115,0,0.008978820489369087,0,0.3592986300193825,0
main_scaled,RBF SVM,1,1,121,1,0.9999994551914322,1,0.3592986300193825,1
main_scaled,RBF SVM,1,1,131,1,0.9961465713162725,1,0.3592986300193825,1
main_scaled,RBF SVM,1,1,133,0,0.076952299152651,0,0.3592986300193825,0
main_scaled,RBF SVM,1,1,137,0,0.0006361900362904582,0,0.3592986300193825,0
main_scaled,RBF SVM,1,1,145,0,0.00022211417989516022,0,0.3592986300193825,0
main_scaled,RBF SVM,1,1,156,1,0.9999953304411384,1,0.3592986300193825,1
main_scaled,RBF SVM,1,1,170,0,0.0010484318622687964,0,0.3592986300193825,0
main_scaled,RBF SVM,1,1,172,1,0.9305196046271693,1,0.3592986300193825,1
main_scaled,RBF SVM,1,1,173,0,0.00014039529990108205,0,0.3592986300193825,0
main_scaled,RBF SVM,1,1,182,1,0.9937814808542486,1,0.3592986300193825,1
main_scaled,RBF SVM,1,1,184,1,0.7556530832014412,1,0.3592986300193825,1
main_scaled,RBF SVM,1,1,186,1,0.9923634360445259,1,0.3592986300193825,1
main_scaled,RBF SVM,1,1,191,0,0.013854458682577696,0,0.3592986300193825,0
main_scaled,RBF SVM,1,1,203,1,0.9999999397058418,1,0.3592986300193825,1
main_scaled,RBF SVM,1,1,207,1,0.9805057666293939,1,0.3592986300193825,1
main_scaled,RBF SVM,1,1,208,0,0.28477651569382706,0,0.3592986300193825,0
main_scaled,RBF SVM,1,1,212,1,0.850498412953304,1,0.3592986300193825,1
main_scaled,RBF SVM,1,1,214,1,0.996002197919807,1,0.3592986300193825,1
main_scaled,RBF SVM,1,1,227,0,0.03462529936378791,0,0.3592986300193825,0
main_scaled,RBF SVM,1,1,231,0,0.004758120881997105,0,0.3592986300193825,0
main_scaled,RBF SVM,1,1,234,0,0.0007432936808209238,0,0.3592986300193825,0
main_scaled,RBF SVM,1,1,241,0,0.0009972007902532374,0,0.3592986300193825,0
main_scaled,RBF SVM,1,1,246,0,0.004640532320696845,0,0.3592986300193825,0
main_scaled,RBF SVM,1,1,248,0,0.05335296208693526,0,0.3592986300193825,0
main_scaled,RBF SVM,1,1,251,0,0.004135619598643144,0,0.3592986300193825,0
main_scaled,RBF SVM,1,1,252,1,0.9999999496722234,1,0.3592986300193825,1
main_scaled,RBF SVM,1,1,255,1,0.3592986300193825,0,0.3592986300193825,1
main_scaled,RBF SVM,1,1,258,1,0.9999943222735639,1,0.3592986300193825,1
main_scaled,RBF SVM,1,1,266,0,0.0015596157496639948,0,0.3592986300193825,0
main_scaled,RBF SVM,1,1,293,0,0.009011753830937245,0,0.3592986300193825,0
main_scaled,RBF SVM,1,1,305,0,0.004229255174567641,0,0.3592986300193825,0
main_scaled,RBF SVM,1,1,306,0,0.001141591781104658,0,0.3592986300193825,0
main_scaled,RBF SVM,1,1,317,1,0.9999940565254798,1,0.3592986300193825,1
main_scaled,RBF SVM,1,1,319,0,0.0005468418416713653,0,0.3592986300193825,0
main_scaled,RBF SVM,1,1,326,0,0.00153893768524228,0,0.3592986300193825,0
main_scaled,RBF SVM,1,1,328,1,0.9999960277339862,1,0.3592986300193825,1
main_scaled,RBF SVM,1,1,329,1,0.9304503591225322,1,0.3592986300193825,1
main_scaled,RBF SVM,1,1,330,1,0.9313799223891178,1,0.3592986300193825,1
main_scaled,RBF SVM,1,1,334,0,0.0024493574974156006,0,0.3592986300193825,0
main_scaled,RBF SVM,1,1,338,0,0.0012155898498921439,0,0.3592986300193825,0
main_scaled,RBF SVM,1,1,341,0,0.0005589612582098983,0,0.3592986300193825,0
main_scaled,RBF SVM,1,1,342,0,0.0018462436570120264,0,0.3592986300193825,0
main_scaled,RBF SVM,1,1,343,1,0.9999999959915934,1,0.3592986300193825,1
main_scaled,RBF SVM,1,1,365,1,0.9999999123766867,1,0.3592986300193825,1
main_scaled,RBF SVM,1,1,370,1,0.9999999570861016,1,0.3592986300193825,1
main_scaled,RBF SVM,1,1,372,1,0.9947205395404086,1,0.3592986300193825,1
main_scaled,RBF SVM,1,1,375,0,0.05502711416694674,0,0.3592986300193825,0
main_scaled,RBF SVM,1,1,376,0,0.010076464193266398,0,0.3592986300193825,0
main_scaled,RBF SVM,1,1,388,0,0.00031716512185111297,0,0.3592986300193825,0
main_scaled,RBF SVM,1,1,392,1,0.9999999543142137,1,0.3592986300193825,1
main_scaled,RBF SVM,1,1,395,0,0.0036550474759427538,0,0.3592986300193825,0
main_scaled,RBF SVM,1,1,397,0,0.0012966716246189016,0,0.3592986300193825,0
main_scaled,RBF SVM,1,1,401,0,0.0016038422650218593,0,0.3592986300193825,0
main_scaled,RBF SVM,1,1,403,0,0.002915457215165612,0,0.3592986300193825,0
main_scaled,RBF SVM,1,1,407,0,0.002091734393194634,0,0.3592986300193825,0
main_scaled,RBF SVM,1,1,413,0,0.4746145327284165,0,0.3592986300193825,1
main_scaled,RBF SVM,1,1,417,1,0.9999999395617551,1,0.3592986300193825,1
main_scaled,RBF SVM,1,1,420,0,0.00793371382752008,0,0.3592986300193825,0
main_scaled,RBF SVM,1,1,428,0,0.00019286964006509552,0,0.3592986300193825,0
main_scaled,RBF SVM,1,1,430,1,0.9880282548536495,1,0.3592986300193825,1
main_scaled,RBF SVM,1,1,435,1,0.9745473268531245,1,0.3592986300193825,1
main_scaled,RBF SVM,1,1,437,0,0.0223229863427259,0,0.3592986300193825,0
main_scaled,RBF SVM,1,1,440,0,0.01567435731012487,0,0.3592986300193825,0
main_scaled,RBF SVM,1,1,450,0,0.00042906742201273107,0,0.3592986300193825,0
main_scaled,RBF SVM,1,1,456,0,0.159741846445282,0,0.3592986300193825,0
main_scaled,RBF SVM,1,1,464,0,0.02267429885711446,0,0.3592986300193825,0
main_scaled,RBF SVM,1,1,465,0,0.06830887520168084,0,0.3592986300193825,0
main_scaled,RBF SVM,1,1,466,0,0.1716927559099565,0,0.3592986300193825,0
main_scaled,RBF SVM,1,1,467,0,0.0015045538464474595,0,0.3592986300193825,0
main_scaled,RBF SVM,1,1,469,0,0.2046410262415287,0,0.3592986300193825,0
main_scaled,RBF SVM,1,1,472,0,0.029058320337258525,0,0.3592986300193825,0
main_scaled,RBF SVM,1,1,477,0,0.004015610517043111,0,0.3592986300193825,0
main_scaled,RBF SVM,1,1,482,0,0.011760195363890632,0,0.3592986300193825,0
main_scaled,RBF SVM,1,1,486,0,0.03517569149757794,0,0.3592986300193825,0
main_scaled,RBF SVM,1,1,488,0,0.009472557722644732,0,0.3592986300193825,0
main_scaled,RBF SVM,1,1,490,0,0.03821501164883432,0,0.3592986300193825,0
main_scaled,RBF SVM,1,1,501,1,0.9746297725508544,1,0.3592986300193825,1
main_scaled,RBF SVM,1,1,511,0,0.004791232470351415,0,0.3592986300193825,0
main_scaled,RBF SVM,1,1,519,0,0.012495039656874946,0,0.3592986300193825,0
main_scaled,RBF SVM,1,1,523,0,0.060846813267771034,0,0.3592986300193825,0
main_scaled,RBF SVM,1,1,526,0,0.36434600930671907,0,0.3592986300193825,1
main_scaled,RBF SVM,1,1,528,0,0.0353812993767054,0,0.3592986300193825,0
main_scaled,RBF SVM,1,1,529,0,0.0014185667195706073,0,0.3592986300193825,0
main_scaled,RBF SVM,1,1,535,1,0.9999999927651763,1,0.3592986300193825,1
main_scaled,RBF SVM,1,1,542,0,0.36023823978176084,0,0.3592986300193825,1
main_scaled,RBF SVM,1,1,549,0,0.014313060009653114,0,0.3592986300193825,0
main_scaled,RBF SVM,1,1,552,0,0.08125406947724242,0,0.3592986300193825,0
main_scaled,RBF SVM,1,1,554,0,0.08811840898535539,0,0.3592986300193825,0
main_scaled,RBF SVM,1,1,555,0,0.008682738459248438,0,0.3592986300193825,0
main_scaled,RBF SVM,1,1,558,0,0.02582737813691257,0,0.3592986300193825,0
main_scaled,RBF SVM,1,1,568,0,0.0019251748527249254,0,0.3592986300193825,0
main_scaled,RBF SVM,1,2,14,1,0.9903593521949847,1,0.4304306818841427,1
main_scaled,RBF SVM,1,2,31,1,0.9918684737189213,1,0.4304306818841427,1
main_scaled,RBF SVM,1,2,32,1,0.9999999997102635,1,0.4304306818841427,1
main_scaled,RBF SVM,1,2,33,1,0.9999999998283222,1,0.4304306818841427,1
main_scaled,RBF SVM,1,2,37,0,0.0006840798284238635,0,0.4304306818841427,0
main_scaled,RBF SVM,1,2,41,1,0.6734444963662662,1,0.4304306818841427,1
main_scaled,RBF SVM,1,2,44,1,0.8196571084332838,1,0.4304306818841427,1
main_scaled,RBF SVM,1,2,51,0,0.0017135432789174014,0,0.4304306818841427,0
main_scaled,RBF SVM,1,2,68,0,0.6887507804364954,1,0.4304306818841427,1
main_scaled,RBF SVM,1,2,75,1,0.9999869588224406,1,0.4304306818841427,1
main_scaled,RBF SVM,1,2,91,1,0.6402464019407723,1,0.4304306818841427,1
main_scaled,RBF SVM,1,2,93,0,0.014872430048390898,0,0.4304306818841427,0
main_scaled,RBF SVM,1,2,103,0,0.0018965793937066433,0,0.4304306818841427,0
main_scaled,RBF SVM,1,2,107,0,0.002485303367168807,0,0.4304306818841427,0
main_scaled,RBF SVM,1,2,117,1,0.9999991634971812,1,0.4304306818841427,1
main_scaled,RBF SVM,1,2,126,1,0.8546338039866301,1,0.4304306818841427,1
main_scaled,RBF SVM,1,2,130,0,0.0011706267554248148,0,0.4304306818841427,0
main_scaled,RBF SVM,1,2,132,1,0.9954122274003006,1,0.4304306818841427,1
main_scaled,RBF SVM,1,2,140,0,0.00012663831053144313,0,0.4304306818841427,0
main_scaled,RBF SVM,1,2,142,0,0.0008827327072885831,0,0.4304306818841427,0
main_scaled,RBF SVM,1,2,144,0,0.0001567215629542138,0,0.4304306818841427,0
main_scaled,RBF SVM,1,2,146,1,0.8895930331902946,1,0.4304306818841427,1
main_scaled,RBF SVM,1,2,149,0,0.002934341149390156,0,0.4304306818841427,0
main_scaled,RBF SVM,1,2,150,0,0.04607448729696239,0,0.4304306818841427,0
main_scaled,RBF SVM,1,2,152,0,0.8344157942063007,1,0.4304306818841427,1
main_scaled,RBF SVM,1,2,153,0,0.00023496067870077222,0,0.4304306818841427,0
main_scaled,RBF SVM,1,2,158,0,0.00037547392190520384,0,0.4304306818841427,0
main_scaled,RBF SVM,1,2,159,0,0.0003786555667301355,0,0.4304306818841427,0
main_scaled,RBF SVM,1,2,180,1,0.9999999972260346,1,0.4304306818841427,1
main_scaled,RBF SVM,1,2,181,1,0.9999999995789809,1,0.4304306818841427,1
main_scaled,RBF SVM,1,2,185,0,0.0014340141238510047,0,0.4304306818841427,0
main_scaled,RBF SVM,1,2,187,0,0.001656794737271961,0,0.4304306818841427,0
main_scaled,RBF SVM,1,2,188,0,0.0015852556341709807,0,0.4304306818841427,0
main_scaled,RBF SVM,1,2,190,1,0.9273679537059297,1,0.4304306818841427,1
main_scaled,RBF SVM,1,2,202,1,0.9999999998364237,1,0.4304306818841427,1
main_scaled,RBF SVM,1,2,206,0,0.0003463138818211278,0,0.4304306818841427,0
main_scaled,RBF SVM,1,2,211,0,0.0010068073312339617,0,0.4304306818841427,0
main_scaled,RBF SVM,1,2,216,0,0.011604802557603884,0,0.4304306818841427,0
main_scaled,RBF SVM,1,2,230,1,0.9999998725670278,1,0.4304306818841427,1
main_scaled,RBF SVM,1,2,243,0,0.024621784205536113,0,0.4304306818841427,0
main_scaled,RBF SVM,1,2,245,0,0.011291058414799982,0,0.4304306818841427,0
main_scaled,RBF SVM,1,2,256,1,0.9999999999308483,1,0.4304306818841427,1
main_scaled,RBF SVM,1,2,261,1,0.8997854830930138,1,0.4304306818841427,1
main_scaled,RBF SVM,1,2,268,0,0.004157345108866212,0,0.4304306818841427,0
main_scaled,RBF SVM,1,2,270,0,0.002351888550423899,0,0.4304306818841427,0
main_scaled,RBF SVM,1,2,272,1,0.9999999998280031,1,0.4304306818841427,1
main_scaled,RBF SVM,1,2,275,0,0.03665082522508518,0,0.4304306818841427,0
main_scaled,RBF SVM,1,2,276,0,0.00030447720839689674,0,0.4304306818841427,0
main_scaled,RBF SVM,1,2,281,0,0.002926647395812543,0,0.4304306818841427,0
main_scaled,RBF SVM,1,2,283,1,0.989438643853717,1,0.4304306818841427,1
main_scaled,RBF SVM,1,2,288,0,0.04370541120843233,0,0.4304306818841427,0
main_scaled,RBF SVM,1,2,289,0,0.0013046304393822931,0,0.4304306818841427,0
main_scaled,RBF SVM,1,2,292,0,0.0060831583607007375,0,0.4304306818841427,0
main_scaled,RBF SVM,1,2,296,0,3.811240417695447e-05,0,0.4304306818841427,0
main_scaled,RBF SVM,1,2,301,0,0.0013202750519672533,0,0.4304306818841427,0
main_scaled,RBF SVM,1,2,302,1,0.9999999994716885,1,0.4304306818841427,1
main_scaled,RBF SVM,1,2,304,0,0.0002536449845644304,0,0.4304306818841427,0
main_scaled,RBF SVM,1,2,323,1,0.9999999999375545,1,0.4304306818841427,1
main_scaled,RBF SVM,1,2,324,0,0.0010219596437577516,0,0.4304306818841427,0
main_scaled,RBF SVM,1,2,325,0,0.0015900276413273672,0,0.4304306818841427,0
main_scaled,RBF SVM,1,2,337,1,0.9999999996903206,1,0.4304306818841427,1
main_scaled,RBF SVM,1,2,344,0,0.002179062759309157,0,0.4304306818841427,0
main_scaled,RBF SVM,1,2,348,0,0.0009625145408459055,0,0.4304306818841427,0
main_scaled,RBF SVM,1,2,351,1,0.9963915994619009,1,0.4304306818841427,1
main_scaled,RBF SVM,1,2,357,0,0.003452068696104117,0,0.4304306818841427,0
main_scaled,RBF SVM,1,2,360,0,0.002267575892487443,0,0.4304306818841427,0
main_scaled,RBF SVM,1,2,366,1,0.9999999997992493,1,0.4304306818841427,1
main_scaled,RBF SVM,1,2,368,1,0.9999999990887751,1,0.4304306818841427,1
main_scaled,RBF SVM,1,2,378,0,0.004275280990195712,0,0.4304306818841427,0
main_scaled,RBF SVM,1,2,383,0,0.007960562445014637,0,0.4304306818841427,0
main_scaled,RBF SVM,1,2,384,0,0.001604605169795181,0,0.4304306818841427,0
main_scaled,RBF SVM,1,2,385,1,0.6499296830606051,1,0.4304306818841427,1
main_scaled,RBF SVM,1,2,390,0,0.00010571380791331464,0,0.4304306818841427,0
main_scaled,RBF SVM,1,2,393,1,0.9999999999861184,1,0.4304306818841427,1
main_scaled,RBF SVM,1,2,394,0,0.006462305759416165,0,0.4304306818841427,0
main_scaled,RBF SVM,1,2,396,0,0.12737714454116325,0,0.4304306818841427,0
main_scaled,RBF SVM,1,2,402,0,0.0013677014582924496,0,0.4304306818841427,0
main_scaled,RBF SVM,1,2,408,1,0.9999994315329117,1,0.4304306818841427,1
main_scaled,RBF SVM,1,2,423,0,0.05004793244695877,0,0.4304306818841427,0
main_scaled,RBF SVM,1,2,425,0,0.0003751240570227377,0,0.4304306818841427,0
main_scaled,RBF SVM,1,2,427,0,0.006933189713365723,0,0.4304306818841427,0
main_scaled,RBF SVM,1,2,429,0,0.0012866869495810698,0,0.4304306818841427,0
main_scaled,RBF SVM,1,2,432,1,0.9999999982013702,1,0.4304306818841427,1
main_scaled,RBF SVM,1,2,445,0,0.014004052142344828,0,0.4304306818841427,0
main_scaled,RBF SVM,1,2,452,0,0.010739427744900366,0,0.4304306818841427,0
main_scaled,RBF SVM,1,2,461,1,0.9730673702877406,1,0.4304306818841427,1
main_scaled,RBF SVM,1,2,462,0,0.05804880161097826,0,0.4304306818841427,0
main_scaled,RBF SVM,1,2,468,1,0.9999862224906383,1,0.4304306818841427,1
main_scaled,RBF SVM,1,2,473,0,0.03388539969862368,0,0.4304306818841427,0
main_scaled,RBF SVM,1,2,478,0,0.0006455328050122993,0,0.4304306818841427,0
main_scaled,RBF SVM,1,2,487,1,0.9999999999302822,1,0.4304306818841427,1
main_scaled,RBF SVM,1,2,489,1,0.771439824609485,1,0.4304306818841427,1
main_scaled,RBF SVM,1,2,491,0,0.36575654029451227,0,0.4304306818841427,0
main_scaled,RBF SVM,1,2,492,1,0.9999997946817619,1,0.4304306818841427,1
main_scaled,RBF SVM,1,2,497,0,0.004035157325195076,0,0.4304306818841427,0
main_scaled,RBF SVM,1,2,503,1,0.9999999993922766,1,0.4304306818841427,1
main_scaled,RBF SVM,1,2,509,1,0.9999959314561746,1,0.4304306818841427,1
main_scaled,RBF SVM,1,2,514,1,0.4304306818841427,0,0.4304306818841427,1
main_scaled,RBF SVM,1,2,515,0,0.002546377271034377,0,0.4304306818841427,0
main_scaled,RBF SVM,1,2,517,1,0.9999999842234066,1,0.4304306818841427,1
main_scaled,RBF SVM,1,2,524,0,0.00021524564612132775,0,0.4304306818841427,0
main_scaled,RBF SVM,1,2,525,0,0.0002552534586339543,0,0.4304306818841427,0
main_scaled,RBF SVM,1,2,532,0,0.006739476292793722,0,0.4304306818841427,0
main_scaled,RBF SVM,1,2,537,0,0.16202993937658147,0,0.4304306818841427,0
main_scaled,RBF SVM,1,2,538,0,0.0015299803800615695,0,0.4304306818841427,0
main_scaled,RBF SVM,1,2,544,0,0.004858194440123866,0,0.4304306818841427,0
main_scaled,RBF SVM,1,2,545,0,0.026082384540248808,0,0.4304306818841427,0
main_scaled,RBF SVM,1,2,546,0,0.0001850899579557079,0,0.4304306818841427,0
main_scaled,RBF SVM,1,2,548,0,0.0001958218516301072,0,0.4304306818841427,0
main_scaled,RBF SVM,1,2,551,0,0.0009519565960351333,0,0.4304306818841427,0
main_scaled,RBF SVM,1,2,561,0,0.016312964971106955,0,0.4304306818841427,0
main_scaled,RBF SVM,1,2,562,1,0.9999996159543978,1,0.4304306818841427,1
main_scaled,RBF SVM,1,2,563,1,0.9999999997855555,1,0.4304306818841427,1
main_scaled,RBF SVM,1,2,565,1,0.9999999989107375,1,0.4304306818841427,1
main_scaled,RBF SVM,1,3,2,1,0.9999999999853504,1,0.11353368840203089,1
main_scaled,RBF SVM,1,3,6,1,0.9999999984636763,1,0.11353368840203089,1
main_scaled,RBF SVM,1,3,13,1,0.8872473064392573,1,0.11353368840203089,1
main_scaled,RBF SVM,1,3,21,0,4.031731047813107e-06,0,0.11353368840203089,0
main_scaled,RBF SVM,1,3,23,1,0.9999999999993869,1,0.11353368840203089,1
main_scaled,RBF SVM,1,3,25,1,0.9999999080204174,1,0.11353368840203089,1
main_scaled,RBF SVM,1,3,27,1,0.9999999636882234,1,0.11353368840203089,1
main_scaled,RBF SVM,1,3,30,1,0.9999999999997568,1,0.11353368840203089,1
main_scaled,RBF SVM,1,3,38,1,0.154721612038706,0,0.11353368840203089,1
main_scaled,RBF SVM,1,3,45,1,0.9999999996536664,1,0.11353368840203089,1
main_scaled,RBF SVM,1,3,48,0,0.004593574595540465,0,0.11353368840203089,0
main_scaled,RBF SVM,1,3,49,0,0.14478577728522915,0,0.11353368840203089,1
main_scaled,RBF SVM,1,3,53,1,0.9999984424806976,1,0.11353368840203089,1
main_scaled,RBF SVM,1,3,62,1,0.995722058290124,1,0.11353368840203089,1
main_scaled,RBF SVM,1,3,67,0,0.0012023701429579026,0,0.11353368840203089,0
main_scaled,RBF SVM,1,3,72,1,0.9999999888339274,1,0.11353368840203089,1
main_scaled,RBF SVM,1,3,73,1,0.0454283978326098,0,0.11353368840203089,0
main_scaled,RBF SVM,1,3,74,0,0.0006490185825218179,0,0.11353368840203089,0
main_scaled,RBF SVM,1,3,77,1,0.9999991742795821,1,0.11353368840203089,1
main_scaled,RBF SVM,1,3,78,1,0.9999933236057343,1,0.11353368840203089,1
main_scaled,RBF SVM,1,3,95,1,0.9999999998736695,1,0.11353368840203089,1
main_scaled,RBF SVM,1,3,97,0,1.0241327094381227e-05,0,0.11353368840203089,0
main_scaled,RBF SVM,1,3,99,1,0.537579006391729,1,0.11353368840203089,1
main_scaled,RBF SVM,1,3,102,0,0.005898573803669019,0,0.11353368840203089,0
main_scaled,RBF SVM,1,3,106,0,0.04126913450682046,0,0.11353368840203089,0
main_scaled,RBF SVM,1,3,112,0,0.07724009811566243,0,0.11353368840203089,0
main_scaled,RBF SVM,1,3,118,1,0.9999999980885931,1,0.11353368840203089,1
main_scaled,RBF SVM,1,3,123,0,0.004878765346062008,0,0.11353368840203089,0
main_scaled,RBF SVM,1,3,129,1,0.9999999999943645,1,0.11353368840203089,1
main_scaled,RBF SVM,1,3,135,1,0.11353368840203089,0,0.11353368840203089,1
main_scaled,RBF SVM,1,3,138,1,0.9999969232092641,1,0.11353368840203089,1
main_scaled,RBF SVM,1,3,139,0,1.825312551110281e-05,0,0.11353368840203089,0
main_scaled,RBF SVM,1,3,155,0,0.0017531105639621146,0,0.11353368840203089,0
main_scaled,RBF SVM,1,3,161,1,0.9999986345004499,1,0.11353368840203089,1
main_scaled,RBF SVM,1,3,162,1,0.9999999999994874,1,0.11353368840203089,1
main_scaled,RBF SVM,1,3,169,0,0.00532057102714784,0,0.11353368840203089,0
main_scaled,RBF SVM,1,3,175,0,4.563423727489698e-06,0,0.11353368840203089,0
main_scaled,RBF SVM,1,3,198,1,0.999999987680853,1,0.11353368840203089,1
main_scaled,RBF SVM,1,3,201,1,0.9999961653154925,1,0.11353368840203089,1
main_scaled,RBF SVM,1,3,209,0,0.025608702224542423,0,0.11353368840203089,0
main_scaled,RBF SVM,1,3,215,1,0.29933152949741026,0,0.11353368840203089,1
main_scaled,RBF SVM,1,3,217,0,1.852449269528447e-05,0,0.11353368840203089,0
main_scaled,RBF SVM,1,3,225,0,0.10565955706212367,0,0.11353368840203089,0
main_scaled,RBF SVM,1,3,226,0,2.6572932784341432e-05,0,0.11353368840203089,0
main_scaled,RBF SVM,1,3,228,0,0.04302903804132444,0,0.11353368840203089,0
main_scaled,RBF SVM,1,3,232,0,0.005924508176414624,0,0.11353368840203089,0
main_scaled,RBF SVM,1,3,238,0,0.1586214862789248,0,0.11353368840203089,1
main_scaled,RBF SVM,1,3,244,1,0.9999999992029847,1,0.11353368840203089,1
main_scaled,RBF SVM,1,3,253,1,0.9999954373731664,1,0.11353368840203089,1
main_scaled,RBF SVM,1,3,267,0,0.0013072483651869354,0,0.11353368840203089,0
main_scaled,RBF SVM,1,3,271,0,7.004131354254997e-05,0,0.11353368840203089,0
main_scaled,RBF SVM,1,3,273,0,6.924514555542552e-05,0,0.11353368840203089,0
main_scaled,RBF SVM,1,3,274,1,0.9999813622181777,1,0.11353368840203089,1
main_scaled,RBF SVM,1,3,278,0,0.0048177693733210975,0,0.11353368840203089,0
main_scaled,RBF SVM,1,3,284,0,0.00032843478511869505,0,0.11353368840203089,0
main_scaled,RBF SVM,1,3,286,0,0.00012951019586422737,0,0.11353368840203089,0
main_scaled,RBF SVM,1,3,291,0,0.2580452178273945,0,0.11353368840203089,1
main_scaled,RBF SVM,1,3,294,0,6.259335397368412e-05,0,0.11353368840203089,0
main_scaled,RBF SVM,1,3,297,1,0.0004176013186492531,0,0.11353368840203089,0
main_scaled,RBF SVM,1,3,298,0,0.013786227179721989,0,0.11353368840203089,0
main_scaled,RBF SVM,1,3,299,0,5.654502352381179e-05,0,0.11353368840203089,0
main_scaled,RBF SVM,1,3,303,0,3.903401031580848e-05,0,0.11353368840203089,0
main_scaled,RBF SVM,1,3,307,0,7.656356603817047e-06,0,0.11353368840203089,0
main_scaled,RBF SVM,1,3,309,0,0.00022440733225010528,0,0.11353368840203089,0
main_scaled,RBF SVM,1,3,312,0,6.490237207527453e-05,0,0.11353368840203089,0
main_scaled,RBF SVM,1,3,313,0,2.9363637570794875e-05,0,0.11353368840203089,0
main_scaled,RBF SVM,1,3,327,0,9.044592735923783e-05,0,0.11353368840203089,0
main_scaled,RBF SVM,1,3,349,0,6.069148520455806e-05,0,0.11353368840203089,0
main_scaled,RBF SVM,1,3,350,0,0.00024376247496671764,0,0.11353368840203089,0
main_scaled,RBF SVM,1,3,352,1,0.9999999955711173,1,0.11353368840203089,1
main_scaled,RBF SVM,1,3,353,1,0.999999547578353,1,0.11353368840203089,1
main_scaled,RBF SVM,1,3,354,0,1.1503248667826759e-05,0,0.11353368840203089,0
main_scaled,RBF SVM,1,3,355,0,0.0007131646762174992,0,0.11353368840203089,0
main_scaled,RBF SVM,1,3,356,0,0.010540211643370956,0,0.11353368840203089,0
main_scaled,RBF SVM,1,3,362,0,0.000746719114225597,0,0.11353368840203089,0
main_scaled,RBF SVM,1,3,371,0,0.0012329142269605778,0,0.11353368840203089,0
main_scaled,RBF SVM,1,3,373,1,0.9999999998899677,1,0.11353368840203089,1
main_scaled,RBF SVM,1,3,377,0,0.03288831785583787,0,0.11353368840203089,0
main_scaled,RBF SVM,1,3,387,0,0.0007931457030262678,0,0.11353368840203089,0
main_scaled,RBF SVM,1,3,389,1,0.9999999605940461,1,0.11353368840203089,1
main_scaled,RBF SVM,1,3,405,0,0.00026094256791783625,0,0.11353368840203089,0
main_scaled,RBF SVM,1,3,406,0,0.07844396083373183,0,0.11353368840203089,0
main_scaled,RBF SVM,1,3,409,0,0.008105175968750886,0,0.11353368840203089,0
main_scaled,RBF SVM,1,3,416,0,0.0007461533174143637,0,0.11353368840203089,0
main_scaled,RBF SVM,1,3,418,0,0.00010815403820798186,0,0.11353368840203089,0
main_scaled,RBF SVM,1,3,424,0,0.0012119771428451148,0,0.11353368840203089,0
main_scaled,RBF SVM,1,3,426,0,4.812108802741559e-05,0,0.11353368840203089,0
main_scaled,RBF SVM,1,3,433,1,0.9999999992513392,1,0.11353368840203089,1
main_scaled,RBF SVM,1,3,436,0,0.0035369346569972208,0,0.11353368840203089,0
main_scaled,RBF SVM,1,3,441,1,0.9999998124271462,1,0.11353368840203089,1
main_scaled,RBF SVM,1,3,442,0,0.00018856835875256857,0,0.11353368840203089,0
main_scaled,RBF SVM,1,3,446,1,0.9999999999935258,1,0.11353368840203089,1
main_scaled,RBF SVM,1,3,448,0,0.09502357596006406,0,0.11353368840203089,0
main_scaled,RBF SVM,1,3,453,0,0.0063142937794780935,0,0.11353368840203089,0
main_scaled,RBF SVM,1,3,454,0,0.008069273903411691,0,0.11353368840203089,0
main_scaled,RBF SVM,1,3,460,1,0.9999999999501009,1,0.11353368840203089,1
main_scaled,RBF SVM,1,3,463,0,0.0016621002823326257,0,0.11353368840203089,0
main_scaled,RBF SVM,1,3,470,0,0.00017439211945449701,0,0.11353368840203089,0
main_scaled,RBF SVM,1,3,476,0,0.03735132282619139,0,0.11353368840203089,0
main_scaled,RBF SVM,1,3,483,0,0.0060671106577312416,0,0.11353368840203089,0
main_scaled,RBF SVM,1,3,485,0,0.004659631429453874,0,0.11353368840203089,0
main_scaled,RBF SVM,1,3,493,0,8.23580316691272e-06,0,0.11353368840203089,0
main_scaled,RBF SVM,1,3,494,0,0.0010711213741297577,0,0.11353368840203089,0
main_scaled,RBF SVM,1,3,498,1,0.9999996759496905,1,0.11353368840203089,1
main_scaled,RBF SVM,1,3,499,1,0.999999999995755,1,0.11353368840203089,1
main_scaled,RBF SVM,1,3,500,0,0.007959268976967636,0,0.11353368840203089,0
main_scaled,RBF SVM,1,3,502,0,0.003787344499153996,0,0.11353368840203089,0
main_scaled,RBF SVM,1,3,507,0,0.00022166278572391098,0,0.11353368840203089,0
main_scaled,RBF SVM,1,3,512,1,0.9962079357437604,1,0.11353368840203089,1
main_scaled,RBF SVM,1,3,530,0,0.002441336663602209,0,0.11353368840203089,0
main_scaled,RBF SVM,1,3,540,0,7.875397490151928e-06,0,0.11353368840203089,0
main_scaled,RBF SVM,1,3,543,0,0.03398720229638678,0,0.11353368840203089,0
main_scaled,RBF SVM,1,3,553,0,1.5009832524877507e-05,0,0.11353368840203089,0
main_scaled,RBF SVM,1,3,566,1,0.9921854433109882,1,0.11353368840203089,1
main_scaled,RBF SVM,1,4,0,1,0.9708770162678755,1,0.3112323168464313,1
main_scaled,RBF SVM,1,4,4,1,0.9999830569574902,1,0.3112323168464313,1
main_scaled,RBF SVM,1,4,7,1,0.9372982079327415,1,0.3112323168464313,1
main_scaled,RBF SVM,1,4,8,1,0.9999853425543401,1,0.3112323168464313,1
main_scaled,RBF SVM,1,4,9,1,0.9009856047131808,1,0.3112323168464313,1
main_scaled,RBF SVM,1,4,16,1,0.9950058157342333,1,0.3112323168464313,1
main_scaled,RBF SVM,1,4,19,0,0.013925443645197266,0,0.3112323168464313,0
main_scaled,RBF SVM,1,4,20,0,0.0022382633330112426,0,0.3112323168464313,0
main_scaled,RBF SVM,1,4,24,1,0.9999999196628042,1,0.3112323168464313,1
main_scaled,RBF SVM,1,4,42,1,0.9734231869704314,1,0.3112323168464313,1
main_scaled,RBF SVM,1,4,43,1,0.9764587769038056,1,0.3112323168464313,1
main_scaled,RBF SVM,1,4,47,1,0.9957608881334326,1,0.3112323168464313,1
main_scaled,RBF SVM,1,4,54,1,0.9567522551708739,1,0.3112323168464313,1
main_scaled,RBF SVM,1,4,58,0,0.005232222719535719,0,0.3112323168464313,0
main_scaled,RBF SVM,1,4,59,0,0.00995753503266992,0,0.3112323168464313,0
main_scaled,RBF SVM,1,4,60,0,0.030395013625003586,0,0.3112323168464313,0
main_scaled,RBF SVM,1,4,61,0,0.004013468910615879,0,0.3112323168464313,0
main_scaled,RBF SVM,1,4,66,0,0.0020911049166314984,0,0.3112323168464313,0
main_scaled,RBF SVM,1,4,79,0,0.0019028221812922293,0,0.3112323168464313,0
main_scaled,RBF SVM,1,4,80,0,0.010908348713644165,0,0.3112323168464313,0
main_scaled,RBF SVM,1,4,87,1,0.9999999845583945,1,0.3112323168464313,1
main_scaled,RBF SVM,1,4,89,0,0.2966595887797354,0,0.3112323168464313,0
main_scaled,RBF SVM,1,4,90,0,0.04403463493707943,0,0.3112323168464313,0
main_scaled,RBF SVM,1,4,96,0,0.0005515482099998558,0,0.3112323168464313,0
main_scaled,RBF SVM,1,4,105,1,0.9776477934397194,1,0.3112323168464313,1
main_scaled,RBF SVM,1,4,109,0,0.07351520858832869,0,0.3112323168464313,0
main_scaled,RBF SVM,1,4,114,0,0.009267906132817534,0,0.3112323168464313,0
main_scaled,RBF SVM,1,4,116,0,0.03961885042438889,0,0.3112323168464313,0
main_scaled,RBF SVM,1,4,125,0,0.0033097451546765595,0,0.3112323168464313,0
main_scaled,RBF SVM,1,4,128,0,0.25203721735068496,0,0.3112323168464313,0
main_scaled,RBF SVM,1,4,136,0,0.01229986814033565,0,0.3112323168464313,0
main_scaled,RBF SVM,1,4,141,1,0.9930842349434545,1,0.3112323168464313,1
main_scaled,RBF SVM,1,4,143,0,0.0061902527030589195,0,0.3112323168464313,0
main_scaled,RBF SVM,1,4,147,0,0.03326967527389727,0,0.3112323168464313,0
main_scaled,RBF SVM,1,4,148,0,0.043829353647364865,0,0.3112323168464313,0
main_scaled,RBF SVM,1,4,151,0,0.07176062309959891,0,0.3112323168464313,0
main_scaled,RBF SVM,1,4,154,0,0.039476476162797744,0,0.3112323168464313,0
main_scaled,RBF SVM,1,4,157,0,0.4674612877603437,0,0.3112323168464313,1
main_scaled,RBF SVM,1,4,160,0,0.020392144505429435,0,0.3112323168464313,0
main_scaled,RBF SVM,1,4,165,0,0.012049615032039333,0,0.3112323168464313,0
main_scaled,RBF SVM,1,4,166,0,0.0037540026092430555,0,0.3112323168464313,0
main_scaled,RBF SVM,1,4,167,1,0.994239175991654,1,0.3112323168464313,1
main_scaled,RBF SVM,1,4,168,1,0.9999995324562371,1,0.3112323168464313,1
main_scaled,RBF SVM,1,4,177,1,0.9999925951295193,1,0.3112323168464313,1
main_scaled,RBF SVM,1,4,178,0,0.01966805380180398,0,0.3112323168464313,0
main_scaled,RBF SVM,1,4,189,0,0.0005609331075285255,0,0.3112323168464313,0
main_scaled,RBF SVM,1,4,192,0,0.35227197618821493,0,0.3112323168464313,1
main_scaled,RBF SVM,1,4,196,1,0.9665296392198411,1,0.3112323168464313,1
main_scaled,RBF SVM,1,4,200,0,0.023477379052668616,0,0.3112323168464313,0
main_scaled,RBF SVM,1,4,204,0,0.03888596656890827,0,0.3112323168464313,0
main_scaled,RBF SVM,1,4,205,1,0.6307505540816011,1,0.3112323168464313,1
main_scaled,RBF SVM,1,4,210,1,0.9999991902191347,1,0.3112323168464313,1
main_scaled,RBF SVM,1,4,213,1,0.7321976502441688,1,0.3112323168464313,1
main_scaled,RBF SVM,1,4,220,0,0.0024288751753029146,0,0.3112323168464313,0
main_scaled,RBF SVM,1,4,229,1,0.9935262636400035,1,0.3112323168464313,1
main_scaled,RBF SVM,1,4,235,0,0.01457853169549506,0,0.3112323168464313,0
main_scaled,RBF SVM,1,4,237,1,0.9999992136861635,1,0.3112323168464313,1
main_scaled,RBF SVM,1,4,239,1,0.9999847204128985,1,0.3112323168464313,1
main_scaled,RBF SVM,1,4,240,0,0.0032466738201239764,0,0.3112323168464313,0
main_scaled,RBF SVM,1,4,250,1,0.9999957154246504,1,0.3112323168464313,1
main_scaled,RBF SVM,1,4,257,1,0.984268666482734,1,0.3112323168464313,1
main_scaled,RBF SVM,1,4,260,1,0.9999999752178486,1,0.3112323168464313,1
main_scaled,RBF SVM,1,4,262,1,0.9999925203560007,1,0.3112323168464313,1
main_scaled,RBF SVM,1,4,263,1,0.3112323168464313,0,0.3112323168464313,1
main_scaled,RBF SVM,1,4,265,1,0.9610872116056021,1,0.3112323168464313,1
main_scaled,RBF SVM,1,4,277,1,0.9678389262947644,1,0.3112323168464313,1
main_scaled,RBF SVM,1,4,279,0,0.003590482755730405,0,0.3112323168464313,0
main_scaled,RBF SVM,1,4,282,1,0.9999999838991653,1,0.3112323168464313,1
main_scaled,RBF SVM,1,4,285,0,0.0016394338761465885,0,0.3112323168464313,0
main_scaled,RBF SVM,1,4,290,0,0.40892361279702927,0,0.3112323168464313,1
main_scaled,RBF SVM,1,4,300,1,0.9999993024347769,1,0.3112323168464313,1
main_scaled,RBF SVM,1,4,310,0,0.0019444817571050942,0,0.3112323168464313,0
main_scaled,RBF SVM,1,4,311,0,0.014170550094584322,0,0.3112323168464313,0
main_scaled,RBF SVM,1,4,315,0,0.005240506989157406,0,0.3112323168464313,0
main_scaled,RBF SVM,1,4,316,0,0.0024888286901116846,0,0.3112323168464313,0
main_scaled,RBF SVM,1,4,321,1,0.999989120514838,1,0.3112323168464313,1
main_scaled,RBF SVM,1,4,322,0,0.0035255273708782535,0,0.3112323168464313,0
main_scaled,RBF SVM,1,4,332,0,0.009427560103129586,0,0.3112323168464313,0
main_scaled,RBF SVM,1,4,335,1,0.999999919114509,1,0.3112323168464313,1
main_scaled,RBF SVM,1,4,347,0,0.037098030931209454,0,0.3112323168464313,0
main_scaled,RBF SVM,1,4,359,0,0.004561931374408521,0,0.3112323168464313,0
main_scaled,RBF SVM,1,4,361,0,0.003988995390254999,0,0.3112323168464313,0
main_scaled,RBF SVM,1,4,364,0,0.0031073980704762116,0,0.3112323168464313,0
main_scaled,RBF SVM,1,4,367,0,0.008835626186221496,0,0.3112323168464313,0
main_scaled,RBF SVM,1,4,379,1,0.9787531630944464,1,0.3112323168464313,1
main_scaled,RBF SVM,1,4,382,0,0.001301478128285522,0,0.3112323168464313,0
main_scaled,RBF SVM,1,4,386,0,0.0003658262589027279,0,0.3112323168464313,0
main_scaled,RBF SVM,1,4,391,0,0.008908139551783626,0,0.3112323168464313,0
main_scaled,RBF SVM,1,4,399,0,0.0013449035159785472,0,0.3112323168464313,0
main_scaled,RBF SVM,1,4,414,1,0.8198101271519721,1,0.3112323168464313,1
main_scaled,RBF SVM,1,4,419,0,0.002291509625681119,0,0.3112323168464313,0
main_scaled,RBF SVM,1,4,421,0,0.24838239584412986,0,0.3112323168464313,0
main_scaled,RBF SVM,1,4,422,0,0.0014595170409523878,0,0.3112323168464313,0
main_scaled,RBF SVM,1,4,434,0,0.006017676679540134,0,0.3112323168464313,0
main_scaled,RBF SVM,1,4,438,0,0.008097513286868275,0,0.3112323168464313,0
main_scaled,RBF SVM,1,4,439,0,0.002196006644611091,0,0.3112323168464313,0
main_scaled,RBF SVM,1,4,449,1,0.9999998567265563,1,0.3112323168464313,1
main_scaled,RBF SVM,1,4,455,0,0.10062519297078931,0,0.3112323168464313,0
main_scaled,RBF SVM,1,4,457,0,0.045158711693625196,0,0.3112323168464313,0
main_scaled,RBF SVM,1,4,475,0,0.0032040603586543,0,0.3112323168464313,0
main_scaled,RBF SVM,1,4,480,0,0.0011954697778896936,0,0.3112323168464313,0
main_scaled,RBF SVM,1,4,496,0,0.15175210263730735,0,0.3112323168464313,0
main_scaled,RBF SVM,1,4,504,0,0.30280874030173854,0,0.3112323168464313,0
main_scaled,RBF SVM,1,4,506,0,0.007212442838145703,0,0.3112323168464313,0
main_scaled,RBF SVM,1,4,508,0,0.04931693536409115,0,0.3112323168464313,0
main_scaled,RBF SVM,1,4,513,0,0.017584531814217715,0,0.3112323168464313,0
main_scaled,RBF SVM,1,4,516,1,0.9999999706685702,1,0.3112323168464313,1
main_scaled,RBF SVM,1,4,531,0,0.049767994978317104,0,0.3112323168464313,0
main_scaled,RBF SVM,1,4,533,1,0.9999996593930909,1,0.3112323168464313,1
main_scaled,RBF SVM,1,4,547,0,0.00031338167600130734,0,0.3112323168464313,0
main_scaled,RBF SVM,1,4,550,0,0.004115560752481127,0,0.3112323168464313,0
main_scaled,RBF SVM,1,4,560,0,0.1338781425382197,0,0.3112323168464313,0
main_scaled,RBF SVM,1,4,564,1,0.9964806777810199,1,0.3112323168464313,1
main_scaled,RBF SVM,1,4,567,1,0.9799530684860387,1,0.3112323168464313,1
main_scaled,RBF SVM,1,5,1,1,0.999999572335467,1,0.7846897801085085,1
main_scaled,RBF SVM,1,5,3,1,0.9662632591300998,1,0.7846897801085085,1
main_scaled,RBF SVM,1,5,10,1,0.9416483999092825,1,0.7846897801085085,1
main_scaled,RBF SVM,1,5,11,1,0.9999928856767202,1,0.7846897801085085,1
main_scaled,RBF SVM,1,5,12,1,0.9634797651639014,1,0.7846897801085085,1
main_scaled,RBF SVM,1,5,15,1,0.9999991625331555,1,0.7846897801085085,1
main_scaled,RBF SVM,1,5,17,1,0.9999999964423886,1,0.7846897801085085,1
main_scaled,RBF SVM,1,5,22,1,0.9934261121443089,1,0.7846897801085085,1
main_scaled,RBF SVM,1,5,28,1,0.9999999986802328,1,0.7846897801085085,1
main_scaled,RBF SVM,1,5,35,1,0.9999999939679712,1,0.7846897801085085,1
main_scaled,RBF SVM,1,5,46,0,5.910431047596081e-05,0,0.7846897801085085,0
main_scaled,RBF SVM,1,5,55,0,0.005354159697172513,0,0.7846897801085085,0
main_scaled,RBF SVM,1,5,57,1,0.9921814334087569,1,0.7846897801085085,1
main_scaled,RBF SVM,1,5,63,0,0.00023456397536434333,0,0.7846897801085085,0
main_scaled,RBF SVM,1,5,69,0,0.0028110960981295946,0,0.7846897801085085,0
main_scaled,RBF SVM,1,5,81,0,0.4483766893679844,0,0.7846897801085085,0
main_scaled,RBF SVM,1,5,82,1,0.9999998898486162,1,0.7846897801085085,1
main_scaled,RBF SVM,1,5,83,1,0.9930796991293174,1,0.7846897801085085,1
main_scaled,RBF SVM,1,5,84,0,0.007722725329723309,0,0.7846897801085085,0
main_scaled,RBF SVM,1,5,85,1,0.9999999968402002,1,0.7846897801085085,1
main_scaled,RBF SVM,1,5,88,0,0.05228967417776467,0,0.7846897801085085,0
main_scaled,RBF SVM,1,5,92,0,0.020076340047580327,0,0.7846897801085085,0
main_scaled,RBF SVM,1,5,98,0,0.0015584124960896719,0,0.7846897801085085,0
main_scaled,RBF SVM,1,5,108,1,0.9999878038260234,1,0.7846897801085085,1
main_scaled,RBF SVM,1,5,111,0,0.018675437148617486,0,0.7846897801085085,0
main_scaled,RBF SVM,1,5,113,0,0.00011575627225634803,0,0.7846897801085085,0
main_scaled,RBF SVM,1,5,119,1,0.99653659552109,1,0.7846897801085085,1
main_scaled,RBF SVM,1,5,120,0,0.001571768643530718,0,0.7846897801085085,0
main_scaled,RBF SVM,1,5,122,1,0.960914896142043,1,0.7846897801085085,1
main_scaled,RBF SVM,1,5,124,0,0.0013650603787973374,0,0.7846897801085085,0
main_scaled,RBF SVM,1,5,127,1,0.9955023441035168,1,0.7846897801085085,1
main_scaled,RBF SVM,1,5,134,1,0.9999999983393656,1,0.7846897801085085,1
main_scaled,RBF SVM,1,5,163,0,0.006197926777183934,0,0.7846897801085085,0
main_scaled,RBF SVM,1,5,164,1,0.9999999998020374,1,0.7846897801085085,1
main_scaled,RBF SVM,1,5,171,1,0.9488697498263695,1,0.7846897801085085,1
main_scaled,RBF SVM,1,5,174,0,0.0002469665369597676,0,0.7846897801085085,0
main_scaled,RBF SVM,1,5,176,0,0.0033426187182237182,0,0.7846897801085085,0
main_scaled,RBF SVM,1,5,179,0,0.0005919617257771676,0,0.7846897801085085,0
main_scaled,RBF SVM,1,5,183,0,0.00012143530003085,0,0.7846897801085085,0
main_scaled,RBF SVM,1,5,193,1,0.9543629552794394,1,0.7846897801085085,1
main_scaled,RBF SVM,1,5,194,1,0.902679121746977,1,0.7846897801085085,1
main_scaled,RBF SVM,1,5,195,0,0.00326080384376693,0,0.7846897801085085,0
main_scaled,RBF SVM,1,5,197,1,0.7846897801085085,1,0.7846897801085085,1
main_scaled,RBF SVM,1,5,199,1,0.999997851249838,1,0.7846897801085085,1
main_scaled,RBF SVM,1,5,218,1,0.999999999761969,1,0.7846897801085085,1
main_scaled,RBF SVM,1,5,219,1,0.9999999996811848,1,0.7846897801085085,1
main_scaled,RBF SVM,1,5,221,0,0.007913398093096243,0,0.7846897801085085,0
main_scaled,RBF SVM,1,5,222,0,0.00023922304509778252,0,0.7846897801085085,0
main_scaled,RBF SVM,1,5,223,1,0.9999980941536284,1,0.7846897801085085,1
main_scaled,RBF SVM,1,5,224,0,0.04313480607113462,0,0.7846897801085085,0
main_scaled,RBF SVM,1,5,233,1,0.9999999982361822,1,0.7846897801085085,1
main_scaled,RBF SVM,1,5,236,1,0.9999999999300412,1,0.7846897801085085,1
main_scaled,RBF SVM,1,5,242,0,0.040916434455839035,0,0.7846897801085085,0
main_scaled,RBF SVM,1,5,247,0,0.05133601813557919,0,0.7846897801085085,0
main_scaled,RBF SVM,1,5,249,0,0.0016938319457126623,0,0.7846897801085085,0
main_scaled,RBF SVM,1,5,254,1,0.9999999997646086,1,0.7846897801085085,1
main_scaled,RBF SVM,1,5,259,1,0.9999999602553575,1,0.7846897801085085,1
main_scaled,RBF SVM,1,5,264,1,0.9999999858704415,1,0.7846897801085085,1
main_scaled,RBF SVM,1,5,269,0,0.00032450519757484304,0,0.7846897801085085,0
main_scaled,RBF SVM,1,5,280,1,0.9999999999994267,1,0.7846897801085085,1
main_scaled,RBF SVM,1,5,287,0,0.0004221141122198389,0,0.7846897801085085,0
main_scaled,RBF SVM,1,5,295,0,0.0007590398017933357,0,0.7846897801085085,0
main_scaled,RBF SVM,1,5,308,0,0.0009070425212826548,0,0.7846897801085085,0
main_scaled,RBF SVM,1,5,314,0,0.005212679455529915,0,0.7846897801085085,0
main_scaled,RBF SVM,1,5,318,0,0.0051461295298761926,0,0.7846897801085085,0
main_scaled,RBF SVM,1,5,320,0,0.00015746570897056885,0,0.7846897801085085,0
main_scaled,RBF SVM,1,5,331,0,0.019153915628698656,0,0.7846897801085085,0
main_scaled,RBF SVM,1,5,333,0,0.00054638080410936,0,0.7846897801085085,0
main_scaled,RBF SVM,1,5,336,0,0.0001361981198129251,0,0.7846897801085085,0
main_scaled,RBF SVM,1,5,339,1,0.9999999998865062,1,0.7846897801085085,1
main_scaled,RBF SVM,1,5,340,0,0.21464208647384664,0,0.7846897801085085,0
main_scaled,RBF SVM,1,5,345,0,0.000285392738285399,0,0.7846897801085085,0
main_scaled,RBF SVM,1,5,346,0,0.004726576467484064,0,0.7846897801085085,0
main_scaled,RBF SVM,1,5,358,0,0.00016916281833618212,0,0.7846897801085085,0
main_scaled,RBF SVM,1,5,363,0,0.5671898536475503,1,0.7846897801085085,0
main_scaled,RBF SVM,1,5,369,1,0.9999999990666361,1,0.7846897801085085,1
main_scaled,RBF SVM,1,5,374,0,0.004989709729695981,0,0.7846897801085085,0
main_scaled,RBF SVM,1,5,380,0,0.010425346675758741,0,0.7846897801085085,0
main_scaled,RBF SVM,1,5,381,0,0.0002538348562089985,0,0.7846897801085085,0
main_scaled,RBF SVM,1,5,398,0,0.0006920430083814638,0,0.7846897801085085,0
main_scaled,RBF SVM,1,5,400,1,0.9999999950079363,1,0.7846897801085085,1
main_scaled,RBF SVM,1,5,404,0,0.000883432818652234,0,0.7846897801085085,0
main_scaled,RBF SVM,1,5,410,0,0.08828670749495789,0,0.7846897801085085,0
main_scaled,RBF SVM,1,5,411,0,0.002198217299635557,0,0.7846897801085085,0
main_scaled,RBF SVM,1,5,412,0,6.260434401070583e-05,0,0.7846897801085085,0
main_scaled,RBF SVM,1,5,415,0,0.006701485048249501,0,0.7846897801085085,0
main_scaled,RBF SVM,1,5,431,0,0.0008587430196628199,0,0.7846897801085085,0
main_scaled,RBF SVM,1,5,443,0,0.00041363283472017486,0,0.7846897801085085,0
main_scaled,RBF SVM,1,5,444,1,0.9832201072990292,1,0.7846897801085085,1
main_scaled,RBF SVM,1,5,447,0,0.0911462286668742,0,0.7846897801085085,0
main_scaled,RBF SVM,1,5,451,1,0.999999998742992,1,0.7846897801085085,1
main_scaled,RBF SVM,1,5,458,0,0.04975573295774046,0,0.7846897801085085,0
main_scaled,RBF SVM,1,5,459,0,0.001573558508236461,0,0.7846897801085085,0
main_scaled,RBF SVM,1,5,471,0,0.05830496399153051,0,0.7846897801085085,0
main_scaled,RBF SVM,1,5,474,0,0.00043155498145994566,0,0.7846897801085085,0
main_scaled,RBF SVM,1,5,479,1,0.9864569233031446,1,0.7846897801085085,1
main_scaled,RBF SVM,1,5,481,0,0.061142496517472625,0,0.7846897801085085,0
main_scaled,RBF SVM,1,5,484,0,0.14744112891522496,0,0.7846897801085085,0
main_scaled,RBF SVM,1,5,495,0,0.12108715828859101,0,0.7846897801085085,0
main_scaled,RBF SVM,1,5,505,0,0.007366400355353443,0,0.7846897801085085,0
main_scaled,RBF SVM,1,5,510,0,0.00010864809350127402,0,0.7846897801085085,0
main_scaled,RBF SVM,1,5,518,0,0.026705527584114618,0,0.7846897801085085,0
main_scaled,RBF SVM,1,5,520,0,0.0011228217076247628,0,0.7846897801085085,0
main_scaled,RBF SVM,1,5,521,1,0.9999999958339174,1,0.7846897801085085,1
main_scaled,RBF SVM,1,5,522,0,0.0005800707218100166,0,0.7846897801085085,0
main_scaled,RBF SVM,1,5,527,0,0.003642312598057191,0,0.7846897801085085,0
main_scaled,RBF SVM,1,5,534,0,0.0007371834351168207,0,0.7846897801085085,0
main_scaled,RBF SVM,1,5,536,1,0.8419935892054838,1,0.7846897801085085,1
main_scaled,RBF SVM,1,5,539,0,0.00048311786264220233,0,0.7846897801085085,0
main_scaled,RBF SVM,1,5,541,0,0.6264657321777117,1,0.7846897801085085,0
main_scaled,RBF SVM,1,5,556,0,0.00016905586877308634,0,0.7846897801085085,0
main_scaled,RBF SVM,1,5,557,0,0.0043801202225758045,0,0.7846897801085085,0
main_scaled,RBF SVM,1,5,559,0,0.01431885803800441,0,0.7846897801085085,0
main_scaled,RBF SVM,2,1,2,1,0.9999999995052671,1,0.16509718252162903,1
main_scaled,RBF SVM,2,1,10,1,0.8484587160324099,1,0.16509718252162903,1
main_scaled,RBF SVM,2,1,16,1,0.9938168911256714,1,0.16509718252162903,1
main_scaled,RBF SVM,2,1,40,1,0.0914343982770115,0,0.16509718252162903,0
main_scaled,RBF SVM,2,1,57,1,0.9834623448430313,1,0.16509718252162903,1
main_scaled,RBF SVM,2,1,59,0,0.0003574687458691234,0,0.16509718252162903,0
main_scaled,RBF SVM,2,1,60,0,0.00037969331588527097,0,0.16509718252162903,0
main_scaled,RBF SVM,2,1,62,1,0.9959521945123379,1,0.16509718252162903,1
main_scaled,RBF SVM,2,1,63,0,0.00011760331043829723,0,0.16509718252162903,0
main_scaled,RBF SVM,2,1,67,0,0.00857453193088711,0,0.16509718252162903,0
main_scaled,RBF SVM,2,1,69,0,0.003382003453554626,0,0.16509718252162903,0
main_scaled,RBF SVM,2,1,74,0,0.0019052046670026718,0,0.16509718252162903,0
main_scaled,RBF SVM,2,1,76,0,0.0008158047449905197,0,0.16509718252162903,0
main_scaled,RBF SVM,2,1,82,1,0.9999999783945046,1,0.16509718252162903,1
main_scaled,RBF SVM,2,1,83,1,0.9951734351571287,1,0.16509718252162903,1
main_scaled,RBF SVM,2,1,85,1,0.9999999663229406,1,0.16509718252162903,1
main_scaled,RBF SVM,2,1,88,0,0.023027458358093954,0,0.16509718252162903,0
main_scaled,RBF SVM,2,1,95,1,0.9999999931304752,1,0.16509718252162903,1
main_scaled,RBF SVM,2,1,98,0,0.0015823483899937902,0,0.16509718252162903,0
main_scaled,RBF SVM,2,1,99,1,0.513858523936266,1,0.16509718252162903,1
main_scaled,RBF SVM,2,1,101,0,0.0001516135510479617,0,0.16509718252162903,0
main_scaled,RBF SVM,2,1,105,1,0.9895566344856905,1,0.16509718252162903,1
main_scaled,RBF SVM,2,1,109,0,0.1208227751220828,0,0.16509718252162903,0
main_scaled,RBF SVM,2,1,120,0,0.0015022305494183084,0,0.16509718252162903,0
main_scaled,RBF SVM,2,1,121,1,0.9999997296296159,1,0.16509718252162903,1
main_scaled,RBF SVM,2,1,122,1,0.9875865702220287,1,0.16509718252162903,1
main_scaled,RBF SVM,2,1,131,1,0.9999874298296719,1,0.16509718252162903,1
main_scaled,RBF SVM,2,1,132,1,0.9895421310807656,1,0.16509718252162903,1
main_scaled,RBF SVM,2,1,135,1,0.16509718252162903,0,0.16509718252162903,1
main_scaled,RBF SVM,2,1,136,0,0.009650103751253337,0,0.16509718252162903,0
main_scaled,RBF SVM,2,1,137,0,0.0005128993121767271,0,0.16509718252162903,0
main_scaled,RBF SVM,2,1,139,0,0.0002373414346059081,0,0.16509718252162903,0
main_scaled,RBF SVM,2,1,143,0,0.009915722972293085,0,0.16509718252162903,0
main_scaled,RBF SVM,2,1,146,1,0.6061741488595035,1,0.16509718252162903,1
main_scaled,RBF SVM,2,1,153,0,0.00025561499359061705,0,0.16509718252162903,0
main_scaled,RBF SVM,2,1,159,0,0.001192551198451534,0,0.16509718252162903,0
main_scaled,RBF SVM,2,1,160,0,0.03189534525866548,0,0.16509718252162903,0
main_scaled,RBF SVM,2,1,163,0,0.005443504573330329,0,0.16509718252162903,0
main_scaled,RBF SVM,2,1,166,0,0.0003258824928575762,0,0.16509718252162903,0
main_scaled,RBF SVM,2,1,184,1,0.6551601965955391,1,0.16509718252162903,1
main_scaled,RBF SVM,2,1,189,0,0.0006240571395179979,0,0.16509718252162903,0
main_scaled,RBF SVM,2,1,195,0,0.0024763925750739906,0,0.16509718252162903,0
main_scaled,RBF SVM,2,1,199,1,0.9999808416677985,1,0.16509718252162903,1
main_scaled,RBF SVM,2,1,209,0,0.07557682131796264,0,0.16509718252162903,0
main_scaled,RBF SVM,2,1,214,1,0.9885569766257987,1,0.16509718252162903,1
main_scaled,RBF SVM,2,1,232,0,0.011544768749314975,0,0.16509718252162903,0
main_scaled,RBF SVM,2,1,239,1,0.9999999251183419,1,0.16509718252162903,1
main_scaled,RBF SVM,2,1,241,0,0.0011264724923590365,0,0.16509718252162903,0
main_scaled,RBF SVM,2,1,248,0,0.036378972412457675,0,0.16509718252162903,0
main_scaled,RBF SVM,2,1,250,1,0.9999999999324127,1,0.16509718252162903,1
main_scaled,RBF SVM,2,1,252,1,0.9999999972265381,1,0.16509718252162903,1
main_scaled,RBF SVM,2,1,253,1,0.9946887566004711,1,0.16509718252162903,1
main_scaled,RBF SVM,2,1,254,1,0.9999999991849418,1,0.16509718252162903,1
main_scaled,RBF SVM,2,1,255,1,0.3668008282369383,0,0.16509718252162903,1
main_scaled,RBF SVM,2,1,257,1,0.9949977656051996,1,0.16509718252162903,1
main_scaled,RBF SVM,2,1,259,1,0.9999999688064126,1,0.16509718252162903,1
main_scaled,RBF SVM,2,1,260,1,0.9999999998477584,1,0.16509718252162903,1
main_scaled,RBF SVM,2,1,261,1,0.8887507596017581,1,0.16509718252162903,1
main_scaled,RBF SVM,2,1,266,0,0.0009660764094139827,0,0.16509718252162903,0
main_scaled,RBF SVM,2,1,281,0,0.0032818057441506452,0,0.16509718252162903,0
main_scaled,RBF SVM,2,1,282,1,0.9999999961612286,1,0.16509718252162903,1
main_scaled,RBF SVM,2,1,295,0,0.0008294438832408945,0,0.16509718252162903,0
main_scaled,RBF SVM,2,1,296,0,4.099142302637363e-05,0,0.16509718252162903,0
main_scaled,RBF SVM,2,1,310,0,0.0013717558249569444,0,0.16509718252162903,0
main_scaled,RBF SVM,2,1,315,0,0.0020770461935159037,0,0.16509718252162903,0
main_scaled,RBF SVM,2,1,316,0,0.0004909842519409883,0,0.16509718252162903,0
main_scaled,RBF SVM,2,1,321,1,0.999998482764162,1,0.16509718252162903,1
main_scaled,RBF SVM,2,1,324,0,0.001750947318044723,0,0.16509718252162903,0
main_scaled,RBF SVM,2,1,325,0,0.0022423220492088854,0,0.16509718252162903,0
main_scaled,RBF SVM,2,1,330,1,0.9497189613968627,1,0.16509718252162903,1
main_scaled,RBF SVM,2,1,335,1,0.9999999956637994,1,0.16509718252162903,1
main_scaled,RBF SVM,2,1,340,0,0.10791716005975138,0,0.16509718252162903,0
main_scaled,RBF SVM,2,1,352,1,0.9999999377819853,1,0.16509718252162903,1
main_scaled,RBF SVM,2,1,356,0,0.018009245095517122,0,0.16509718252162903,0
main_scaled,RBF SVM,2,1,357,0,0.005489073285565653,0,0.16509718252162903,0
main_scaled,RBF SVM,2,1,358,0,0.00027233522813607645,0,0.16509718252162903,0
main_scaled,RBF SVM,2,1,359,0,0.005447643135926345,0,0.16509718252162903,0
main_scaled,RBF SVM,2,1,363,0,0.4500697536041813,0,0.16509718252162903,1
main_scaled,RBF SVM,2,1,367,0,0.021911961905683314,0,0.16509718252162903,0
main_scaled,RBF SVM,2,1,368,1,0.9999999957360511,1,0.16509718252162903,1
main_scaled,RBF SVM,2,1,374,0,0.0029693510567263973,0,0.16509718252162903,0
main_scaled,RBF SVM,2,1,383,0,0.003639099225933897,0,0.16509718252162903,0
main_scaled,RBF SVM,2,1,384,0,0.0021575008036161625,0,0.16509718252162903,0
main_scaled,RBF SVM,2,1,386,0,0.00046873439823800095,0,0.16509718252162903,0
main_scaled,RBF SVM,2,1,387,0,0.0030192836105987163,0,0.16509718252162903,0
main_scaled,RBF SVM,2,1,388,0,0.0001664273779532157,0,0.16509718252162903,0
main_scaled,RBF SVM,2,1,393,1,0.9999999999119487,1,0.16509718252162903,1
main_scaled,RBF SVM,2,1,394,0,0.007246896405553801,0,0.16509718252162903,0
main_scaled,RBF SVM,2,1,399,0,0.002054456260448453,0,0.16509718252162903,0
main_scaled,RBF SVM,2,1,406,0,0.07674691843645845,0,0.16509718252162903,0
main_scaled,RBF SVM,2,1,417,1,0.9999999938651046,1,0.16509718252162903,1
main_scaled,RBF SVM,2,1,418,0,0.0008362844514014315,0,0.16509718252162903,0
main_scaled,RBF SVM,2,1,420,0,0.003288755925919183,0,0.16509718252162903,0
main_scaled,RBF SVM,2,1,421,0,0.06965880595230896,0,0.16509718252162903,0
main_scaled,RBF SVM,2,1,430,1,0.9949739845429533,1,0.16509718252162903,1
main_scaled,RBF SVM,2,1,434,0,0.015517145012578306,0,0.16509718252162903,0
main_scaled,RBF SVM,2,1,446,1,0.9999999982483463,1,0.16509718252162903,1
main_scaled,RBF SVM,2,1,452,0,0.007307590720445745,0,0.16509718252162903,0
main_scaled,RBF SVM,2,1,455,0,0.10572794229158498,0,0.16509718252162903,0
main_scaled,RBF SVM,2,1,456,0,0.1878167297122151,0,0.16509718252162903,1
main_scaled,RBF SVM,2,1,474,0,0.00031700003731644817,0,0.16509718252162903,0
main_scaled,RBF SVM,2,1,475,0,0.006961998930270246,0,0.16509718252162903,0
main_scaled,RBF SVM,2,1,478,0,0.0006218769254989953,0,0.16509718252162903,0
main_scaled,RBF SVM,2,1,480,0,0.0017827238361467536,0,0.16509718252162903,0
main_scaled,RBF SVM,2,1,486,0,0.05447882325954265,0,0.16509718252162903,0
main_scaled,RBF SVM,2,1,491,0,0.3825646586835441,0,0.16509718252162903,1
main_scaled,RBF SVM,2,1,496,0,0.0902127554703518,0,0.16509718252162903,0
main_scaled,RBF SVM,2,1,506,0,0.003960176141183466,0,0.16509718252162903,0
main_scaled,RBF SVM,2,1,511,0,0.006242298296294484,0,0.16509718252162903,0
main_scaled,RBF SVM,2,1,528,0,0.03548491833264283,0,0.16509718252162903,0
main_scaled,RBF SVM,2,1,529,0,0.0013180717547604261,0,0.16509718252162903,0
main_scaled,RBF SVM,2,1,530,0,0.019487185119914333,0,0.16509718252162903,0
main_scaled,RBF SVM,2,1,535,1,0.999999998242368,1,0.16509718252162903,1
main_scaled,RBF SVM,2,1,562,1,0.9999982742908302,1,0.16509718252162903,1
main_scaled,RBF SVM,2,2,6,1,0.9999999784925455,1,0.6324760708346528,1
main_scaled,RBF SVM,2,2,12,1,0.9415437179696365,1,0.6324760708346528,1
main_scaled,RBF SVM,2,2,19,0,0.06050431467386881,0,0.6324760708346528,0
main_scaled,RBF SVM,2,2,24,1,0.9999999999952227,1,0.6324760708346528,1
main_scaled,RBF SVM,2,2,29,1,0.8788797029234977,1,0.6324760708346528,1
main_scaled,RBF SVM,2,2,30,1,0.9999999999282179,1,0.6324760708346528,1
main_scaled,RBF SVM,2,2,35,1,0.999999973466636,1,0.6324760708346528,1
main_scaled,RBF SVM,2,2,36,1,0.9803310945344269,1,0.6324760708346528,1
main_scaled,RBF SVM,2,2,43,1,0.9776466465088939,1,0.6324760708346528,1
main_scaled,RBF SVM,2,2,50,0,0.003219746206772857,0,0.6324760708346528,0
main_scaled,RBF SVM,2,2,55,0,0.0056534395124928465,0,0.6324760708346528,0
main_scaled,RBF SVM,2,2,56,1,0.9999999997619278,1,0.6324760708346528,1
main_scaled,RBF SVM,2,2,68,0,0.7333186198558765,1,0.6324760708346528,1
main_scaled,RBF SVM,2,2,78,1,0.9936724840065777,1,0.6324760708346528,1
main_scaled,RBF SVM,2,2,80,0,0.019783066497665407,0,0.6324760708346528,0
main_scaled,RBF SVM,2,2,86,1,0.8088424484557809,1,0.6324760708346528,1
main_scaled,RBF SVM,2,2,87,1,0.9999999996221839,1,0.6324760708346528,1
main_scaled,RBF SVM,2,2,93,0,0.031833272255377985,0,0.6324760708346528,0
main_scaled,RBF SVM,2,2,97,0,0.0002560631001627083,0,0.6324760708346528,0
main_scaled,RBF SVM,2,2,100,1,0.9538867429066126,1,0.6324760708346528,1
main_scaled,RBF SVM,2,2,127,1,0.9889719141282031,1,0.6324760708346528,1
main_scaled,RBF SVM,2,2,134,1,0.9999999937236811,1,0.6324760708346528,1
main_scaled,RBF SVM,2,2,140,0,0.0001285180543389384,0,0.6324760708346528,0
main_scaled,RBF SVM,2,2,141,1,0.9761250951330572,1,0.6324760708346528,1
main_scaled,RBF SVM,2,2,144,0,0.00019590036009896442,0,0.6324760708346528,0
main_scaled,RBF SVM,2,2,147,0,0.002997777399535631,0,0.6324760708346528,0
main_scaled,RBF SVM,2,2,148,0,0.10579141709419944,0,0.6324760708346528,0
main_scaled,RBF SVM,2,2,151,0,0.004812929725078126,0,0.6324760708346528,0
main_scaled,RBF SVM,2,2,152,0,0.7623993953918811,1,0.6324760708346528,1
main_scaled,RBF SVM,2,2,154,0,0.07413123056140775,0,0.6324760708346528,0
main_scaled,RBF SVM,2,2,158,0,0.0008753212172369913,0,0.6324760708346528,0
main_scaled,RBF SVM,2,2,165,0,0.01871049215733207,0,0.6324760708346528,0
main_scaled,RBF SVM,2,2,187,0,0.008035399839306928,0,0.6324760708346528,0
main_scaled,RBF SVM,2,2,193,1,0.9486905476270641,1,0.6324760708346528,1
main_scaled,RBF SVM,2,2,197,1,0.6324760708346528,1,0.6324760708346528,1
main_scaled,RBF SVM,2,2,198,1,0.9999999393172925,1,0.6324760708346528,1
main_scaled,RBF SVM,2,2,200,0,0.10087420407318286,0,0.6324760708346528,0
main_scaled,RBF SVM,2,2,203,1,0.9999999862710754,1,0.6324760708346528,1
main_scaled,RBF SVM,2,2,204,0,0.1237771906238669,0,0.6324760708346528,0
main_scaled,RBF SVM,2,2,207,1,0.9685587384963917,1,0.6324760708346528,1
main_scaled,RBF SVM,2,2,208,0,0.36832173819230707,0,0.6324760708346528,0
main_scaled,RBF SVM,2,2,210,1,0.9999999891220018,1,0.6324760708346528,1
main_scaled,RBF SVM,2,2,213,1,0.9261638356271005,1,0.6324760708346528,1
main_scaled,RBF SVM,2,2,229,1,0.9835751161951076,1,0.6324760708346528,1
main_scaled,RBF SVM,2,2,230,1,0.9999999419545275,1,0.6324760708346528,1
main_scaled,RBF SVM,2,2,240,0,0.01403904372734346,0,0.6324760708346528,0
main_scaled,RBF SVM,2,2,245,0,0.01584938200539692,0,0.6324760708346528,0
main_scaled,RBF SVM,2,2,249,0,0.0023618153449656933,0,0.6324760708346528,0
main_scaled,RBF SVM,2,2,258,1,0.9999851250060621,1,0.6324760708346528,1
main_scaled,RBF SVM,2,2,268,0,0.004345276871697794,0,0.6324760708346528,0
main_scaled,RBF SVM,2,2,271,0,0.00048280864169143007,0,0.6324760708346528,0
main_scaled,RBF SVM,2,2,274,1,0.9960755040341676,1,0.6324760708346528,1
main_scaled,RBF SVM,2,2,280,1,0.999999999998811,1,0.6324760708346528,1
main_scaled,RBF SVM,2,2,284,0,0.0016219827603970308,0,0.6324760708346528,0
main_scaled,RBF SVM,2,2,290,0,0.09803123266862404,0,0.6324760708346528,0
main_scaled,RBF SVM,2,2,291,0,0.5188177250829842,1,0.6324760708346528,0
main_scaled,RBF SVM,2,2,293,0,0.009850251853041461,0,0.6324760708346528,0
main_scaled,RBF SVM,2,2,298,0,0.043284391730535554,0,0.6324760708346528,0
main_scaled,RBF SVM,2,2,301,0,0.001281118155822101,0,0.6324760708346528,0
main_scaled,RBF SVM,2,2,309,0,0.0020735264245699365,0,0.6324760708346528,0
main_scaled,RBF SVM,2,2,311,0,0.01961946427552168,0,0.6324760708346528,0
main_scaled,RBF SVM,2,2,313,0,0.0001490845379139904,0,0.6324760708346528,0
main_scaled,RBF SVM,2,2,314,0,0.007273802296250364,0,0.6324760708346528,0
main_scaled,RBF SVM,2,2,318,0,0.01905541564306036,0,0.6324760708346528,0
main_scaled,RBF SVM,2,2,323,1,0.9999999998926545,1,0.6324760708346528,1
main_scaled,RBF SVM,2,2,331,0,0.023475739262154585,0,0.6324760708346528,0
main_scaled,RBF SVM,2,2,336,0,0.0001325710449235294,0,0.6324760708346528,0
main_scaled,RBF SVM,2,2,343,1,0.99999997054709,1,0.6324760708346528,1
main_scaled,RBF SVM,2,2,348,0,0.0033361842540751293,0,0.6324760708346528,0
main_scaled,RBF SVM,2,2,351,1,0.9955617425823969,1,0.6324760708346528,1
main_scaled,RBF SVM,2,2,354,0,8.594144984274003e-05,0,0.6324760708346528,0
main_scaled,RBF SVM,2,2,361,0,0.009014464155810012,0,0.6324760708346528,0
main_scaled,RBF SVM,2,2,365,1,0.9999999425444351,1,0.6324760708346528,1
main_scaled,RBF SVM,2,2,366,1,0.9999999973758282,1,0.6324760708346528,1
main_scaled,RBF SVM,2,2,372,1,0.9931401390013812,1,0.6324760708346528,1
main_scaled,RBF SVM,2,2,379,1,0.9881273637908812,1,0.6324760708346528,1
main_scaled,RBF SVM,2,2,380,0,0.015852644298278575,0,0.6324760708346528,0
main_scaled,RBF SVM,2,2,395,0,0.0030600131843973037,0,0.6324760708346528,0
main_scaled,RBF SVM,2,2,398,0,0.0008115482858103107,0,0.6324760708346528,0
main_scaled,RBF SVM,2,2,404,0,0.0007547447350719019,0,0.6324760708346528,0
main_scaled,RBF SVM,2,2,408,1,0.9999992297081269,1,0.6324760708346528,1
main_scaled,RBF SVM,2,2,412,0,5.945371228741226e-05,0,0.6324760708346528,0
main_scaled,RBF SVM,2,2,414,1,0.8599506404688653,1,0.6324760708346528,1
main_scaled,RBF SVM,2,2,415,0,0.009573641058324773,0,0.6324760708346528,0
main_scaled,RBF SVM,2,2,416,0,0.004696666151570736,0,0.6324760708346528,0
main_scaled,RBF SVM,2,2,429,0,0.002297205685764786,0,0.6324760708346528,0
main_scaled,RBF SVM,2,2,431,0,0.0007780871870843623,0,0.6324760708346528,0
main_scaled,RBF SVM,2,2,439,0,0.004184622047135932,0,0.6324760708346528,0
main_scaled,RBF SVM,2,2,448,0,0.1128694833790347,0,0.6324760708346528,0
main_scaled,RBF SVM,2,2,454,0,0.021874636795662587,0,0.6324760708346528,0
main_scaled,RBF SVM,2,2,457,0,0.12850652601624263,0,0.6324760708346528,0
main_scaled,RBF SVM,2,2,465,0,0.04337543533154152,0,0.6324760708346528,0
main_scaled,RBF SVM,2,2,466,0,0.22698660379874003,0,0.6324760708346528,0
main_scaled,RBF SVM,2,2,471,0,0.02759284493928975,0,0.6324760708346528,0
main_scaled,RBF SVM,2,2,476,0,0.10833852170691442,0,0.6324760708346528,0
main_scaled,RBF SVM,2,2,479,1,0.9723982832992407,1,0.6324760708346528,1
main_scaled,RBF SVM,2,2,490,0,0.051854320298885564,0,0.6324760708346528,0
main_scaled,RBF SVM,2,2,498,1,0.9999950021237546,1,0.6324760708346528,1
main_scaled,RBF SVM,2,2,501,1,0.9817667494870416,1,0.6324760708346528,1
main_scaled,RBF SVM,2,2,504,0,0.025688694413888782,0,0.6324760708346528,0
main_scaled,RBF SVM,2,2,508,0,0.16007213730733355,0,0.6324760708346528,0
main_scaled,RBF SVM,2,2,517,1,0.9999999294252552,1,0.6324760708346528,1
main_scaled,RBF SVM,2,2,518,0,0.05879957815704718,0,0.6324760708346528,0
main_scaled,RBF SVM,2,2,520,0,0.003480606897078324,0,0.6324760708346528,0
main_scaled,RBF SVM,2,2,522,0,0.0008708878960937311,0,0.6324760708346528,0
main_scaled,RBF SVM,2,2,523,0,0.0611125356565396,0,0.6324760708346528,0
main_scaled,RBF SVM,2,2,526,0,0.6906433039793413,1,0.6324760708346528,1
main_scaled,RBF SVM,2,2,538,0,0.0006086746115501978,0,0.6324760708346528,0
main_scaled,RBF SVM,2,2,555,0,0.0073478000128256735,0,0.6324760708346528,0
main_scaled,RBF SVM,2,2,557,0,0.0016264924532717316,0,0.6324760708346528,0
main_scaled,RBF SVM,2,2,558,0,0.022886109002569523,0,0.6324760708346528,0
main_scaled,RBF SVM,2,2,560,0,0.12122373006114302,0,0.6324760708346528,0
main_scaled,RBF SVM,2,2,563,1,0.9999999947560471,1,0.6324760708346528,1
main_scaled,RBF SVM,2,2,566,1,0.9841397618239507,1,0.6324760708346528,1
main_scaled,RBF SVM,2,3,0,1,0.9999891189378636,1,0.5,1
main_scaled,RBF SVM,2,3,3,1,0.8960967163254825,1,0.5,1
main_scaled,RBF SVM,2,3,5,1,0.878136383542143,1,0.5,1
main_scaled,RBF SVM,2,3,14,1,0.9068627491954623,1,0.5,1
main_scaled,RBF SVM,2,3,17,1,0.9999999814234808,1,0.5,1
main_scaled,RBF SVM,2,3,21,0,4.0989704617687185e-05,0,0.5,0
main_scaled,RBF SVM,2,3,26,1,0.9999946807098888,1,0.5,1
main_scaled,RBF SVM,2,3,37,0,0.0005165651892921389,0,0.5,0
main_scaled,RBF SVM,2,3,38,1,0.859562570282096,1,0.5,1
main_scaled,RBF SVM,2,3,39,1,0.8746412082843408,1,0.5,1
main_scaled,RBF SVM,2,3,49,0,0.25726226101273253,0,0.5,0
main_scaled,RBF SVM,2,3,51,0,0.002263648989248035,0,0.5,0
main_scaled,RBF SVM,2,3,54,1,0.9685992802147091,1,0.5,1
main_scaled,RBF SVM,2,3,61,0,0.00039407093723717204,0,0.5,0
main_scaled,RBF SVM,2,3,72,1,0.9999996825589635,1,0.5,1
main_scaled,RBF SVM,2,3,73,1,0.06163503754541908,0,0.5,0
main_scaled,RBF SVM,2,3,81,0,0.2545130876199293,0,0.5,0
main_scaled,RBF SVM,2,3,84,0,0.009441814937321814,0,0.5,0
main_scaled,RBF SVM,2,3,89,0,0.152492864852636,0,0.5,0
main_scaled,RBF SVM,2,3,91,1,0.7520117101443119,1,0.5,1
main_scaled,RBF SVM,2,3,102,0,0.02346497601617906,0,0.5,0
main_scaled,RBF SVM,2,3,107,0,0.00605075519514139,0,0.5,0
main_scaled,RBF SVM,2,3,111,0,0.01109487371449537,0,0.5,0
main_scaled,RBF SVM,2,3,113,0,9.979327641754602e-05,0,0.5,0
main_scaled,RBF SVM,2,3,117,1,0.9999983837996949,1,0.5,1
main_scaled,RBF SVM,2,3,118,1,0.9999999322615222,1,0.5,1
main_scaled,RBF SVM,2,3,123,0,0.010657786735219395,0,0.5,0
main_scaled,RBF SVM,2,3,138,1,0.9999882325489278,1,0.5,1
main_scaled,RBF SVM,2,3,150,0,0.05072144919024504,0,0.5,0
main_scaled,RBF SVM,2,3,162,1,0.999999999945032,1,0.5,1
main_scaled,RBF SVM,2,3,164,1,0.9999999998658757,1,0.5,1
main_scaled,RBF SVM,2,3,167,1,0.9928599031084564,1,0.5,1
main_scaled,RBF SVM,2,3,168,1,0.9999999940790191,1,0.5,1
main_scaled,RBF SVM,2,3,174,0,0.00010552415227214287,0,0.5,0
main_scaled,RBF SVM,2,3,181,1,0.9999999329733752,1,0.5,1
main_scaled,RBF SVM,2,3,183,0,6.665751038246425e-05,0,0.5,0
main_scaled,RBF SVM,2,3,186,1,0.9957321784393062,1,0.5,1
main_scaled,RBF SVM,2,3,188,0,0.0019509095561040973,0,0.5,0
main_scaled,RBF SVM,2,3,190,1,0.5730320554662968,1,0.5,1
main_scaled,RBF SVM,2,3,192,0,0.001802588179659619,0,0.5,0
main_scaled,RBF SVM,2,3,194,1,0.7235958165542817,1,0.5,1
main_scaled,RBF SVM,2,3,196,1,0.9928983251367104,1,0.5,1
main_scaled,RBF SVM,2,3,201,1,0.996879574145473,1,0.5,1
main_scaled,RBF SVM,2,3,202,1,0.999999999222979,1,0.5,1
main_scaled,RBF SVM,2,3,211,0,0.001297935846557607,0,0.5,0
main_scaled,RBF SVM,2,3,212,1,0.6012411028751697,1,0.5,1
main_scaled,RBF SVM,2,3,218,1,0.9999999997935056,1,0.5,1
main_scaled,RBF SVM,2,3,224,0,0.03190603725792152,0,0.5,0
main_scaled,RBF SVM,2,3,226,0,0.0001092311514522295,0,0.5,0
main_scaled,RBF SVM,2,3,231,0,0.005432885293257356,0,0.5,0
main_scaled,RBF SVM,2,3,234,0,0.0003983100153930429,0,0.5,0
main_scaled,RBF SVM,2,3,235,0,0.022117128535141035,0,0.5,0
main_scaled,RBF SVM,2,3,238,0,0.14228269762275825,0,0.5,0
main_scaled,RBF SVM,2,3,243,0,0.027793875221146295,0,0.5,0
main_scaled,RBF SVM,2,3,251,0,0.0024220719681312536,0,0.5,0
main_scaled,RBF SVM,2,3,267,0,0.006354270774793043,0,0.5,0
main_scaled,RBF SVM,2,3,269,0,0.0003606892317691669,0,0.5,0
main_scaled,RBF SVM,2,3,270,0,0.002755827808973384,0,0.5,0
main_scaled,RBF SVM,2,3,279,0,0.01046050949630034,0,0.5,0
main_scaled,RBF SVM,2,3,283,1,0.9614855177054616,1,0.5,1
main_scaled,RBF SVM,2,3,285,0,0.0003985773370142488,0,0.5,0
main_scaled,RBF SVM,2,3,289,0,0.00287692049695269,0,0.5,0
main_scaled,RBF SVM,2,3,292,0,0.008354266133316222,0,0.5,0
main_scaled,RBF SVM,2,3,294,0,0.0001386761575586233,0,0.5,0
main_scaled,RBF SVM,2,3,305,0,0.002661383921140123,0,0.5,0
main_scaled,RBF SVM,2,3,312,0,0.00036537583052137,0,0.5,0
main_scaled,RBF SVM,2,3,322,0,0.0022067569567114156,0,0.5,0
main_scaled,RBF SVM,2,3,326,0,0.0009261544750493935,0,0.5,0
main_scaled,RBF SVM,2,3,329,1,0.9294327085097125,1,0.5,1
main_scaled,RBF SVM,2,3,339,1,0.9999999995706319,1,0.5,1
main_scaled,RBF SVM,2,3,344,0,0.00174973907449961,0,0.5,0
main_scaled,RBF SVM,2,3,349,0,0.00023069265371007623,0,0.5,0
main_scaled,RBF SVM,2,3,369,1,0.9999999978606212,1,0.5,1
main_scaled,RBF SVM,2,3,378,0,0.006536169110049674,0,0.5,0
main_scaled,RBF SVM,2,3,389,1,0.999999977073998,1,0.5,1
main_scaled,RBF SVM,2,3,390,0,6.11493795379394e-05,0,0.5,0
main_scaled,RBF SVM,2,3,391,0,0.00023079832543398542,0,0.5,0
main_scaled,RBF SVM,2,3,392,1,0.9999999894350704,1,0.5,1
main_scaled,RBF SVM,2,3,402,0,0.0012112915096115786,0,0.5,0
main_scaled,RBF SVM,2,3,403,0,0.002186061345958934,0,0.5,0
main_scaled,RBF SVM,2,3,409,0,0.040228556566102504,0,0.5,0
main_scaled,RBF SVM,2,3,411,0,0.0020087035394348632,0,0.5,0
main_scaled,RBF SVM,2,3,419,0,0.0015215522266012688,0,0.5,0
main_scaled,RBF SVM,2,3,422,0,0.0014742746430259468,0,0.5,0
main_scaled,RBF SVM,2,3,442,0,0.0005197904152496949,0,0.5,0
main_scaled,RBF SVM,2,3,443,0,0.00069564115285631,0,0.5,0
main_scaled,RBF SVM,2,3,445,0,0.021195049977192387,0,0.5,0
main_scaled,RBF SVM,2,3,449,1,0.9999999996671796,1,0.5,1
main_scaled,RBF SVM,2,3,461,1,0.6108926770443398,1,0.5,1
main_scaled,RBF SVM,2,3,464,0,0.017786780269609916,0,0.5,0
main_scaled,RBF SVM,2,3,468,1,0.9954807258676035,1,0.5,1
main_scaled,RBF SVM,2,3,482,0,0.007700270487048318,0,0.5,0
main_scaled,RBF SVM,2,3,484,0,0.04779488772104402,0,0.5,0
main_scaled,RBF SVM,2,3,487,1,0.9999999998747287,1,0.5,1
main_scaled,RBF SVM,2,3,494,0,0.0055409938757400665,0,0.5,0
main_scaled,RBF SVM,2,3,502,0,0.004339789210112341,0,0.5,0
main_scaled,RBF SVM,2,3,514,1,0.5,1,0.5,1
main_scaled,RBF SVM,2,3,515,0,0.002841875470265672,0,0.5,0
main_scaled,RBF SVM,2,3,519,0,0.01031721405898281,0,0.5,0
main_scaled,RBF SVM,2,3,521,1,0.9999999889469222,1,0.5,1
main_scaled,RBF SVM,2,3,531,0,0.03306670454952759,0,0.5,0
main_scaled,RBF SVM,2,3,532,0,0.008879527482376982,0,0.5,0
main_scaled,RBF SVM,2,3,533,1,0.9999999850023653,1,0.5,1
main_scaled,RBF SVM,2,3,534,0,0.0004195739935195895,0,0.5,0
main_scaled,RBF SVM,2,3,539,0,0.0003904709527391198,0,0.5,0
main_scaled,RBF SVM,2,3,540,0,9.486049547353485e-05,0,0.5,0
main_scaled,RBF SVM,2,3,542,0,0.48642972641592225,0,0.5,0
main_scaled,RBF SVM,2,3,544,0,0.002322127181188038,0,0.5,0
main_scaled,RBF SVM,2,3,545,0,0.03278828661910378,0,0.5,0
main_scaled,RBF SVM,2,3,549,0,0.008290035911540554,0,0.5,0
main_scaled,RBF SVM,2,3,550,0,0.00028016283060295483,0,0.5,0
main_scaled,RBF SVM,2,3,552,0,0.06180448518104043,0,0.5,0
main_scaled,RBF SVM,2,3,556,0,4.64205829070562e-05,0,0.5,0
main_scaled,RBF SVM,2,3,564,1,0.9999999991663059,1,0.5,1
main_scaled,RBF SVM,2,4,8,1,0.9961821462752444,1,0.4273655745269958,1
main_scaled,RBF SVM,2,4,9,1,0.9888645278715597,1,0.4273655745269958,1
main_scaled,RBF SVM,2,4,11,1,0.993516527817052,1,0.4273655745269958,1
main_scaled,RBF SVM,2,4,15,1,0.9999989556814448,1,0.4273655745269958,1
main_scaled,RBF SVM,2,4,23,1,0.999999999990857,1,0.4273655745269958,1
main_scaled,RBF SVM,2,4,25,1,0.9999993076595417,1,0.4273655745269958,1
main_scaled,RBF SVM,2,4,27,1,0.9999999871066224,1,0.4273655745269958,1
main_scaled,RBF SVM,2,4,31,1,0.9807202721808936,1,0.4273655745269958,1
main_scaled,RBF SVM,2,4,33,1,0.9999999994182605,1,0.4273655745269958,1
main_scaled,RBF SVM,2,4,44,1,0.893788468737764,1,0.4273655745269958,1
main_scaled,RBF SVM,2,4,45,1,0.9999999977642106,1,0.4273655745269958,1
main_scaled,RBF SVM,2,4,46,0,9.621200165417207e-05,0,0.4273655745269958,0
main_scaled,RBF SVM,2,4,47,1,0.9924311558541731,1,0.4273655745269958,1
main_scaled,RBF SVM,2,4,52,0,0.0021655391302733656,0,0.4273655745269958,0
main_scaled,RBF SVM,2,4,65,1,0.9971080622419658,1,0.4273655745269958,1
main_scaled,RBF SVM,2,4,66,0,0.0017551992237023585,0,0.4273655745269958,0
main_scaled,RBF SVM,2,4,75,1,0.9999994533122323,1,0.4273655745269958,1
main_scaled,RBF SVM,2,4,90,0,0.06586611020268839,0,0.4273655745269958,0
main_scaled,RBF SVM,2,4,94,1,0.9999860971122309,1,0.4273655745269958,1
main_scaled,RBF SVM,2,4,96,0,0.0009112900131708389,0,0.4273655745269958,0
main_scaled,RBF SVM,2,4,103,0,0.0038481980430666585,0,0.4273655745269958,0
main_scaled,RBF SVM,2,4,104,0,0.0004033379228557555,0,0.4273655745269958,0
main_scaled,RBF SVM,2,4,106,0,0.10318934713637591,0,0.4273655745269958,0
main_scaled,RBF SVM,2,4,108,1,0.9999992865481967,1,0.4273655745269958,1
main_scaled,RBF SVM,2,4,114,0,0.0012045423024053291,0,0.4273655745269958,0
main_scaled,RBF SVM,2,4,115,0,0.009687492532761128,0,0.4273655745269958,0
main_scaled,RBF SVM,2,4,116,0,0.00020295114706680257,0,0.4273655745269958,0
main_scaled,RBF SVM,2,4,119,1,0.9971828116593275,1,0.4273655745269958,1
main_scaled,RBF SVM,2,4,124,0,0.001023292500510196,0,0.4273655745269958,0
main_scaled,RBF SVM,2,4,126,1,0.9463888111683291,1,0.4273655745269958,1
main_scaled,RBF SVM,2,4,128,0,0.11219709667290502,0,0.4273655745269958,0
main_scaled,RBF SVM,2,4,142,0,0.0011276622814676747,0,0.4273655745269958,0
main_scaled,RBF SVM,2,4,157,0,0.48821825303295613,0,0.4273655745269958,1
main_scaled,RBF SVM,2,4,170,0,0.0012638152075476901,0,0.4273655745269958,0
main_scaled,RBF SVM,2,4,175,0,8.263969896364217e-05,0,0.4273655745269958,0
main_scaled,RBF SVM,2,4,176,0,0.0020857918299899106,0,0.4273655745269958,0
main_scaled,RBF SVM,2,4,178,0,0.010370773148814807,0,0.4273655745269958,0
main_scaled,RBF SVM,2,4,191,0,0.026058698151788583,0,0.4273655745269958,0
main_scaled,RBF SVM,2,4,205,1,0.545110680438797,1,0.4273655745269958,1
main_scaled,RBF SVM,2,4,215,1,0.4273655745269958,0,0.4273655745269958,1
main_scaled,RBF SVM,2,4,216,0,0.010054268078365604,0,0.4273655745269958,0
main_scaled,RBF SVM,2,4,221,0,0.0047701516940861916,0,0.4273655745269958,0
main_scaled,RBF SVM,2,4,225,0,0.20271779842461463,0,0.4273655745269958,0
main_scaled,RBF SVM,2,4,227,0,0.017487718334864646,0,0.4273655745269958,0
main_scaled,RBF SVM,2,4,228,0,0.05653994898264124,0,0.4273655745269958,0
main_scaled,RBF SVM,2,4,236,1,0.9999999999970771,1,0.4273655745269958,1
main_scaled,RBF SVM,2,4,237,1,0.9999999140128482,1,0.4273655745269958,1
main_scaled,RBF SVM,2,4,242,0,0.015876771942933816,0,0.4273655745269958,0
main_scaled,RBF SVM,2,4,244,1,0.9999999965421946,1,0.4273655745269958,1
main_scaled,RBF SVM,2,4,246,0,0.004444091341605688,0,0.4273655745269958,0
main_scaled,RBF SVM,2,4,256,1,0.9999999999303009,1,0.4273655745269958,1
main_scaled,RBF SVM,2,4,272,1,0.9999999998046876,1,0.4273655745269958,1
main_scaled,RBF SVM,2,4,273,0,0.0009811167441328298,0,0.4273655745269958,0
main_scaled,RBF SVM,2,4,277,1,0.9825866564502448,1,0.4273655745269958,1
main_scaled,RBF SVM,2,4,278,0,0.022185704906911137,0,0.4273655745269958,0
main_scaled,RBF SVM,2,4,286,0,0.0010168882767641072,0,0.4273655745269958,0
main_scaled,RBF SVM,2,4,288,0,0.07969996083682133,0,0.4273655745269958,0
main_scaled,RBF SVM,2,4,300,1,0.9999999999640121,1,0.4273655745269958,1
main_scaled,RBF SVM,2,4,308,0,0.0013096494833790058,0,0.4273655745269958,0
main_scaled,RBF SVM,2,4,319,0,0.001734172399798098,0,0.4273655745269958,0
main_scaled,RBF SVM,2,4,320,0,0.00014263924354933853,0,0.4273655745269958,0
main_scaled,RBF SVM,2,4,332,0,0.006417703373557954,0,0.4273655745269958,0
main_scaled,RBF SVM,2,4,337,1,0.9999999996478701,1,0.4273655745269958,1
main_scaled,RBF SVM,2,4,341,0,0.0002506593947194191,0,0.4273655745269958,0
main_scaled,RBF SVM,2,4,346,0,0.004267430195390816,0,0.4273655745269958,0
main_scaled,RBF SVM,2,4,347,0,0.06070057274350613,0,0.4273655745269958,0
main_scaled,RBF SVM,2,4,350,0,0.00235609481302104,0,0.4273655745269958,0
main_scaled,RBF SVM,2,4,364,0,0.004355233266993598,0,0.4273655745269958,0
main_scaled,RBF SVM,2,4,370,1,0.9999999710135297,1,0.4273655745269958,1
main_scaled,RBF SVM,2,4,371,0,0.0023680219733088663,0,0.4273655745269958,0
main_scaled,RBF SVM,2,4,377,0,0.04867007523267121,0,0.4273655745269958,0
main_scaled,RBF SVM,2,4,382,0,0.00021217818442078286,0,0.4273655745269958,0
main_scaled,RBF SVM,2,4,397,0,0.0013422727206591392,0,0.4273655745269958,0
main_scaled,RBF SVM,2,4,401,0,0.0024035539790290064,0,0.4273655745269958,0
main_scaled,RBF SVM,2,4,405,0,0.004280875304754172,0,0.4273655745269958,0
main_scaled,RBF SVM,2,4,423,0,0.04248223996637121,0,0.4273655745269958,0
main_scaled,RBF SVM,2,4,426,0,0.00036964765501440054,0,0.4273655745269958,0
main_scaled,RBF SVM,2,4,433,1,0.9999999984609869,1,0.4273655745269958,1
main_scaled,RBF SVM,2,4,435,1,0.9853889340428618,1,0.4273655745269958,1
main_scaled,RBF SVM,2,4,437,0,0.027645648701814966,0,0.4273655745269958,0
main_scaled,RBF SVM,2,4,438,0,0.02474716876187524,0,0.4273655745269958,0
main_scaled,RBF SVM,2,4,440,0,0.009209089277507949,0,0.4273655745269958,0
main_scaled,RBF SVM,2,4,441,1,0.9999992473989278,1,0.4273655745269958,1
main_scaled,RBF SVM,2,4,450,0,0.00020475408897373352,0,0.4273655745269958,0
main_scaled,RBF SVM,2,4,451,1,0.9999999978704901,1,0.4273655745269958,1
main_scaled,RBF SVM,2,4,453,0,0.01636783913137966,0,0.4273655745269958,0
main_scaled,RBF SVM,2,4,458,0,0.05356790053159028,0,0.4273655745269958,0
main_scaled,RBF SVM,2,4,460,1,0.9999999999408163,1,0.4273655745269958,1
main_scaled,RBF SVM,2,4,467,0,0.0014834563228306402,0,0.4273655745269958,0
main_scaled,RBF SVM,2,4,470,0,0.0016835062197467783,0,0.4273655745269958,0
main_scaled,RBF SVM,2,4,472,0,0.021868701293303892,0,0.4273655745269958,0
main_scaled,RBF SVM,2,4,473,0,0.010310093861541605,0,0.4273655745269958,0
main_scaled,RBF SVM,2,4,477,0,0.004295961864813171,0,0.4273655745269958,0
main_scaled,RBF SVM,2,4,481,0,0.07653990188482174,0,0.4273655745269958,0
main_scaled,RBF SVM,2,4,483,0,0.015844588287228886,0,0.4273655745269958,0
main_scaled,RBF SVM,2,4,489,1,0.6882726714386014,1,0.4273655745269958,1
main_scaled,RBF SVM,2,4,492,1,0.9999999168778353,1,0.4273655745269958,1
main_scaled,RBF SVM,2,4,495,0,0.12262588645720873,0,0.4273655745269958,0
main_scaled,RBF SVM,2,4,503,1,0.9999999992014854,1,0.4273655745269958,1
main_scaled,RBF SVM,2,4,505,0,0.01859930053390196,0,0.4273655745269958,0
main_scaled,RBF SVM,2,4,512,1,0.9962460360943582,1,0.4273655745269958,1
main_scaled,RBF SVM,2,4,513,0,0.03437795386205684,0,0.4273655745269958,0
main_scaled,RBF SVM,2,4,516,1,0.999999977011888,1,0.4273655745269958,1
main_scaled,RBF SVM,2,4,524,0,0.0003292315043667876,0,0.4273655745269958,0
main_scaled,RBF SVM,2,4,527,0,0.002220757109492855,0,0.4273655745269958,0
main_scaled,RBF SVM,2,4,536,1,0.82436109297608,1,0.4273655745269958,1
main_scaled,RBF SVM,2,4,541,0,0.46055227713858365,0,0.4273655745269958,1
main_scaled,RBF SVM,2,4,543,0,0.05255217396190398,0,0.4273655745269958,0
main_scaled,RBF SVM,2,4,547,0,0.00012962423619890858,0,0.4273655745269958,0
main_scaled,RBF SVM,2,4,551,0,0.0006237810962804394,0,0.4273655745269958,0
main_scaled,RBF SVM,2,4,561,0,0.0023676836015053882,0,0.4273655745269958,0
main_scaled,RBF SVM,2,4,565,1,0.9999999995646494,1,0.4273655745269958,1
main_scaled,RBF SVM,2,4,567,1,0.9999999979209099,1,0.4273655745269958,1
main_scaled,RBF SVM,2,4,568,0,0.0027611247239643453,0,0.4273655745269958,0
main_scaled,RBF SVM,2,5,1,1,0.9999999550345584,1,0.4435753345014088,1
main_scaled,RBF SVM,2,5,4,1,0.9999997803414593,1,0.4435753345014088,1
main_scaled,RBF SVM,2,5,7,1,0.9677304878010656,1,0.4435753345014088,1
main_scaled,RBF SVM,2,5,13,1,0.8993978023196708,1,0.4435753345014088,1
main_scaled,RBF SVM,2,5,18,1,0.9999999999998216,1,0.4435753345014088,1
main_scaled,RBF SVM,2,5,20,0,0.0016178343161239027,0,0.4435753345014088,0
main_scaled,RBF SVM,2,5,22,1,0.9909991351362666,1,0.4435753345014088,1
main_scaled,RBF SVM,2,5,28,1,0.999999999554368,1,0.4435753345014088,1
main_scaled,RBF SVM,2,5,32,1,0.9999999999872708,1,0.4435753345014088,1
main_scaled,RBF SVM,2,5,34,1,0.99999941906891,1,0.4435753345014088,1
main_scaled,RBF SVM,2,5,41,1,0.857724002427494,1,0.4435753345014088,1
main_scaled,RBF SVM,2,5,42,1,0.9999997765334556,1,0.4435753345014088,1
main_scaled,RBF SVM,2,5,48,0,0.006358417840450073,0,0.4435753345014088,0
main_scaled,RBF SVM,2,5,53,1,0.9999970525925989,1,0.4435753345014088,1
main_scaled,RBF SVM,2,5,58,0,0.0015119603368250708,0,0.4435753345014088,0
main_scaled,RBF SVM,2,5,64,1,0.9999865341346902,1,0.4435753345014088,1
main_scaled,RBF SVM,2,5,70,1,0.9999999983982115,1,0.4435753345014088,1
main_scaled,RBF SVM,2,5,71,0,0.0009414411787628212,0,0.4435753345014088,0
main_scaled,RBF SVM,2,5,77,1,0.9999988185981128,1,0.4435753345014088,1
main_scaled,RBF SVM,2,5,79,0,0.003690431221104517,0,0.4435753345014088,0
main_scaled,RBF SVM,2,5,92,0,0.006639649690635079,0,0.4435753345014088,0
main_scaled,RBF SVM,2,5,110,0,0.00020831708307279608,0,0.4435753345014088,0
main_scaled,RBF SVM,2,5,112,0,0.15838762395282746,0,0.4435753345014088,0
main_scaled,RBF SVM,2,5,125,0,0.003132435418896266,0,0.4435753345014088,0
main_scaled,RBF SVM,2,5,129,1,0.9999999999913833,1,0.4435753345014088,1
main_scaled,RBF SVM,2,5,130,0,0.0003637383214493083,0,0.4435753345014088,0
main_scaled,RBF SVM,2,5,133,0,0.07239608752213976,0,0.4435753345014088,0
main_scaled,RBF SVM,2,5,145,0,8.178900323053005e-05,0,0.4435753345014088,0
main_scaled,RBF SVM,2,5,149,0,0.001986479045331912,0,0.4435753345014088,0
main_scaled,RBF SVM,2,5,155,0,0.004202212093095619,0,0.4435753345014088,0
main_scaled,RBF SVM,2,5,156,1,0.9999998653845374,1,0.4435753345014088,1
main_scaled,RBF SVM,2,5,161,1,0.9999981051817505,1,0.4435753345014088,1
main_scaled,RBF SVM,2,5,169,0,0.009353730569788849,0,0.4435753345014088,0
main_scaled,RBF SVM,2,5,171,1,0.907514722248305,1,0.4435753345014088,1
main_scaled,RBF SVM,2,5,172,1,0.9813990900841667,1,0.4435753345014088,1
main_scaled,RBF SVM,2,5,173,0,4.502178824398548e-05,0,0.4435753345014088,0
main_scaled,RBF SVM,2,5,177,1,0.9999920132667464,1,0.4435753345014088,1
main_scaled,RBF SVM,2,5,179,0,0.00017219946144431028,0,0.4435753345014088,0
main_scaled,RBF SVM,2,5,180,1,0.9999999992066848,1,0.4435753345014088,1
main_scaled,RBF SVM,2,5,182,1,0.9969846241939996,1,0.4435753345014088,1
main_scaled,RBF SVM,2,5,185,0,0.0011682153937860285,0,0.4435753345014088,0
main_scaled,RBF SVM,2,5,206,0,0.00027181239563197365,0,0.4435753345014088,0
main_scaled,RBF SVM,2,5,217,0,7.578095933170844e-05,0,0.4435753345014088,0
main_scaled,RBF SVM,2,5,219,1,0.9999999999897912,1,0.4435753345014088,1
main_scaled,RBF SVM,2,5,220,0,0.0010340763789075272,0,0.4435753345014088,0
main_scaled,RBF SVM,2,5,222,0,0.0001787828938301005,0,0.4435753345014088,0
main_scaled,RBF SVM,2,5,223,1,0.9999972479831739,1,0.4435753345014088,1
main_scaled,RBF SVM,2,5,233,1,0.9999999999577808,1,0.4435753345014088,1
main_scaled,RBF SVM,2,5,247,0,0.03299619888468551,0,0.4435753345014088,0
main_scaled,RBF SVM,2,5,262,1,0.9999928706091975,1,0.4435753345014088,1
main_scaled,RBF SVM,2,5,263,1,0.4435753345014088,0,0.4435753345014088,1
main_scaled,RBF SVM,2,5,264,1,0.999999993092023,1,0.4435753345014088,1
main_scaled,RBF SVM,2,5,265,1,0.9999999999863401,1,0.4435753345014088,1
main_scaled,RBF SVM,2,5,275,0,0.06191725792117617,0,0.4435753345014088,0
main_scaled,RBF SVM,2,5,276,0,0.0001251164300290778,0,0.4435753345014088,0
main_scaled,RBF SVM,2,5,287,0,0.0001628891556810142,0,0.4435753345014088,0
main_scaled,RBF SVM,2,5,297,1,0.0037422255354452017,0,0.4435753345014088,0
main_scaled,RBF SVM,2,5,299,0,0.0002561252544725783,0,0.4435753345014088,0
main_scaled,RBF SVM,2,5,302,1,0.9999999999150221,1,0.4435753345014088,1
main_scaled,RBF SVM,2,5,303,0,0.00019096821374540264,0,0.4435753345014088,0
main_scaled,RBF SVM,2,5,304,0,9.7691169829039e-05,0,0.4435753345014088,0
main_scaled,RBF SVM,2,5,306,0,0.0009076444977995928,0,0.4435753345014088,0
main_scaled,RBF SVM,2,5,307,0,3.584735636638429e-05,0,0.4435753345014088,0
main_scaled,RBF SVM,2,5,317,1,0.9999997652581228,1,0.4435753345014088,1
main_scaled,RBF SVM,2,5,327,0,0.0002661915609419643,0,0.4435753345014088,0
main_scaled,RBF SVM,2,5,328,1,0.9999997805455106,1,0.4435753345014088,1
main_scaled,RBF SVM,2,5,333,0,0.00021963873770417742,0,0.4435753345014088,0
main_scaled,RBF SVM,2,5,334,0,0.0008973160524383037,0,0.4435753345014088,0
main_scaled,RBF SVM,2,5,338,0,0.00044998121695657034,0,0.4435753345014088,0
main_scaled,RBF SVM,2,5,342,0,0.0007639238708962634,0,0.4435753345014088,0
main_scaled,RBF SVM,2,5,345,0,0.00011009862210703798,0,0.4435753345014088,0
main_scaled,RBF SVM,2,5,353,1,0.9999997532843273,1,0.4435753345014088,1
main_scaled,RBF SVM,2,5,355,0,0.0020543913278761486,0,0.4435753345014088,0
main_scaled,RBF SVM,2,5,360,0,0.0010462088495762605,0,0.4435753345014088,0
main_scaled,RBF SVM,2,5,362,0,0.0016072276309800108,0,0.4435753345014088,0
main_scaled,RBF SVM,2,5,373,1,0.9999999994504686,1,0.4435753345014088,1
main_scaled,RBF SVM,2,5,375,0,0.05953221859623741,0,0.4435753345014088,0
main_scaled,RBF SVM,2,5,376,0,0.012615873650372549,0,0.4435753345014088,0
main_scaled,RBF SVM,2,5,381,0,0.00013759532063300245,0,0.4435753345014088,0
main_scaled,RBF SVM,2,5,385,1,0.8611850522301601,1,0.4435753345014088,1
main_scaled,RBF SVM,2,5,396,0,0.22050434092173576,0,0.4435753345014088,0
main_scaled,RBF SVM,2,5,400,1,0.9999999990924261,1,0.4435753345014088,1
main_scaled,RBF SVM,2,5,407,0,0.0006026319858825163,0,0.4435753345014088,0
main_scaled,RBF SVM,2,5,410,0,0.02837387345625821,0,0.4435753345014088,0
main_scaled,RBF SVM,2,5,413,0,0.5842599823262479,1,0.4435753345014088,1
main_scaled,RBF SVM,2,5,424,0,0.0062405204532418705,0,0.4435753345014088,0
main_scaled,RBF SVM,2,5,425,0,0.0002634554235185022,0,0.4435753345014088,0
main_scaled,RBF SVM,2,5,427,0,0.009291794068461557,0,0.4435753345014088,0
main_scaled,RBF SVM,2,5,428,0,6.0154367160533924e-05,0,0.4435753345014088,0
main_scaled,RBF SVM,2,5,432,1,0.9999999997969764,1,0.4435753345014088,1
main_scaled,RBF SVM,2,5,436,0,0.008697298818685742,0,0.4435753345014088,0
main_scaled,RBF SVM,2,5,444,1,0.9871233050492298,1,0.4435753345014088,1
main_scaled,RBF SVM,2,5,447,0,0.0759867235481944,0,0.4435753345014088,0
main_scaled,RBF SVM,2,5,459,0,0.0008192646822520298,0,0.4435753345014088,0
main_scaled,RBF SVM,2,5,462,0,0.08560129663048867,0,0.4435753345014088,0
main_scaled,RBF SVM,2,5,463,0,0.002294933469257038,0,0.4435753345014088,0
main_scaled,RBF SVM,2,5,469,0,0.3141699483040627,0,0.4435753345014088,0
main_scaled,RBF SVM,2,5,485,0,0.02069370559872778,0,0.4435753345014088,0
main_scaled,RBF SVM,2,5,488,0,0.005912835158887777,0,0.4435753345014088,0
main_scaled,RBF SVM,2,5,493,0,5.044551857892305e-05,0,0.4435753345014088,0
main_scaled,RBF SVM,2,5,497,0,0.004952793241198621,0,0.4435753345014088,0
main_scaled,RBF SVM,2,5,499,1,0.9999999999939455,1,0.4435753345014088,1
main_scaled,RBF SVM,2,5,500,0,0.029320842931813505,0,0.4435753345014088,0
main_scaled,RBF SVM,2,5,507,0,0.0020075549898927224,0,0.4435753345014088,0
main_scaled,RBF SVM,2,5,509,1,0.9999992156002797,1,0.4435753345014088,1
main_scaled,RBF SVM,2,5,510,0,4.2706336891118674e-05,0,0.4435753345014088,0
main_scaled,RBF SVM,2,5,525,0,0.0001928579875437647,0,0.4435753345014088,0
main_scaled,RBF SVM,2,5,537,0,0.1638738562044929,0,0.4435753345014088,0
main_scaled,RBF SVM,2,5,546,0,0.0001572347057198013,0,0.4435753345014088,0
main_scaled,RBF SVM,2,5,548,0,0.0001425598791597926,0,0.4435753345014088,0
main_scaled,RBF SVM,2,5,553,0,8.590737238244984e-05,0,0.4435753345014088,0
main_scaled,RBF SVM,2,5,554,0,0.06455566343859423,0,0.4435753345014088,0
main_scaled,RBF SVM,2,5,559,0,0.008660966149482642,0,0.4435753345014088,0
main_scaled,RBF SVM,3,1,1,1,0.999999108300427,1,0.3127828131432312,1
main_scaled,RBF SVM,3,1,3,1,0.9500920514740249,1,0.3127828131432312,1
main_scaled,RBF SVM,3,1,4,1,0.9999968507881186,1,0.3127828131432312,1
main_scaled,RBF SVM,3,1,5,1,0.8783752612901302,1,0.3127828131432312,1
main_scaled,RBF SVM,3,1,10,1,0.8906608010451457,1,0.3127828131432312,1
main_scaled,RBF SVM,3,1,30,1,0.9999999999372204,1,0.3127828131432312,1
main_scaled,RBF SVM,3,1,42,1,0.9999988299588319,1,0.3127828131432312,1
main_scaled,RBF SVM,3,1,43,1,0.9379973147209371,1,0.3127828131432312,1
main_scaled,RBF SVM,3,1,53,1,0.9960897635088852,1,0.3127828131432312,1
main_scaled,RBF SVM,3,1,57,1,0.9877846479640425,1,0.3127828131432312,1
main_scaled,RBF SVM,3,1,62,1,0.9928370811366914,1,0.3127828131432312,1
main_scaled,RBF SVM,3,1,65,1,0.9939390693682797,1,0.3127828131432312,1
main_scaled,RBF SVM,3,1,70,1,0.9999999467304045,1,0.3127828131432312,1
main_scaled,RBF SVM,3,1,75,1,0.999997723935567,1,0.3127828131432312,1
main_scaled,RBF SVM,3,1,79,0,0.006044470721235855,0,0.3127828131432312,0
main_scaled,RBF SVM,3,1,81,0,0.3498145685027361,0,0.3127828131432312,1
main_scaled,RBF SVM,3,1,83,1,0.9944846692640738,1,0.3127828131432312,1
main_scaled,RBF SVM,3,1,92,0,0.022073324355636872,0,0.3127828131432312,0
main_scaled,RBF SVM,3,1,93,0,0.024178814539878538,0,0.3127828131432312,0
main_scaled,RBF SVM,3,1,101,0,0.00021389120705148486,0,0.3127828131432312,0
main_scaled,RBF SVM,3,1,108,1,0.9999842970218544,1,0.3127828131432312,1
main_scaled,RBF SVM,3,1,110,0,0.0006672307026858382,0,0.3127828131432312,0
main_scaled,RBF SVM,3,1,111,0,0.020355858445309988,0,0.3127828131432312,0
main_scaled,RBF SVM,3,1,114,0,0.0009124558779273742,0,0.3127828131432312,0
main_scaled,RBF SVM,3,1,115,0,0.01119664751300241,0,0.3127828131432312,0
main_scaled,RBF SVM,3,1,122,1,0.9680367286091687,1,0.3127828131432312,1
main_scaled,RBF SVM,3,1,142,0,0.001297140969778091,0,0.3127828131432312,0
main_scaled,RBF SVM,3,1,144,0,0.00037345138364502033,0,0.3127828131432312,0
main_scaled,RBF SVM,3,1,145,0,0.00013704861934483038,0,0.3127828131432312,0
main_scaled,RBF SVM,3,1,149,0,0.0033298460703913148,0,0.3127828131432312,0
main_scaled,RBF SVM,3,1,158,0,0.0008361938399798092,0,0.3127828131432312,0
main_scaled,RBF SVM,3,1,163,0,0.006646990772889032,0,0.3127828131432312,0
main_scaled,RBF SVM,3,1,177,1,0.9954215256380635,1,0.3127828131432312,1
main_scaled,RBF SVM,3,1,180,1,0.9999999044740513,1,0.3127828131432312,1
main_scaled,RBF SVM,3,1,181,1,0.9999999852895904,1,0.3127828131432312,1
main_scaled,RBF SVM,3,1,188,0,0.004753496695893607,0,0.3127828131432312,0
main_scaled,RBF SVM,3,1,191,0,0.02101416252709231,0,0.3127828131432312,0
main_scaled,RBF SVM,3,1,206,0,0.0008084895923445131,0,0.3127828131432312,0
main_scaled,RBF SVM,3,1,220,0,0.0020957396922325344,0,0.3127828131432312,0
main_scaled,RBF SVM,3,1,222,0,0.0005279370033726942,0,0.3127828131432312,0
main_scaled,RBF SVM,3,1,223,1,0.997422078817927,1,0.3127828131432312,1
main_scaled,RBF SVM,3,1,225,0,0.18083688496170303,0,0.3127828131432312,0
main_scaled,RBF SVM,3,1,233,1,0.9999999931070543,1,0.3127828131432312,1
main_scaled,RBF SVM,3,1,243,0,0.03528859159294565,0,0.3127828131432312,0
main_scaled,RBF SVM,3,1,248,0,0.05472995342095909,0,0.3127828131432312,0
main_scaled,RBF SVM,3,1,250,1,0.9999999996496076,1,0.3127828131432312,1
main_scaled,RBF SVM,3,1,258,1,0.9999956713806181,1,0.3127828131432312,1
main_scaled,RBF SVM,3,1,263,1,0.3127828131432312,0,0.3127828131432312,1
main_scaled,RBF SVM,3,1,288,0,0.08208568436005172,0,0.3127828131432312,0
main_scaled,RBF SVM,3,1,294,0,0.00044706265920634286,0,0.3127828131432312,0
main_scaled,RBF SVM,3,1,295,0,0.0011084614856976018,0,0.3127828131432312,0
main_scaled,RBF SVM,3,1,296,0,5.344697953828326e-05,0,0.3127828131432312,0
main_scaled,RBF SVM,3,1,298,0,0.02592588444834032,0,0.3127828131432312,0
main_scaled,RBF SVM,3,1,303,0,0.0006082414589747955,0,0.3127828131432312,0
main_scaled,RBF SVM,3,1,306,0,0.0016748872739697643,0,0.3127828131432312,0
main_scaled,RBF SVM,3,1,309,0,0.0022667517308009155,0,0.3127828131432312,0
main_scaled,RBF SVM,3,1,310,0,0.004440061462845518,0,0.3127828131432312,0
main_scaled,RBF SVM,3,1,317,1,0.9999960253766873,1,0.3127828131432312,1
main_scaled,RBF SVM,3,1,331,0,0.021366402141645518,0,0.3127828131432312,0
main_scaled,RBF SVM,3,1,332,0,0.009880536360833012,0,0.3127828131432312,0
main_scaled,RBF SVM,3,1,337,1,0.9999999993045039,1,0.3127828131432312,1
main_scaled,RBF SVM,3,1,350,0,0.002996244556287678,0,0.3127828131432312,0
main_scaled,RBF SVM,3,1,352,1,0.9999995119176649,1,0.3127828131432312,1
main_scaled,RBF SVM,3,1,357,0,0.0049851689037358005,0,0.3127828131432312,0
main_scaled,RBF SVM,3,1,359,0,0.004548148372956501,0,0.3127828131432312,0
main_scaled,RBF SVM,3,1,362,0,0.0036694727839201658,0,0.3127828131432312,0
main_scaled,RBF SVM,3,1,366,1,0.9999999997872052,1,0.3127828131432312,1
main_scaled,RBF SVM,3,1,370,1,0.9999999767785374,1,0.3127828131432312,1
main_scaled,RBF SVM,3,1,379,1,0.9823939416942252,1,0.3127828131432312,1
main_scaled,RBF SVM,3,1,380,0,0.011565218092985672,0,0.3127828131432312,0
main_scaled,RBF SVM,3,1,386,0,0.0007862843985024652,0,0.3127828131432312,0
main_scaled,RBF SVM,3,1,391,0,0.0009284185284381446,0,0.3127828131432312,0
main_scaled,RBF SVM,3,1,397,0,0.001487590636653366,0,0.3127828131432312,0
main_scaled,RBF SVM,3,1,398,0,0.0009178560706992866,0,0.3127828131432312,0
main_scaled,RBF SVM,3,1,400,1,0.9999999331725669,1,0.3127828131432312,1
main_scaled,RBF SVM,3,1,403,0,0.0026619590446650496,0,0.3127828131432312,0
main_scaled,RBF SVM,3,1,410,0,0.06815993087890508,0,0.3127828131432312,0
main_scaled,RBF SVM,3,1,412,0,0.0001265867509612022,0,0.3127828131432312,0
main_scaled,RBF SVM,3,1,413,0,0.5072833268609044,1,0.3127828131432312,1
main_scaled,RBF SVM,3,1,414,1,0.9453335050474932,1,0.3127828131432312,1
main_scaled,RBF SVM,3,1,418,0,0.0013832882523761938,0,0.3127828131432312,0
main_scaled,RBF SVM,3,1,422,0,0.002762535390745355,0,0.3127828131432312,0
main_scaled,RBF SVM,3,1,423,0,0.06139798546160219,0,0.3127828131432312,0
main_scaled,RBF SVM,3,1,424,0,0.012926415838007662,0,0.3127828131432312,0
main_scaled,RBF SVM,3,1,429,0,0.002758939775116305,0,0.3127828131432312,0
main_scaled,RBF SVM,3,1,437,0,0.029363198300896308,0,0.3127828131432312,0
main_scaled,RBF SVM,3,1,444,1,0.9642391986379582,1,0.3127828131432312,1
main_scaled,RBF SVM,3,1,445,0,0.03029660538530155,0,0.3127828131432312,0
main_scaled,RBF SVM,3,1,448,0,0.09116963292138397,0,0.3127828131432312,0
main_scaled,RBF SVM,3,1,451,1,0.9999999810541643,1,0.3127828131432312,1
main_scaled,RBF SVM,3,1,454,0,0.01673578259449899,0,0.3127828131432312,0
main_scaled,RBF SVM,3,1,456,0,0.21683223254441292,0,0.3127828131432312,0
main_scaled,RBF SVM,3,1,458,0,0.03826732692744439,0,0.3127828131432312,0
main_scaled,RBF SVM,3,1,460,1,0.9999999994015658,1,0.3127828131432312,1
main_scaled,RBF SVM,3,1,462,0,0.07213385179332893,0,0.3127828131432312,0
main_scaled,RBF SVM,3,1,464,0,0.0250312682405068,0,0.3127828131432312,0
main_scaled,RBF SVM,3,1,467,0,0.002511492716454917,0,0.3127828131432312,0
main_scaled,RBF SVM,3,1,468,1,0.9958743976566982,1,0.3127828131432312,1
main_scaled,RBF SVM,3,1,476,0,0.08103386033689211,0,0.3127828131432312,0
main_scaled,RBF SVM,3,1,478,0,0.0009919001535457325,0,0.3127828131432312,0
main_scaled,RBF SVM,3,1,492,1,0.9999994154932638,1,0.3127828131432312,1
main_scaled,RBF SVM,3,1,503,1,0.9999999902692427,1,0.3127828131432312,1
main_scaled,RBF SVM,3,1,514,1,0.4669165896263099,0,0.3127828131432312,1
main_scaled,RBF SVM,3,1,535,1,0.9999999955753207,1,0.3127828131432312,1
main_scaled,RBF SVM,3,1,536,1,0.797707246060284,1,0.3127828131432312,1
main_scaled,RBF SVM,3,1,537,0,0.09675314623584462,0,0.3127828131432312,0
main_scaled,RBF SVM,3,1,544,0,0.004465006686661689,0,0.3127828131432312,0
main_scaled,RBF SVM,3,1,548,0,0.0008714323555331976,0,0.3127828131432312,0
main_scaled,RBF SVM,3,1,550,0,0.0015666901370109073,0,0.3127828131432312,0
main_scaled,RBF SVM,3,1,552,0,0.08981836869586715,0,0.3127828131432312,0
main_scaled,RBF SVM,3,1,554,0,0.08705927352391189,0,0.3127828131432312,0
main_scaled,RBF SVM,3,1,559,0,0.02236701969503643,0,0.3127828131432312,0
main_scaled,RBF SVM,3,1,560,0,0.11186283618460345,0,0.3127828131432312,0
main_scaled,RBF SVM,3,1,563,1,0.9999999976527574,1,0.3127828131432312,1
main_scaled,RBF SVM,3,2,6,1,0.9999999996259977,1,0.6189854019913419,1
main_scaled,RBF SVM,3,2,11,1,0.9971740127261536,1,0.6189854019913419,1
main_scaled,RBF SVM,3,2,14,1,0.9157774325486768,1,0.6189854019913419,1
main_scaled,RBF SVM,3,2,26,1,0.9879926378950042,1,0.6189854019913419,1
main_scaled,RBF SVM,3,2,27,1,0.9999998599154359,1,0.6189854019913419,1
main_scaled,RBF SVM,3,2,32,1,0.9999999987434407,1,0.6189854019913419,1
main_scaled,RBF SVM,3,2,38,1,0.9454034449658049,1,0.6189854019913419,1
main_scaled,RBF SVM,3,2,40,1,0.1436300546285469,0,0.6189854019913419,0
main_scaled,RBF SVM,3,2,51,0,0.001763289816200663,0,0.6189854019913419,0
main_scaled,RBF SVM,3,2,60,0,0.018128348028673153,0,0.6189854019913419,0
main_scaled,RBF SVM,3,2,61,0,0.0031471800487517135,0,0.6189854019913419,0
main_scaled,RBF SVM,3,2,67,0,0.0013514135764064014,0,0.6189854019913419,0
main_scaled,RBF SVM,3,2,69,0,0.00032633060851429305,0,0.6189854019913419,0
main_scaled,RBF SVM,3,2,71,0,0.19488721576198834,0,0.6189854019913419,0
main_scaled,RBF SVM,3,2,73,1,0.16683573169064167,0,0.6189854019913419,0
main_scaled,RBF SVM,3,2,77,1,0.9862011592863305,1,0.6189854019913419,1
main_scaled,RBF SVM,3,2,78,1,0.7722698605830955,1,0.6189854019913419,1
main_scaled,RBF SVM,3,2,80,0,0.03181061966037382,0,0.6189854019913419,0
main_scaled,RBF SVM,3,2,84,0,0.0003645974324364063,0,0.6189854019913419,0
main_scaled,RBF SVM,3,2,91,1,0.9218953187628919,1,0.6189854019913419,1
main_scaled,RBF SVM,3,2,96,0,0.0007798873300907708,0,0.6189854019913419,0
main_scaled,RBF SVM,3,2,100,1,0.9898449273188578,1,0.6189854019913419,1
main_scaled,RBF SVM,3,2,104,0,0.00015701197929500398,0,0.6189854019913419,0
main_scaled,RBF SVM,3,2,107,0,0.0022872895755308305,0,0.6189854019913419,0
main_scaled,RBF SVM,3,2,116,0,0.032020277388355445,0,0.6189854019913419,0
main_scaled,RBF SVM,3,2,118,1,0.9999997907879368,1,0.6189854019913419,1
main_scaled,RBF SVM,3,2,123,0,0.0021528345675003286,0,0.6189854019913419,0
main_scaled,RBF SVM,3,2,124,0,0.0002651317714631428,0,0.6189854019913419,0
main_scaled,RBF SVM,3,2,128,0,0.10289581361970697,0,0.6189854019913419,0
main_scaled,RBF SVM,3,2,129,1,0.9999999582081743,1,0.6189854019913419,1
main_scaled,RBF SVM,3,2,130,0,9.25828910348968e-05,0,0.6189854019913419,0
main_scaled,RBF SVM,3,2,135,1,0.09003199985216036,0,0.6189854019913419,0
main_scaled,RBF SVM,3,2,140,0,0.0018100121560436055,0,0.6189854019913419,0
main_scaled,RBF SVM,3,2,148,0,0.019763063447837726,0,0.6189854019913419,0
main_scaled,RBF SVM,3,2,151,0,0.05956171083053225,0,0.6189854019913419,0
main_scaled,RBF SVM,3,2,154,0,0.01807554203390854,0,0.6189854019913419,0
main_scaled,RBF SVM,3,2,159,0,0.001899644454468111,0,0.6189854019913419,0
main_scaled,RBF SVM,3,2,161,1,0.9869916014709272,1,0.6189854019913419,1
main_scaled,RBF SVM,3,2,162,1,0.9999986110007261,1,0.6189854019913419,1
main_scaled,RBF SVM,3,2,164,1,0.9969506797465318,1,0.6189854019913419,1
main_scaled,RBF SVM,3,2,176,0,0.061505107872776354,0,0.6189854019913419,0
main_scaled,RBF SVM,3,2,192,0,0.38898375045012007,0,0.6189854019913419,0
main_scaled,RBF SVM,3,2,200,0,0.029464939853472486,0,0.6189854019913419,0
main_scaled,RBF SVM,3,2,201,1,0.9999998151597776,1,0.6189854019913419,1
main_scaled,RBF SVM,3,2,202,1,0.9822682773897009,1,0.6189854019913419,1
main_scaled,RBF SVM,3,2,203,1,0.9999829892844401,1,0.6189854019913419,1
main_scaled,RBF SVM,3,2,212,1,0.6189854019913419,1,0.6189854019913419,1
main_scaled,RBF SVM,3,2,215,1,0.15621042745829175,0,0.6189854019913419,0
main_scaled,RBF SVM,3,2,219,1,0.9956728575408134,1,0.6189854019913419,1
main_scaled,RBF SVM,3,2,224,0,0.010852876508023121,0,0.6189854019913419,0
main_scaled,RBF SVM,3,2,228,0,0.01109544181428432,0,0.6189854019913419,0
main_scaled,RBF SVM,3,2,229,1,0.9784121092006517,1,0.6189854019913419,1
main_scaled,RBF SVM,3,2,237,1,0.9999968068006911,1,0.6189854019913419,1
main_scaled,RBF SVM,3,2,247,0,0.014847937207297036,0,0.6189854019913419,0
main_scaled,RBF SVM,3,2,251,0,0.0015309553898540675,0,0.6189854019913419,0
main_scaled,RBF SVM,3,2,259,1,0.99669220047637,1,0.6189854019913419,1
main_scaled,RBF SVM,3,2,260,1,0.9999999965848636,1,0.6189854019913419,1
main_scaled,RBF SVM,3,2,264,1,0.9999999996123162,1,0.6189854019913419,1
main_scaled,RBF SVM,3,2,272,1,0.9862618258232754,1,0.6189854019913419,1
main_scaled,RBF SVM,3,2,274,1,0.9999959593420279,1,0.6189854019913419,1
main_scaled,RBF SVM,3,2,289,0,0.0008910084197745958,0,0.6189854019913419,0
main_scaled,RBF SVM,3,2,291,0,0.22163992281066675,0,0.6189854019913419,0
main_scaled,RBF SVM,3,2,292,0,0.0008936715182843939,0,0.6189854019913419,0
main_scaled,RBF SVM,3,2,318,0,0.046303560864698744,0,0.6189854019913419,0
main_scaled,RBF SVM,3,2,322,0,0.0006352343339309706,0,0.6189854019913419,0
main_scaled,RBF SVM,3,2,325,0,0.00019455256898003078,0,0.6189854019913419,0
main_scaled,RBF SVM,3,2,326,0,0.0004956368331413363,0,0.6189854019913419,0
main_scaled,RBF SVM,3,2,327,0,0.0020142254755511264,0,0.6189854019913419,0
main_scaled,RBF SVM,3,2,341,0,4.967970523374018e-05,0,0.6189854019913419,0
main_scaled,RBF SVM,3,2,345,0,0.003235448019998716,0,0.6189854019913419,0
main_scaled,RBF SVM,3,2,347,0,0.08258413643807572,0,0.6189854019913419,0
main_scaled,RBF SVM,3,2,358,0,0.0029672836127884726,0,0.6189854019913419,0
main_scaled,RBF SVM,3,2,368,1,0.9116477532017205,1,0.6189854019913419,1
main_scaled,RBF SVM,3,2,369,1,0.9922630184688183,1,0.6189854019913419,1
main_scaled,RBF SVM,3,2,371,0,0.0013884241073935004,0,0.6189854019913419,0
main_scaled,RBF SVM,3,2,374,0,0.0011065445299283095,0,0.6189854019913419,0
main_scaled,RBF SVM,3,2,381,0,5.7278144021092865e-05,0,0.6189854019913419,0
main_scaled,RBF SVM,3,2,384,0,0.0003698094471317652,0,0.6189854019913419,0
main_scaled,RBF SVM,3,2,387,0,0.001960352256517904,0,0.6189854019913419,0
main_scaled,RBF SVM,3,2,399,0,0.0005172799435116687,0,0.6189854019913419,0
main_scaled,RBF SVM,3,2,416,0,0.018521447062670723,0,0.6189854019913419,0
main_scaled,RBF SVM,3,2,417,1,0.9820513177662442,1,0.6189854019913419,1
main_scaled,RBF SVM,3,2,421,0,0.23141831755571998,0,0.6189854019913419,0
main_scaled,RBF SVM,3,2,432,1,0.9999999552850355,1,0.6189854019913419,1
main_scaled,RBF SVM,3,2,438,0,0.005089368037704869,0,0.6189854019913419,0
main_scaled,RBF SVM,3,2,440,0,0.0033033622352432435,0,0.6189854019913419,0
main_scaled,RBF SVM,3,2,449,1,0.999999758422995,1,0.6189854019913419,1
main_scaled,RBF SVM,3,2,455,0,0.113612272473575,0,0.6189854019913419,0
main_scaled,RBF SVM,3,2,461,1,0.6192989199830108,1,0.6189854019913419,1
main_scaled,RBF SVM,3,2,469,0,0.21898406201325604,0,0.6189854019913419,0
main_scaled,RBF SVM,3,2,472,0,0.04534087199122298,0,0.6189854019913419,0
main_scaled,RBF SVM,3,2,473,0,0.03763095353414366,0,0.6189854019913419,0
main_scaled,RBF SVM,3,2,479,1,0.9649702194094459,1,0.6189854019913419,1
main_scaled,RBF SVM,3,2,482,0,0.0012568974555761908,0,0.6189854019913419,0
main_scaled,RBF SVM,3,2,486,0,0.031024505814589806,0,0.6189854019913419,0
main_scaled,RBF SVM,3,2,488,0,0.0020340190036564573,0,0.6189854019913419,0
main_scaled,RBF SVM,3,2,489,1,0.9158124264201721,1,0.6189854019913419,1
main_scaled,RBF SVM,3,2,495,0,0.03395935100457641,0,0.6189854019913419,0
main_scaled,RBF SVM,3,2,496,0,0.023840492661126818,0,0.6189854019913419,0
main_scaled,RBF SVM,3,2,506,0,0.0004905366469324272,0,0.6189854019913419,0
main_scaled,RBF SVM,3,2,508,0,0.02985798875672591,0,0.6189854019913419,0
main_scaled,RBF SVM,3,2,510,0,3.4155137035516324e-05,0,0.6189854019913419,0
main_scaled,RBF SVM,3,2,513,0,0.01906681339614366,0,0.6189854019913419,0
main_scaled,RBF SVM,3,2,515,0,0.0003425908250339364,0,0.6189854019913419,0
main_scaled,RBF SVM,3,2,517,1,0.9999999911358083,1,0.6189854019913419,1
main_scaled,RBF SVM,3,2,518,0,0.045656686933763575,0,0.6189854019913419,0
main_scaled,RBF SVM,3,2,520,0,0.02096646483631001,0,0.6189854019913419,0
main_scaled,RBF SVM,3,2,522,0,0.0008728848762057894,0,0.6189854019913419,0
main_scaled,RBF SVM,3,2,538,0,0.011726610260418388,0,0.6189854019913419,0
main_scaled,RBF SVM,3,2,540,0,0.00010419707265184903,0,0.6189854019913419,0
main_scaled,RBF SVM,3,2,542,0,0.20834333326446083,0,0.6189854019913419,0
main_scaled,RBF SVM,3,2,561,0,0.05241723310691298,0,0.6189854019913419,0
main_scaled,RBF SVM,3,2,565,1,0.999994903755398,1,0.6189854019913419,1
main_scaled,RBF SVM,3,2,566,1,0.9926005531680651,1,0.6189854019913419,1
main_scaled,RBF SVM,3,3,0,1,0.9999998338397358,1,0.26433244915474396,1
main_scaled,RBF SVM,3,3,16,1,0.9954204443318507,1,0.26433244915474396,1
main_scaled,RBF SVM,3,3,18,1,0.9999999999980046,1,0.26433244915474396,1
main_scaled,RBF SVM,3,3,23,1,0.9999999999864524,1,0.26433244915474396,1
main_scaled,RBF SVM,3,3,47,1,0.993655634395973,1,0.26433244915474396,1
main_scaled,RBF SVM,3,3,52,0,0.002327093718200609,0,0.26433244915474396,0
main_scaled,RBF SVM,3,3,55,0,0.007625629195694346,0,0.26433244915474396,0
main_scaled,RBF SVM,3,3,56,1,0.999999999912238,1,0.26433244915474396,1
main_scaled,RBF SVM,3,3,59,0,0.00042427764536934296,0,0.26433244915474396,0
main_scaled,RBF SVM,3,3,74,0,0.002108725890747206,0,0.26433244915474396,0
main_scaled,RBF SVM,3,3,86,1,0.6942155172071195,1,0.26433244915474396,1
main_scaled,RBF SVM,3,3,88,0,0.03334546269533019,0,0.26433244915474396,0
main_scaled,RBF SVM,3,3,90,0,0.04986576074123719,0,0.26433244915474396,0
main_scaled,RBF SVM,3,3,94,1,0.9928340315459252,1,0.26433244915474396,1
main_scaled,RBF SVM,3,3,99,1,0.4914175153102159,0,0.26433244915474396,1
main_scaled,RBF SVM,3,3,112,0,0.07594416587550283,0,0.26433244915474396,0
main_scaled,RBF SVM,3,3,119,1,0.9999965474085186,1,0.26433244915474396,1
main_scaled,RBF SVM,3,3,120,0,0.0008622351114145766,0,0.26433244915474396,0
main_scaled,RBF SVM,3,3,121,1,0.9999998855123723,1,0.26433244915474396,1
main_scaled,RBF SVM,3,3,126,1,0.9598302982734999,1,0.26433244915474396,1
main_scaled,RBF SVM,3,3,134,1,0.9999999927885564,1,0.26433244915474396,1
main_scaled,RBF SVM,3,3,136,0,0.006106223140185709,0,0.26433244915474396,0
main_scaled,RBF SVM,3,3,138,1,0.9999978726429786,1,0.26433244915474396,1
main_scaled,RBF SVM,3,3,139,0,0.00011035143926075231,0,0.26433244915474396,0
main_scaled,RBF SVM,3,3,156,1,0.9999945030619211,1,0.26433244915474396,1
main_scaled,RBF SVM,3,3,157,0,0.20232238906624062,0,0.26433244915474396,0
main_scaled,RBF SVM,3,3,166,0,0.00014522231918838625,0,0.26433244915474396,0
main_scaled,RBF SVM,3,3,170,0,0.0007523271237371455,0,0.26433244915474396,0
main_scaled,RBF SVM,3,3,171,1,0.9135047543951862,1,0.26433244915474396,1
main_scaled,RBF SVM,3,3,174,0,0.00026872336373492213,0,0.26433244915474396,0
main_scaled,RBF SVM,3,3,175,0,0.0001008104876954645,0,0.26433244915474396,0
main_scaled,RBF SVM,3,3,178,0,0.009934016011343222,0,0.26433244915474396,0
main_scaled,RBF SVM,3,3,185,0,0.0010797486616348406,0,0.26433244915474396,0
main_scaled,RBF SVM,3,3,190,1,0.5339277836877333,1,0.26433244915474396,1
main_scaled,RBF SVM,3,3,193,1,0.9072595862548737,1,0.26433244915474396,1
main_scaled,RBF SVM,3,3,194,1,0.7515188674148641,1,0.26433244915474396,1
main_scaled,RBF SVM,3,3,195,0,0.00316197545030725,0,0.26433244915474396,0
main_scaled,RBF SVM,3,3,197,1,0.8020550686581609,1,0.26433244915474396,1
main_scaled,RBF SVM,3,3,198,1,0.9999992601561979,1,0.26433244915474396,1
main_scaled,RBF SVM,3,3,205,1,0.5870386541915288,1,0.26433244915474396,1
main_scaled,RBF SVM,3,3,209,0,0.025882034727370048,0,0.26433244915474396,0
main_scaled,RBF SVM,3,3,210,1,0.999999998820116,1,0.26433244915474396,1
main_scaled,RBF SVM,3,3,211,0,0.0016600630005725375,0,0.26433244915474396,0
main_scaled,RBF SVM,3,3,216,0,0.0029983077499653376,0,0.26433244915474396,0
main_scaled,RBF SVM,3,3,218,1,0.9999999997899254,1,0.26433244915474396,1
main_scaled,RBF SVM,3,3,236,1,0.9999999999964088,1,0.26433244915474396,1
main_scaled,RBF SVM,3,3,239,1,0.9999999850080803,1,0.26433244915474396,1
main_scaled,RBF SVM,3,3,241,0,0.0014946345727680256,0,0.26433244915474396,0
main_scaled,RBF SVM,3,3,245,0,0.026578167794307266,0,0.26433244915474396,0
main_scaled,RBF SVM,3,3,249,0,0.00187274958550391,0,0.26433244915474396,0
main_scaled,RBF SVM,3,3,252,1,0.9999999983053027,1,0.26433244915474396,1
main_scaled,RBF SVM,3,3,255,1,0.26433244915474396,0,0.26433244915474396,1
main_scaled,RBF SVM,3,3,261,1,0.8661879320240927,1,0.26433244915474396,1
main_scaled,RBF SVM,3,3,267,0,0.004165535736902699,0,0.26433244915474396,0
main_scaled,RBF SVM,3,3,269,0,0.00028440476927112595,0,0.26433244915474396,0
main_scaled,RBF SVM,3,3,278,0,0.014411320719035838,0,0.26433244915474396,0
main_scaled,RBF SVM,3,3,284,0,0.0009677458755926914,0,0.26433244915474396,0
main_scaled,RBF SVM,3,3,285,0,0.0007501524064531583,0,0.26433244915474396,0
main_scaled,RBF SVM,3,3,300,1,0.9999999999669458,1,0.26433244915474396,1
main_scaled,RBF SVM,3,3,304,0,0.00021205344714400053,0,0.26433244915474396,0
main_scaled,RBF SVM,3,3,308,0,0.0010525472975958002,0,0.26433244915474396,0
main_scaled,RBF SVM,3,3,312,0,0.00033198406827783495,0,0.26433244915474396,0
main_scaled,RBF SVM,3,3,316,0,0.00040958932996098515,0,0.26433244915474396,0
main_scaled,RBF SVM,3,3,319,0,0.0008499899301797442,0,0.26433244915474396,0
main_scaled,RBF SVM,3,3,323,1,0.9999999999870065,1,0.26433244915474396,1
main_scaled,RBF SVM,3,3,324,0,0.0014425708804687676,0,0.26433244915474396,0
main_scaled,RBF SVM,3,3,328,1,0.99999810924936,1,0.26433244915474396,1
main_scaled,RBF SVM,3,3,330,1,0.9136767184029595,1,0.26433244915474396,1
main_scaled,RBF SVM,3,3,333,0,0.0006180735324341637,0,0.26433244915474396,0
main_scaled,RBF SVM,3,3,346,0,0.0030819859144471276,0,0.26433244915474396,0
main_scaled,RBF SVM,3,3,361,0,0.005723575089935097,0,0.26433244915474396,0
main_scaled,RBF SVM,3,3,364,0,0.004267029015394782,0,0.26433244915474396,0
main_scaled,RBF SVM,3,3,367,0,0.017364831914705572,0,0.26433244915474396,0
main_scaled,RBF SVM,3,3,373,1,0.9999999956231597,1,0.26433244915474396,1
main_scaled,RBF SVM,3,3,375,0,0.06184857413922738,0,0.26433244915474396,0
main_scaled,RBF SVM,3,3,376,0,0.006428919925033653,0,0.26433244915474396,0
main_scaled,RBF SVM,3,3,377,0,0.05542258406118045,0,0.26433244915474396,0
main_scaled,RBF SVM,3,3,378,0,0.0022696104154213523,0,0.26433244915474396,0
main_scaled,RBF SVM,3,3,393,1,0.9999999999818171,1,0.26433244915474396,1
main_scaled,RBF SVM,3,3,395,0,0.0027510930492283753,0,0.26433244915474396,0
main_scaled,RBF SVM,3,3,401,0,0.0010581703213442429,0,0.26433244915474396,0
main_scaled,RBF SVM,3,3,402,0,0.0006486466326216013,0,0.26433244915474396,0
main_scaled,RBF SVM,3,3,404,0,0.0010068836397468751,0,0.26433244915474396,0
main_scaled,RBF SVM,3,3,405,0,0.002994010254822467,0,0.26433244915474396,0
main_scaled,RBF SVM,3,3,406,0,0.08748039952357545,0,0.26433244915474396,0
main_scaled,RBF SVM,3,3,408,1,0.999996793077796,1,0.26433244915474396,1
main_scaled,RBF SVM,3,3,411,0,0.003038606275467718,0,0.26433244915474396,0
main_scaled,RBF SVM,3,3,415,0,0.002420683357992388,0,0.26433244915474396,0
main_scaled,RBF SVM,3,3,425,0,0.001313198135465748,0,0.26433244915474396,0
main_scaled,RBF SVM,3,3,426,0,0.0003229293242710668,0,0.26433244915474396,0
main_scaled,RBF SVM,3,3,435,1,0.9872208259282532,1,0.26433244915474396,1
main_scaled,RBF SVM,3,3,459,0,0.002714653784629398,0,0.26433244915474396,0
main_scaled,RBF SVM,3,3,474,0,0.00037209286872527545,0,0.26433244915474396,0
main_scaled,RBF SVM,3,3,475,0,0.0050540971186001475,0,0.26433244915474396,0
main_scaled,RBF SVM,3,3,483,0,0.01816911275823766,0,0.26433244915474396,0
main_scaled,RBF SVM,3,3,487,1,0.9999999999220474,1,0.26433244915474396,1
main_scaled,RBF SVM,3,3,493,0,0.00019310545430694984,0,0.26433244915474396,0
main_scaled,RBF SVM,3,3,497,0,0.007690144749230228,0,0.26433244915474396,0
main_scaled,RBF SVM,3,3,498,1,0.9999995865844541,1,0.26433244915474396,1
main_scaled,RBF SVM,3,3,500,0,0.05564297667965829,0,0.26433244915474396,0
main_scaled,RBF SVM,3,3,509,1,0.9957365981419527,1,0.26433244915474396,1
main_scaled,RBF SVM,3,3,525,0,0.000523661079880384,0,0.26433244915474396,0
main_scaled,RBF SVM,3,3,530,0,0.02128704740100209,0,0.26433244915474396,0
main_scaled,RBF SVM,3,3,532,0,0.014807157097543936,0,0.26433244915474396,0
main_scaled,RBF SVM,3,3,533,1,0.9999999744582275,1,0.26433244915474396,1
main_scaled,RBF SVM,3,3,534,0,0.00032028030661086993,0,0.26433244915474396,0
main_scaled,RBF SVM,3,3,543,0,0.05443580795208706,0,0.26433244915474396,0
main_scaled,RBF SVM,3,3,546,0,0.0003990558546632094,0,0.26433244915474396,0
main_scaled,RBF SVM,3,3,549,0,0.009799273849498214,0,0.26433244915474396,0
main_scaled,RBF SVM,3,3,551,0,0.0008352503791909071,0,0.26433244915474396,0
main_scaled,RBF SVM,3,3,553,0,0.0005469282962579377,0,0.26433244915474396,0
main_scaled,RBF SVM,3,3,555,0,0.006194548138844517,0,0.26433244915474396,0
main_scaled,RBF SVM,3,3,567,1,0.9999999858216545,1,0.26433244915474396,1
main_scaled,RBF SVM,3,3,568,0,0.0044895670539768845,0,0.26433244915474396,0
main_scaled,RBF SVM,3,4,2,1,0.9999999999098564,1,0.7933452577047929,1
main_scaled,RBF SVM,3,4,7,1,0.9449622674956618,1,0.7933452577047929,1
main_scaled,RBF SVM,3,4,13,1,0.938235154606077,1,0.7933452577047929,1
main_scaled,RBF SVM,3,4,17,1,0.9999999976538476,1,0.7933452577047929,1
main_scaled,RBF SVM,3,4,19,0,0.05266007914208879,0,0.7933452577047929,0
main_scaled,RBF SVM,3,4,20,0,0.0008074441183693046,0,0.7933452577047929,0
main_scaled,RBF SVM,3,4,21,0,1.5370711157480286e-05,0,0.7933452577047929,0
main_scaled,RBF SVM,3,4,22,1,0.9899991340667684,1,0.7933452577047929,1
main_scaled,RBF SVM,3,4,28,1,0.9999999995697062,1,0.7933452577047929,1
main_scaled,RBF SVM,3,4,37,0,5.3455556895563303e-05,0,0.7933452577047929,0
main_scaled,RBF SVM,3,4,39,1,0.942716265066491,1,0.7933452577047929,1
main_scaled,RBF SVM,3,4,44,1,0.9362652147446634,1,0.7933452577047929,1
main_scaled,RBF SVM,3,4,46,0,2.0243826710809086e-05,0,0.7933452577047929,0
main_scaled,RBF SVM,3,4,48,0,0.009596975247127047,0,0.7933452577047929,0
main_scaled,RBF SVM,3,4,58,0,0.0009505835066432349,0,0.7933452577047929,0
main_scaled,RBF SVM,3,4,63,0,5.505171463152321e-05,0,0.7933452577047929,0
main_scaled,RBF SVM,3,4,68,0,0.6685385949313641,1,0.7933452577047929,0
main_scaled,RBF SVM,3,4,72,1,0.999999996341933,1,0.7933452577047929,1
main_scaled,RBF SVM,3,4,82,1,0.9999999962899903,1,0.7933452577047929,1
main_scaled,RBF SVM,3,4,87,1,0.9999999999643219,1,0.7933452577047929,1
main_scaled,RBF SVM,3,4,95,1,0.9999999998408998,1,0.7933452577047929,1
main_scaled,RBF SVM,3,4,97,0,7.841420687323217e-05,0,0.7933452577047929,0
main_scaled,RBF SVM,3,4,98,0,0.0008679949088605071,0,0.7933452577047929,0
main_scaled,RBF SVM,3,4,103,0,0.002683538347585969,0,0.7933452577047929,0
main_scaled,RBF SVM,3,4,113,0,5.604183121166555e-05,0,0.7933452577047929,0
main_scaled,RBF SVM,3,4,127,1,0.9999956995818681,1,0.7933452577047929,1
main_scaled,RBF SVM,3,4,132,1,0.9999818395844124,1,0.7933452577047929,1
main_scaled,RBF SVM,3,4,141,1,0.9907080460686968,1,0.7933452577047929,1
main_scaled,RBF SVM,3,4,143,0,0.009565589989923289,0,0.7933452577047929,0
main_scaled,RBF SVM,3,4,147,0,0.009781452260319415,0,0.7933452577047929,0
main_scaled,RBF SVM,3,4,150,0,0.014132802690867582,0,0.7933452577047929,0
main_scaled,RBF SVM,3,4,152,0,0.7723524175064875,1,0.7933452577047929,0
main_scaled,RBF SVM,3,4,153,0,9.919695789135057e-05,0,0.7933452577047929,0
main_scaled,RBF SVM,3,4,155,0,0.002589866444817611,0,0.7933452577047929,0
main_scaled,RBF SVM,3,4,160,0,0.018248919652672856,0,0.7933452577047929,0
main_scaled,RBF SVM,3,4,165,0,0.007974897297818423,0,0.7933452577047929,0
main_scaled,RBF SVM,3,4,173,0,2.4973431962288848e-05,0,0.7933452577047929,0
main_scaled,RBF SVM,3,4,182,1,0.9999866157776869,1,0.7933452577047929,1
main_scaled,RBF SVM,3,4,184,1,0.7933452577047929,1,0.7933452577047929,1
main_scaled,RBF SVM,3,4,186,1,0.9967205049380102,1,0.7933452577047929,1
main_scaled,RBF SVM,3,4,187,0,0.001888750102753456,0,0.7933452577047929,0
main_scaled,RBF SVM,3,4,213,1,0.9495953054652492,1,0.7933452577047929,1
main_scaled,RBF SVM,3,4,214,1,0.9999867568269336,1,0.7933452577047929,1
main_scaled,RBF SVM,3,4,217,0,5.756875984393368e-05,0,0.7933452577047929,0
main_scaled,RBF SVM,3,4,221,0,0.006138089390761793,0,0.7933452577047929,0
main_scaled,RBF SVM,3,4,232,0,0.006334764664457176,0,0.7933452577047929,0
main_scaled,RBF SVM,3,4,235,0,0.01643556249108706,0,0.7933452577047929,0
main_scaled,RBF SVM,3,4,238,0,0.28593062520696033,0,0.7933452577047929,0
main_scaled,RBF SVM,3,4,240,0,0.0056919895683177416,0,0.7933452577047929,0
main_scaled,RBF SVM,3,4,246,0,0.0026341333137779536,0,0.7933452577047929,0
main_scaled,RBF SVM,3,4,254,1,0.9999999999023564,1,0.7933452577047929,1
main_scaled,RBF SVM,3,4,256,1,0.9999999999599093,1,0.7933452577047929,1
main_scaled,RBF SVM,3,4,257,1,0.9964194584964479,1,0.7933452577047929,1
main_scaled,RBF SVM,3,4,262,1,0.9999942779818444,1,0.7933452577047929,1
main_scaled,RBF SVM,3,4,265,1,0.9999999999855734,1,0.7933452577047929,1
main_scaled,RBF SVM,3,4,266,0,0.00033139314658128376,0,0.7933452577047929,0
main_scaled,RBF SVM,3,4,271,0,0.0001432728339929768,0,0.7933452577047929,0
main_scaled,RBF SVM,3,4,273,0,0.00032698621344831905,0,0.7933452577047929,0
main_scaled,RBF SVM,3,4,275,0,0.031055645109043073,0,0.7933452577047929,0
main_scaled,RBF SVM,3,4,277,1,0.9873114980260985,1,0.7933452577047929,1
main_scaled,RBF SVM,3,4,279,0,0.0039212965986011395,0,0.7933452577047929,0
main_scaled,RBF SVM,3,4,282,1,0.9999999997415404,1,0.7933452577047929,1
main_scaled,RBF SVM,3,4,286,0,0.0012715054898884642,0,0.7933452577047929,0
main_scaled,RBF SVM,3,4,290,0,0.1253628345096659,0,0.7933452577047929,0
main_scaled,RBF SVM,3,4,297,1,0.002285546385805859,0,0.7933452577047929,0
main_scaled,RBF SVM,3,4,315,0,0.00032378722360997756,0,0.7933452577047929,0
main_scaled,RBF SVM,3,4,320,0,9.61978320846926e-05,0,0.7933452577047929,0
main_scaled,RBF SVM,3,4,321,1,0.9999990676587229,1,0.7933452577047929,1
main_scaled,RBF SVM,3,4,335,1,0.9999999997859094,1,0.7933452577047929,1
main_scaled,RBF SVM,3,4,336,0,4.547644633273126e-05,0,0.7933452577047929,0
main_scaled,RBF SVM,3,4,339,1,0.9999999999980047,1,0.7933452577047929,1
main_scaled,RBF SVM,3,4,342,0,0.0004817767996289518,0,0.7933452577047929,0
main_scaled,RBF SVM,3,4,343,1,0.9999999998614882,1,0.7933452577047929,1
main_scaled,RBF SVM,3,4,344,0,0.0011446986796736147,0,0.7933452577047929,0
main_scaled,RBF SVM,3,4,360,0,0.0009687483926899658,0,0.7933452577047929,0
main_scaled,RBF SVM,3,4,365,1,0.999999992762015,1,0.7933452577047929,1
main_scaled,RBF SVM,3,4,372,1,0.9999929202373122,1,0.7933452577047929,1
main_scaled,RBF SVM,3,4,382,0,0.0002099174283024916,0,0.7933452577047929,0
main_scaled,RBF SVM,3,4,419,0,0.0004497194757124907,0,0.7933452577047929,0
main_scaled,RBF SVM,3,4,430,1,0.997227304520144,1,0.7933452577047929,1
main_scaled,RBF SVM,3,4,433,1,0.9999999995845728,1,0.7933452577047929,1
main_scaled,RBF SVM,3,4,434,0,0.009070529547277889,0,0.7933452577047929,0
main_scaled,RBF SVM,3,4,436,0,0.00476163072363936,0,0.7933452577047929,0
main_scaled,RBF SVM,3,4,439,0,0.0010336958334364558,0,0.7933452577047929,0
main_scaled,RBF SVM,3,4,443,0,8.795850556228843e-05,0,0.7933452577047929,0
main_scaled,RBF SVM,3,4,446,1,0.9999999999663386,1,0.7933452577047929,1
main_scaled,RBF SVM,3,4,447,0,0.053210064956333326,0,0.7933452577047929,0
main_scaled,RBF SVM,3,4,452,0,0.00738841564953381,0,0.7933452577047929,0
main_scaled,RBF SVM,3,4,453,0,0.00825375893043831,0,0.7933452577047929,0
main_scaled,RBF SVM,3,4,457,0,0.059925800768403883,0,0.7933452577047929,0
main_scaled,RBF SVM,3,4,465,0,0.19930196265321865,0,0.7933452577047929,0
main_scaled,RBF SVM,3,4,466,0,0.3098608017644522,0,0.7933452577047929,0
main_scaled,RBF SVM,3,4,480,0,0.0007831216829713861,0,0.7933452577047929,0
main_scaled,RBF SVM,3,4,481,0,0.04282804941260024,0,0.7933452577047929,0
main_scaled,RBF SVM,3,4,484,0,0.15051443251890914,0,0.7933452577047929,0
main_scaled,RBF SVM,3,4,485,0,0.04204829017207663,0,0.7933452577047929,0
main_scaled,RBF SVM,3,4,499,1,0.9999999999890513,1,0.7933452577047929,1
main_scaled,RBF SVM,3,4,501,1,0.9897822965071403,1,0.7933452577047929,1
main_scaled,RBF SVM,3,4,504,0,0.019761965658686452,0,0.7933452577047929,0
main_scaled,RBF SVM,3,4,505,0,0.023296761903337612,0,0.7933452577047929,0
main_scaled,RBF SVM,3,4,507,0,0.0009319125469745294,0,0.7933452577047929,0
main_scaled,RBF SVM,3,4,512,1,0.9951662350461018,1,0.7933452577047929,1
main_scaled,RBF SVM,3,4,516,1,0.9999999950082301,1,0.7933452577047929,1
main_scaled,RBF SVM,3,4,519,0,0.006127114151776257,0,0.7933452577047929,0
main_scaled,RBF SVM,3,4,523,0,0.02876458659884458,0,0.7933452577047929,0
main_scaled,RBF SVM,3,4,527,0,0.002187849193661795,0,0.7933452577047929,0
main_scaled,RBF SVM,3,4,528,0,0.03762470743612273,0,0.7933452577047929,0
main_scaled,RBF SVM,3,4,531,0,0.03058078116619353,0,0.7933452577047929,0
main_scaled,RBF SVM,3,4,539,0,0.001563879997081328,0,0.7933452577047929,0
main_scaled,RBF SVM,3,4,541,0,0.7351678868852601,1,0.7933452577047929,0
main_scaled,RBF SVM,3,4,545,0,0.018753758993791298,0,0.7933452577047929,0
main_scaled,RBF SVM,3,4,547,0,0.00010336472815237482,0,0.7933452577047929,0
main_scaled,RBF SVM,3,4,556,0,2.09463534984261e-05,0,0.7933452577047929,0
main_scaled,RBF SVM,3,4,564,1,0.9999999999966828,1,0.7933452577047929,1
main_scaled,RBF SVM,3,5,8,1,0.996914869275645,1,0.8112900210954272,1
main_scaled,RBF SVM,3,5,9,1,0.963797714541922,1,0.8112900210954272,1
main_scaled,RBF SVM,3,5,12,1,0.9786553341619791,1,0.8112900210954272,1
main_scaled,RBF SVM,3,5,15,1,0.999999410814976,1,0.8112900210954272,1
main_scaled,RBF SVM,3,5,24,1,0.9999999999921487,1,0.8112900210954272,1
main_scaled,RBF SVM,3,5,25,1,0.9999941062810758,1,0.8112900210954272,1
main_scaled,RBF SVM,3,5,29,1,0.9325035647109213,1,0.8112900210954272,1
main_scaled,RBF SVM,3,5,31,1,0.9899801741230908,1,0.8112900210954272,1
main_scaled,RBF SVM,3,5,33,1,0.9999999995965723,1,0.8112900210954272,1
main_scaled,RBF SVM,3,5,34,1,0.9999990203959228,1,0.8112900210954272,1
main_scaled,RBF SVM,3,5,35,1,0.9999999797849641,1,0.8112900210954272,1
main_scaled,RBF SVM,3,5,36,1,0.9827131469305871,1,0.8112900210954272,1
main_scaled,RBF SVM,3,5,41,1,0.8112900210954272,1,0.8112900210954272,1
main_scaled,RBF SVM,3,5,45,1,0.9999999937724559,1,0.8112900210954272,1
main_scaled,RBF SVM,3,5,49,0,0.20379850414217077,0,0.8112900210954272,0
main_scaled,RBF SVM,3,5,50,0,0.0035956025732189673,0,0.8112900210954272,0
main_scaled,RBF SVM,3,5,54,1,0.9641965262421556,1,0.8112900210954272,1
main_scaled,RBF SVM,3,5,64,1,0.9963622690535016,1,0.8112900210954272,1
main_scaled,RBF SVM,3,5,66,0,0.0016477340355404268,0,0.8112900210954272,0
main_scaled,RBF SVM,3,5,76,0,0.0010606298348503575,0,0.8112900210954272,0
main_scaled,RBF SVM,3,5,85,1,0.9999999908746734,1,0.8112900210954272,1
main_scaled,RBF SVM,3,5,89,0,0.16242948906787014,0,0.8112900210954272,0
main_scaled,RBF SVM,3,5,102,0,0.018420544424389253,0,0.8112900210954272,0
main_scaled,RBF SVM,3,5,105,1,0.9655340370204499,1,0.8112900210954272,1
main_scaled,RBF SVM,3,5,106,0,0.10544320341157304,0,0.8112900210954272,0
main_scaled,RBF SVM,3,5,109,0,0.09183490644060764,0,0.8112900210954272,0
main_scaled,RBF SVM,3,5,117,1,0.9999982310280296,1,0.8112900210954272,1
main_scaled,RBF SVM,3,5,125,0,0.00709251262394354,0,0.8112900210954272,0
main_scaled,RBF SVM,3,5,131,1,0.999987469394239,1,0.8112900210954272,1
main_scaled,RBF SVM,3,5,133,0,0.09343488119164421,0,0.8112900210954272,0
main_scaled,RBF SVM,3,5,137,0,0.0008733819262361768,0,0.8112900210954272,0
main_scaled,RBF SVM,3,5,146,1,0.8502054289090012,1,0.8112900210954272,1
main_scaled,RBF SVM,3,5,167,1,0.9854218251946553,1,0.8112900210954272,1
main_scaled,RBF SVM,3,5,168,1,0.9999999971374876,1,0.8112900210954272,1
main_scaled,RBF SVM,3,5,169,0,0.019210308164058085,0,0.8112900210954272,0
main_scaled,RBF SVM,3,5,172,1,0.9667816085320089,1,0.8112900210954272,1
main_scaled,RBF SVM,3,5,179,0,0.0006655253379002422,0,0.8112900210954272,0
main_scaled,RBF SVM,3,5,183,0,0.0001322402120784838,0,0.8112900210954272,0
main_scaled,RBF SVM,3,5,189,0,0.0005100508343269111,0,0.8112900210954272,0
main_scaled,RBF SVM,3,5,196,1,0.9887484613262228,1,0.8112900210954272,1
main_scaled,RBF SVM,3,5,199,1,0.9999986043217001,1,0.8112900210954272,1
main_scaled,RBF SVM,3,5,204,0,0.13505123803961455,0,0.8112900210954272,0
main_scaled,RBF SVM,3,5,207,1,0.9823598004185813,1,0.8112900210954272,1
main_scaled,RBF SVM,3,5,208,0,0.3808106221641733,0,0.8112900210954272,0
main_scaled,RBF SVM,3,5,226,0,0.00034323265388977074,0,0.8112900210954272,0
main_scaled,RBF SVM,3,5,227,0,0.05340702034810165,0,0.8112900210954272,0
main_scaled,RBF SVM,3,5,230,1,0.9999998586824511,1,0.8112900210954272,1
main_scaled,RBF SVM,3,5,231,0,0.0060748752713629004,0,0.8112900210954272,0
main_scaled,RBF SVM,3,5,234,0,0.0005452759025065304,0,0.8112900210954272,0
main_scaled,RBF SVM,3,5,242,0,0.05037108538222427,0,0.8112900210954272,0
main_scaled,RBF SVM,3,5,244,1,0.9999999860297267,1,0.8112900210954272,1
main_scaled,RBF SVM,3,5,253,1,0.9965416155113113,1,0.8112900210954272,1
main_scaled,RBF SVM,3,5,268,0,0.007627108436632024,0,0.8112900210954272,0
main_scaled,RBF SVM,3,5,270,0,0.002666874929544946,0,0.8112900210954272,0
main_scaled,RBF SVM,3,5,276,0,0.00029871084558119387,0,0.8112900210954272,0
main_scaled,RBF SVM,3,5,280,1,0.9999999999972793,1,0.8112900210954272,1
main_scaled,RBF SVM,3,5,281,0,0.004554633761227367,0,0.8112900210954272,0
main_scaled,RBF SVM,3,5,283,1,0.9860691260046393,1,0.8112900210954272,1
main_scaled,RBF SVM,3,5,287,0,0.0004707586951883472,0,0.8112900210954272,0
main_scaled,RBF SVM,3,5,293,0,0.010298596126999711,0,0.8112900210954272,0
main_scaled,RBF SVM,3,5,299,0,0.0005197510312451044,0,0.8112900210954272,0
main_scaled,RBF SVM,3,5,301,0,0.0019307880238679247,0,0.8112900210954272,0
main_scaled,RBF SVM,3,5,302,1,0.9999999980951154,1,0.8112900210954272,1
main_scaled,RBF SVM,3,5,305,0,0.0029890918761979854,0,0.8112900210954272,0
main_scaled,RBF SVM,3,5,307,0,0.0001297416800255283,0,0.8112900210954272,0
main_scaled,RBF SVM,3,5,311,0,0.017890574737120572,0,0.8112900210954272,0
main_scaled,RBF SVM,3,5,313,0,0.00012972992623337985,0,0.8112900210954272,0
main_scaled,RBF SVM,3,5,314,0,0.002444997946565696,0,0.8112900210954272,0
main_scaled,RBF SVM,3,5,329,1,0.9389230599058445,1,0.8112900210954272,1
main_scaled,RBF SVM,3,5,334,0,0.0026286082131858264,0,0.8112900210954272,0
main_scaled,RBF SVM,3,5,338,0,0.0014396538488958988,0,0.8112900210954272,0
main_scaled,RBF SVM,3,5,340,0,0.24418827876148075,0,0.8112900210954272,0
main_scaled,RBF SVM,3,5,348,0,0.003455611191196761,0,0.8112900210954272,0
main_scaled,RBF SVM,3,5,349,0,0.0003534836314476643,0,0.8112900210954272,0
main_scaled,RBF SVM,3,5,351,1,0.9908338236645529,1,0.8112900210954272,1
main_scaled,RBF SVM,3,5,353,1,0.9999956279287411,1,0.8112900210954272,1
main_scaled,RBF SVM,3,5,354,0,0.000136842026438004,0,0.8112900210954272,0
main_scaled,RBF SVM,3,5,355,0,0.0049605240135756,0,0.8112900210954272,0
main_scaled,RBF SVM,3,5,356,0,0.04551702388500848,0,0.8112900210954272,0
main_scaled,RBF SVM,3,5,363,0,0.44636409345798966,0,0.8112900210954272,0
main_scaled,RBF SVM,3,5,383,0,0.008894427935217787,0,0.8112900210954272,0
main_scaled,RBF SVM,3,5,385,1,0.8631621077911598,1,0.8112900210954272,1
main_scaled,RBF SVM,3,5,388,0,0.00026292728284922607,0,0.8112900210954272,0
main_scaled,RBF SVM,3,5,389,1,0.9999998949444167,1,0.8112900210954272,1
main_scaled,RBF SVM,3,5,390,0,0.00014303740722773484,0,0.8112900210954272,0
main_scaled,RBF SVM,3,5,392,1,0.9999999841842437,1,0.8112900210954272,1
main_scaled,RBF SVM,3,5,394,0,0.01413141149877492,0,0.8112900210954272,0
main_scaled,RBF SVM,3,5,396,0,0.2802071233333036,0,0.8112900210954272,0
main_scaled,RBF SVM,3,5,407,0,0.0017944834732888744,0,0.8112900210954272,0
main_scaled,RBF SVM,3,5,409,0,0.030700797463003762,0,0.8112900210954272,0
main_scaled,RBF SVM,3,5,420,0,0.010209434349523,0,0.8112900210954272,0
main_scaled,RBF SVM,3,5,427,0,0.02382625631605192,0,0.8112900210954272,0
main_scaled,RBF SVM,3,5,428,0,0.00021005274509236412,0,0.8112900210954272,0
main_scaled,RBF SVM,3,5,431,0,0.0011610208799129257,0,0.8112900210954272,0
main_scaled,RBF SVM,3,5,441,1,0.9999965633923518,1,0.8112900210954272,1
main_scaled,RBF SVM,3,5,442,0,0.0018775730369576605,0,0.8112900210954272,0
main_scaled,RBF SVM,3,5,450,0,0.00025941782882824065,0,0.8112900210954272,0
main_scaled,RBF SVM,3,5,463,0,0.006105021045348754,0,0.8112900210954272,0
main_scaled,RBF SVM,3,5,470,0,0.0026037673007553255,0,0.8112900210954272,0
main_scaled,RBF SVM,3,5,471,0,0.056442097631654996,0,0.8112900210954272,0
main_scaled,RBF SVM,3,5,477,0,0.005262018556027945,0,0.8112900210954272,0
main_scaled,RBF SVM,3,5,490,0,0.051891789074767596,0,0.8112900210954272,0
main_scaled,RBF SVM,3,5,491,0,0.1627888164378612,0,0.8112900210954272,0
main_scaled,RBF SVM,3,5,494,0,0.00857360288011794,0,0.8112900210954272,0
main_scaled,RBF SVM,3,5,502,0,0.007705450627585434,0,0.8112900210954272,0
main_scaled,RBF SVM,3,5,511,0,0.004673124048144778,0,0.8112900210954272,0
main_scaled,RBF SVM,3,5,521,1,0.9999999988401739,1,0.8112900210954272,1
main_scaled,RBF SVM,3,5,524,0,0.00040297177144115885,0,0.8112900210954272,0
main_scaled,RBF SVM,3,5,526,0,0.5578951407445644,1,0.8112900210954272,0
main_scaled,RBF SVM,3,5,529,0,0.0015177982043567174,0,0.8112900210954272,0
main_scaled,RBF SVM,3,5,557,0,0.002518698832072399,0,0.8112900210954272,0
main_scaled,RBF SVM,3,5,558,0,0.0254837004861738,0,0.8112900210954272,0
main_scaled,RBF SVM,3,5,562,1,0.9999985641157189,1,0.8112900210954272,1
